[0m16:06:12.106393 [debug] [MainThread]: Sending event: {'category': 'dbt', 'action': 'invocation', 'label': 'start', 'context': [<snowplow_tracker.self_describing_json.SelfDescribingJson object at 0xffff8f1d0050>, <snowplow_tracker.self_describing_json.SelfDescribingJson object at 0xffff8f3619d0>, <snowplow_tracker.self_describing_json.SelfDescribingJson object at 0xffff8f688bd0>]}


============================== 16:06:12.129903 | 1e61c141-3179-43ae-8db0-3e0e9e9b2915 ==============================
[0m16:06:12.129903 [info ] [MainThread]: Running with dbt=1.7.9
[0m16:06:12.130185 [debug] [MainThread]: running dbt with arguments {'printer_width': '80', 'indirect_selection': 'eager', 'write_json': 'True', 'log_cache_events': 'False', 'partial_parse': 'True', 'cache_selected_only': 'False', 'warn_error': 'None', 'debug': 'False', 'profiles_dir': '/opt/airflow/dbt', 'log_path': '/opt/airflow/dbt/logs', 'version_check': 'True', 'fail_fast': 'False', 'use_colors': 'True', 'use_experimental_parser': 'False', 'no_print': 'None', 'quiet': 'False', 'warn_error_options': 'WarnErrorOptions(include=[], exclude=[])', 'introspect': 'True', 'log_format': 'default', 'static_parser': 'True', 'target_path': 'None', 'invocation_command': 'dbt run --profiles-dir /opt/airflow/dbt --project-dir /opt/airflow/dbt --select staging', 'send_anonymous_usage_stats': 'True'}
[0m16:06:12.222192 [debug] [MainThread]: Sending event: {'category': 'dbt', 'action': 'project_id', 'label': '1e61c141-3179-43ae-8db0-3e0e9e9b2915', 'context': [<snowplow_tracker.self_describing_json.SelfDescribingJson object at 0xffff8f1d0650>]}
[0m16:06:12.251847 [debug] [MainThread]: Sending event: {'category': 'dbt', 'action': 'adapter_info', 'label': '1e61c141-3179-43ae-8db0-3e0e9e9b2915', 'context': [<snowplow_tracker.self_describing_json.SelfDescribingJson object at 0xffff8ed96990>]}
[0m16:06:12.252272 [info ] [MainThread]: Registered adapter: postgres=1.7.9
[0m16:06:12.255299 [debug] [MainThread]: checksum: 6ff0d83c3b46f350064523b4e08d9241403ad71d606ba49c4e670afba3668b39, vars: {}, profile: , target: , version: 1.7.9
[0m16:06:12.255834 [info ] [MainThread]: Unable to do partial parsing because saved manifest not found. Starting full parse.
[0m16:06:12.256079 [debug] [MainThread]: Sending event: {'category': 'dbt', 'action': 'partial_parser', 'label': '1e61c141-3179-43ae-8db0-3e0e9e9b2915', 'context': [<snowplow_tracker.self_describing_json.SelfDescribingJson object at 0xffff8ef5d390>]}
[0m16:06:12.577830 [debug] [MainThread]: Sending event: {'category': 'dbt', 'action': 'load_project', 'label': '1e61c141-3179-43ae-8db0-3e0e9e9b2915', 'context': [<snowplow_tracker.self_describing_json.SelfDescribingJson object at 0xffff8df86e90>]}
[0m16:06:12.586572 [debug] [MainThread]: Sending event: {'category': 'dbt', 'action': 'resource_counts', 'label': '1e61c141-3179-43ae-8db0-3e0e9e9b2915', 'context': [<snowplow_tracker.self_describing_json.SelfDescribingJson object at 0xffff8dfa0d10>]}
[0m16:06:12.586817 [info ] [MainThread]: Found 10 models, 0 sources, 0 exposures, 0 metrics, 401 macros, 0 groups, 0 semantic models
[0m16:06:12.587031 [debug] [MainThread]: Sending event: {'category': 'dbt', 'action': 'runnable_timing', 'label': '1e61c141-3179-43ae-8db0-3e0e9e9b2915', 'context': [<snowplow_tracker.self_describing_json.SelfDescribingJson object at 0xffff8e20f1d0>]}
[0m16:06:12.587809 [info ] [MainThread]: 
[0m16:06:12.588164 [debug] [MainThread]: Acquiring new postgres connection 'master'
[0m16:06:12.588768 [debug] [ThreadPool]: Acquiring new postgres connection 'list_foodingo_warehouse'
[0m16:06:12.593002 [debug] [ThreadPool]: Using postgres connection "list_foodingo_warehouse"
[0m16:06:12.593200 [debug] [ThreadPool]: On list_foodingo_warehouse: /* {"app": "dbt", "dbt_version": "1.7.9", "profile_name": "foodingo", "target_name": "dev", "connection_name": "list_foodingo_warehouse"} */

    select distinct nspname from pg_namespace
  
[0m16:06:12.593373 [debug] [ThreadPool]: Opening a new connection, currently in state init
[0m16:06:12.599073 [debug] [ThreadPool]: SQL status: SELECT 6 in 0.0 seconds
[0m16:06:12.599697 [debug] [ThreadPool]: On list_foodingo_warehouse: Close
[0m16:06:12.600324 [debug] [ThreadPool]: Re-using an available connection from the pool (formerly list_foodingo_warehouse, now create_foodingo_warehouse_analytics_analytics)
[0m16:06:12.600698 [debug] [ThreadPool]: Creating schema "database: "foodingo_warehouse"
schema: "analytics_analytics"
"
[0m16:06:12.602659 [debug] [ThreadPool]: Using postgres connection "create_foodingo_warehouse_analytics_analytics"
[0m16:06:12.602834 [debug] [ThreadPool]: On create_foodingo_warehouse_analytics_analytics: BEGIN
[0m16:06:12.602993 [debug] [ThreadPool]: Opening a new connection, currently in state closed
[0m16:06:12.605417 [debug] [ThreadPool]: SQL status: BEGIN in 0.0 seconds
[0m16:06:12.605636 [debug] [ThreadPool]: Using postgres connection "create_foodingo_warehouse_analytics_analytics"
[0m16:06:12.605809 [debug] [ThreadPool]: On create_foodingo_warehouse_analytics_analytics: /* {"app": "dbt", "dbt_version": "1.7.9", "profile_name": "foodingo", "target_name": "dev", "connection_name": "create_foodingo_warehouse_analytics_analytics"} */
create schema if not exists "analytics_analytics"
[0m16:06:12.606650 [debug] [ThreadPool]: SQL status: CREATE SCHEMA in 0.0 seconds
[0m16:06:12.607038 [debug] [ThreadPool]: On create_foodingo_warehouse_analytics_analytics: COMMIT
[0m16:06:12.607188 [debug] [ThreadPool]: Using postgres connection "create_foodingo_warehouse_analytics_analytics"
[0m16:06:12.607362 [debug] [ThreadPool]: On create_foodingo_warehouse_analytics_analytics: COMMIT
[0m16:06:12.607735 [debug] [ThreadPool]: SQL status: COMMIT in 0.0 seconds
[0m16:06:12.607899 [debug] [ThreadPool]: On create_foodingo_warehouse_analytics_analytics: Close
[0m16:06:12.608823 [debug] [ThreadPool]: Re-using an available connection from the pool (formerly create_foodingo_warehouse_analytics_analytics, now list_foodingo_warehouse_analytics_analytics)
[0m16:06:12.611075 [debug] [ThreadPool]: Using postgres connection "list_foodingo_warehouse_analytics_analytics"
[0m16:06:12.611271 [debug] [ThreadPool]: On list_foodingo_warehouse_analytics_analytics: BEGIN
[0m16:06:12.611426 [debug] [ThreadPool]: Opening a new connection, currently in state closed
[0m16:06:12.613721 [debug] [ThreadPool]: SQL status: BEGIN in 0.0 seconds
[0m16:06:12.613894 [debug] [ThreadPool]: Using postgres connection "list_foodingo_warehouse_analytics_analytics"
[0m16:06:12.614068 [debug] [ThreadPool]: On list_foodingo_warehouse_analytics_analytics: /* {"app": "dbt", "dbt_version": "1.7.9", "profile_name": "foodingo", "target_name": "dev", "connection_name": "list_foodingo_warehouse_analytics_analytics"} */
select
      'foodingo_warehouse' as database,
      tablename as name,
      schemaname as schema,
      'table' as type
    from pg_tables
    where schemaname ilike 'analytics_analytics'
    union all
    select
      'foodingo_warehouse' as database,
      viewname as name,
      schemaname as schema,
      'view' as type
    from pg_views
    where schemaname ilike 'analytics_analytics'
    union all
    select
      'foodingo_warehouse' as database,
      matviewname as name,
      schemaname as schema,
      'materialized_view' as type
    from pg_matviews
    where schemaname ilike 'analytics_analytics'
  
[0m16:06:12.617688 [debug] [ThreadPool]: SQL status: SELECT 0 in 0.0 seconds
[0m16:06:12.618163 [debug] [ThreadPool]: On list_foodingo_warehouse_analytics_analytics: ROLLBACK
[0m16:06:12.618354 [debug] [ThreadPool]: On list_foodingo_warehouse_analytics_analytics: Close
[0m16:06:12.620090 [debug] [MainThread]: Using postgres connection "master"
[0m16:06:12.620291 [debug] [MainThread]: On master: BEGIN
[0m16:06:12.620441 [debug] [MainThread]: Opening a new connection, currently in state init
[0m16:06:12.622501 [debug] [MainThread]: SQL status: BEGIN in 0.0 seconds
[0m16:06:12.622666 [debug] [MainThread]: Using postgres connection "master"
[0m16:06:12.622874 [debug] [MainThread]: On master: /* {"app": "dbt", "dbt_version": "1.7.9", "profile_name": "foodingo", "target_name": "dev", "connection_name": "master"} */
with relation as (
        select
            pg_rewrite.ev_class as class,
            pg_rewrite.oid as id
        from pg_rewrite
    ),
    class as (
        select
            oid as id,
            relname as name,
            relnamespace as schema,
            relkind as kind
        from pg_class
    ),
    dependency as (
        select distinct
            pg_depend.objid as id,
            pg_depend.refobjid as ref
        from pg_depend
    ),
    schema as (
        select
            pg_namespace.oid as id,
            pg_namespace.nspname as name
        from pg_namespace
        where nspname != 'information_schema' and nspname not like 'pg\_%'
    ),
    referenced as (
        select
            relation.id AS id,
            referenced_class.name ,
            referenced_class.schema ,
            referenced_class.kind
        from relation
        join class as referenced_class on relation.class=referenced_class.id
        where referenced_class.kind in ('r', 'v', 'm')
    ),
    relationships as (
        select
            referenced.name as referenced_name,
            referenced.schema as referenced_schema_id,
            dependent_class.name as dependent_name,
            dependent_class.schema as dependent_schema_id,
            referenced.kind as kind
        from referenced
        join dependency on referenced.id=dependency.id
        join class as dependent_class on dependency.ref=dependent_class.id
        where
            (referenced.name != dependent_class.name or
             referenced.schema != dependent_class.schema)
    )

    select
        referenced_schema.name as referenced_schema,
        relationships.referenced_name as referenced_name,
        dependent_schema.name as dependent_schema,
        relationships.dependent_name as dependent_name
    from relationships
    join schema as dependent_schema on relationships.dependent_schema_id=dependent_schema.id
    join schema as referenced_schema on relationships.referenced_schema_id=referenced_schema.id
    group by referenced_schema, referenced_name, dependent_schema, dependent_name
    order by referenced_schema, referenced_name, dependent_schema, dependent_name;
[0m16:06:12.628742 [debug] [MainThread]: SQL status: SELECT 48 in 0.0 seconds
[0m16:06:12.629473 [debug] [MainThread]: Sending event: {'category': 'dbt', 'action': 'runnable_timing', 'label': '1e61c141-3179-43ae-8db0-3e0e9e9b2915', 'context': [<snowplow_tracker.self_describing_json.SelfDescribingJson object at 0xffff8e186490>]}
[0m16:06:12.629712 [debug] [MainThread]: On master: ROLLBACK
[0m16:06:12.629928 [debug] [MainThread]: Using postgres connection "master"
[0m16:06:12.630090 [debug] [MainThread]: On master: BEGIN
[0m16:06:12.630309 [debug] [MainThread]: SQL status: BEGIN in 0.0 seconds
[0m16:06:12.630464 [debug] [MainThread]: On master: COMMIT
[0m16:06:12.630632 [debug] [MainThread]: Using postgres connection "master"
[0m16:06:12.630778 [debug] [MainThread]: On master: COMMIT
[0m16:06:12.630937 [debug] [MainThread]: SQL status: COMMIT in 0.0 seconds
[0m16:06:12.631069 [debug] [MainThread]: On master: Close
[0m16:06:12.631352 [info ] [MainThread]: Concurrency: 2 threads (target='dev')
[0m16:06:12.631532 [info ] [MainThread]: 
[0m16:06:12.636984 [debug] [Thread-1 (]: Began running node model.foodingo.stg_cart
[0m16:06:12.637184 [debug] [Thread-2 (]: Began running node model.foodingo.stg_orders
[0m16:06:12.637454 [info ] [Thread-1 (]: 1 of 3 START sql view model analytics_analytics.stg_cart ....................... [RUN]
[0m16:06:12.637704 [info ] [Thread-2 (]: 2 of 3 START sql view model analytics_analytics.stg_orders ..................... [RUN]
[0m16:06:12.638047 [debug] [Thread-1 (]: Re-using an available connection from the pool (formerly list_foodingo_warehouse_analytics_analytics, now model.foodingo.stg_cart)
[0m16:06:12.638382 [debug] [Thread-2 (]: Acquiring new postgres connection 'model.foodingo.stg_orders'
[0m16:06:12.638604 [debug] [Thread-1 (]: Began compiling node model.foodingo.stg_cart
[0m16:06:12.638789 [debug] [Thread-2 (]: Began compiling node model.foodingo.stg_orders
[0m16:06:12.641523 [debug] [Thread-1 (]: Writing injected SQL for node "model.foodingo.stg_cart"
[0m16:06:12.642593 [debug] [Thread-2 (]: Writing injected SQL for node "model.foodingo.stg_orders"
[0m16:06:12.644001 [debug] [Thread-1 (]: Timing info for model.foodingo.stg_cart (compile): 16:06:12.638970 => 16:06:12.643906
[0m16:06:12.644201 [debug] [Thread-2 (]: Timing info for model.foodingo.stg_orders (compile): 16:06:12.641690 => 16:06:12.644103
[0m16:06:12.644607 [debug] [Thread-2 (]: Began executing node model.foodingo.stg_orders
[0m16:06:12.644407 [debug] [Thread-1 (]: Began executing node model.foodingo.stg_cart
[0m16:06:12.657756 [debug] [Thread-2 (]: Writing runtime sql for node "model.foodingo.stg_orders"
[0m16:06:12.659386 [debug] [Thread-1 (]: Writing runtime sql for node "model.foodingo.stg_cart"
[0m16:06:12.660442 [debug] [Thread-2 (]: Using postgres connection "model.foodingo.stg_orders"
[0m16:06:12.660614 [debug] [Thread-1 (]: Using postgres connection "model.foodingo.stg_cart"
[0m16:06:12.660939 [debug] [Thread-1 (]: On model.foodingo.stg_cart: BEGIN
[0m16:06:12.660777 [debug] [Thread-2 (]: On model.foodingo.stg_orders: BEGIN
[0m16:06:12.661097 [debug] [Thread-1 (]: Opening a new connection, currently in state closed
[0m16:06:12.661296 [debug] [Thread-2 (]: Opening a new connection, currently in state init
[0m16:06:12.664144 [debug] [Thread-1 (]: SQL status: BEGIN in 0.0 seconds
[0m16:06:12.664385 [debug] [Thread-1 (]: Using postgres connection "model.foodingo.stg_cart"
[0m16:06:12.664597 [debug] [Thread-1 (]: On model.foodingo.stg_cart: /* {"app": "dbt", "dbt_version": "1.7.9", "profile_name": "foodingo", "target_name": "dev", "node_id": "model.foodingo.stg_cart"} */

  create view "foodingo_warehouse"."analytics_analytics"."stg_cart__dbt_tmp"
    
    
  as (
    -- models/staging/stg_cart.sql


SELECT
    user_id,
    food_id,
    quantity,
    event_type,
    event_timestamp,
    ingested_at
FROM raw.cart_events
WHERE user_id IS NOT NULL
  );
[0m16:06:12.664926 [debug] [Thread-2 (]: SQL status: BEGIN in 0.0 seconds
[0m16:06:12.665114 [debug] [Thread-2 (]: Using postgres connection "model.foodingo.stg_orders"
[0m16:06:12.665335 [debug] [Thread-2 (]: On model.foodingo.stg_orders: /* {"app": "dbt", "dbt_version": "1.7.9", "profile_name": "foodingo", "target_name": "dev", "node_id": "model.foodingo.stg_orders"} */

  create view "foodingo_warehouse"."analytics_analytics"."stg_orders__dbt_tmp"
    
    
  as (
    -- models/staging/stg_orders.sql
-- Cleans raw order events: deduplicates, casts types, filters to paid orders only



WITH deduped AS (
    SELECT
        order_id,
        user_id,
        user_address,
        email,
        phone_number,
        amount::DECIMAL(10,2)   AS amount,
        payment_status,
        order_status,
        razorpay_order_id,
        razorpay_payment_id,
        ordered_items,
        event_type,
        event_timestamp,
        ingested_at,
        ROW_NUMBER() OVER (
            PARTITION BY order_id, event_type
            ORDER BY event_timestamp DESC
        ) AS rn
    FROM raw.order_events
    WHERE order_id IS NOT NULL
)

SELECT
    order_id,
    user_id,
    user_address,
    email,
    phone_number,
    amount,
    payment_status,
    order_status,
    razorpay_order_id,
    razorpay_payment_id,
    ordered_items,
    event_type,
    event_timestamp,
    ingested_at
FROM deduped
WHERE rn = 1
  );
[0m16:06:12.669588 [debug] [Thread-1 (]: SQL status: CREATE VIEW in 0.0 seconds
[0m16:06:12.672268 [debug] [Thread-1 (]: Using postgres connection "model.foodingo.stg_cart"
[0m16:06:12.672614 [debug] [Thread-1 (]: On model.foodingo.stg_cart: /* {"app": "dbt", "dbt_version": "1.7.9", "profile_name": "foodingo", "target_name": "dev", "node_id": "model.foodingo.stg_cart"} */
alter table "foodingo_warehouse"."analytics_analytics"."stg_cart__dbt_tmp" rename to "stg_cart"
[0m16:06:12.672412 [debug] [Thread-2 (]: SQL status: CREATE VIEW in 0.0 seconds
[0m16:06:12.674526 [debug] [Thread-2 (]: Using postgres connection "model.foodingo.stg_orders"
[0m16:06:12.674666 [debug] [Thread-1 (]: SQL status: ALTER TABLE in 0.0 seconds
[0m16:06:12.674827 [debug] [Thread-2 (]: On model.foodingo.stg_orders: /* {"app": "dbt", "dbt_version": "1.7.9", "profile_name": "foodingo", "target_name": "dev", "node_id": "model.foodingo.stg_orders"} */
alter table "foodingo_warehouse"."analytics_analytics"."stg_orders__dbt_tmp" rename to "stg_orders"
[0m16:06:12.680147 [debug] [Thread-1 (]: On model.foodingo.stg_cart: COMMIT
[0m16:06:12.680422 [debug] [Thread-1 (]: Using postgres connection "model.foodingo.stg_cart"
[0m16:06:12.680738 [debug] [Thread-1 (]: On model.foodingo.stg_cart: COMMIT
[0m16:06:12.680586 [debug] [Thread-2 (]: SQL status: ALTER TABLE in 0.0 seconds
[0m16:06:12.681434 [debug] [Thread-2 (]: On model.foodingo.stg_orders: COMMIT
[0m16:06:12.681631 [debug] [Thread-2 (]: Using postgres connection "model.foodingo.stg_orders"
[0m16:06:12.681814 [debug] [Thread-2 (]: On model.foodingo.stg_orders: COMMIT
[0m16:06:12.682441 [debug] [Thread-1 (]: SQL status: COMMIT in 0.0 seconds
[0m16:06:12.682581 [debug] [Thread-2 (]: SQL status: COMMIT in 0.0 seconds
[0m16:06:12.684815 [debug] [Thread-1 (]: Applying DROP to: "foodingo_warehouse"."analytics_analytics"."stg_cart__dbt_backup"
[0m16:06:12.685778 [debug] [Thread-2 (]: Applying DROP to: "foodingo_warehouse"."analytics_analytics"."stg_orders__dbt_backup"
[0m16:06:12.688063 [debug] [Thread-2 (]: Using postgres connection "model.foodingo.stg_orders"
[0m16:06:12.687688 [debug] [Thread-1 (]: Using postgres connection "model.foodingo.stg_cart"
[0m16:06:12.688428 [debug] [Thread-1 (]: On model.foodingo.stg_cart: /* {"app": "dbt", "dbt_version": "1.7.9", "profile_name": "foodingo", "target_name": "dev", "node_id": "model.foodingo.stg_cart"} */
drop view if exists "foodingo_warehouse"."analytics_analytics"."stg_cart__dbt_backup" cascade
[0m16:06:12.688231 [debug] [Thread-2 (]: On model.foodingo.stg_orders: /* {"app": "dbt", "dbt_version": "1.7.9", "profile_name": "foodingo", "target_name": "dev", "node_id": "model.foodingo.stg_orders"} */
drop view if exists "foodingo_warehouse"."analytics_analytics"."stg_orders__dbt_backup" cascade
[0m16:06:12.688695 [debug] [Thread-1 (]: SQL status: DROP VIEW in 0.0 seconds
[0m16:06:12.688839 [debug] [Thread-2 (]: SQL status: DROP VIEW in 0.0 seconds
[0m16:06:12.689922 [debug] [Thread-2 (]: Timing info for model.foodingo.stg_orders (execute): 16:06:12.644722 => 16:06:12.689851
[0m16:06:12.689358 [debug] [Thread-1 (]: Timing info for model.foodingo.stg_cart (execute): 16:06:12.657867 => 16:06:12.689281
[0m16:06:12.690113 [debug] [Thread-2 (]: On model.foodingo.stg_orders: Close
[0m16:06:12.690665 [debug] [Thread-2 (]: Sending event: {'category': 'dbt', 'action': 'run_model', 'label': '1e61c141-3179-43ae-8db0-3e0e9e9b2915', 'context': [<snowplow_tracker.self_describing_json.SelfDescribingJson object at 0xffff8df77590>]}
[0m16:06:12.690295 [debug] [Thread-1 (]: On model.foodingo.stg_cart: Close
[0m16:06:12.690966 [info ] [Thread-2 (]: 2 of 3 OK created sql view model analytics_analytics.stg_orders ................ [[32mCREATE VIEW[0m in 0.05s]
[0m16:06:12.691623 [debug] [Thread-2 (]: Finished running node model.foodingo.stg_orders
[0m16:06:12.691347 [debug] [Thread-1 (]: Sending event: {'category': 'dbt', 'action': 'run_model', 'label': '1e61c141-3179-43ae-8db0-3e0e9e9b2915', 'context': [<snowplow_tracker.self_describing_json.SelfDescribingJson object at 0xffff8e211ad0>]}
[0m16:06:12.692130 [info ] [Thread-1 (]: 1 of 3 OK created sql view model analytics_analytics.stg_cart .................. [[32mCREATE VIEW[0m in 0.05s]
[0m16:06:12.691846 [debug] [Thread-2 (]: Began running node model.foodingo.stg_users
[0m16:06:12.692603 [info ] [Thread-2 (]: 3 of 3 START sql view model analytics_analytics.stg_users ...................... [RUN]
[0m16:06:12.692398 [debug] [Thread-1 (]: Finished running node model.foodingo.stg_cart
[0m16:06:12.692891 [debug] [Thread-2 (]: Re-using an available connection from the pool (formerly model.foodingo.stg_orders, now model.foodingo.stg_users)
[0m16:06:12.693157 [debug] [Thread-2 (]: Began compiling node model.foodingo.stg_users
[0m16:06:12.694155 [debug] [Thread-2 (]: Writing injected SQL for node "model.foodingo.stg_users"
[0m16:06:12.694669 [debug] [Thread-2 (]: Timing info for model.foodingo.stg_users (compile): 16:06:12.693296 => 16:06:12.694581
[0m16:06:12.694839 [debug] [Thread-2 (]: Began executing node model.foodingo.stg_users
[0m16:06:12.696585 [debug] [Thread-2 (]: Writing runtime sql for node "model.foodingo.stg_users"
[0m16:06:12.696987 [debug] [Thread-2 (]: Using postgres connection "model.foodingo.stg_users"
[0m16:06:12.697149 [debug] [Thread-2 (]: On model.foodingo.stg_users: BEGIN
[0m16:06:12.697332 [debug] [Thread-2 (]: Opening a new connection, currently in state closed
[0m16:06:12.699619 [debug] [Thread-2 (]: SQL status: BEGIN in 0.0 seconds
[0m16:06:12.699798 [debug] [Thread-2 (]: Using postgres connection "model.foodingo.stg_users"
[0m16:06:12.699986 [debug] [Thread-2 (]: On model.foodingo.stg_users: /* {"app": "dbt", "dbt_version": "1.7.9", "profile_name": "foodingo", "target_name": "dev", "node_id": "model.foodingo.stg_users"} */

  create view "foodingo_warehouse"."analytics_analytics"."stg_users__dbt_tmp"
    
    
  as (
    -- models/staging/stg_users.sql


SELECT
    user_id,
    email,
    name,
    event_type,
    event_timestamp,
    ingested_at
FROM raw.user_events
WHERE user_id IS NOT NULL
  );
[0m16:06:12.701329 [debug] [Thread-2 (]: SQL status: CREATE VIEW in 0.0 seconds
[0m16:06:12.702470 [debug] [Thread-2 (]: Using postgres connection "model.foodingo.stg_users"
[0m16:06:12.702663 [debug] [Thread-2 (]: On model.foodingo.stg_users: /* {"app": "dbt", "dbt_version": "1.7.9", "profile_name": "foodingo", "target_name": "dev", "node_id": "model.foodingo.stg_users"} */
alter table "foodingo_warehouse"."analytics_analytics"."stg_users__dbt_tmp" rename to "stg_users"
[0m16:06:12.702951 [debug] [Thread-2 (]: SQL status: ALTER TABLE in 0.0 seconds
[0m16:06:12.703707 [debug] [Thread-2 (]: On model.foodingo.stg_users: COMMIT
[0m16:06:12.703890 [debug] [Thread-2 (]: Using postgres connection "model.foodingo.stg_users"
[0m16:06:12.704051 [debug] [Thread-2 (]: On model.foodingo.stg_users: COMMIT
[0m16:06:12.704534 [debug] [Thread-2 (]: SQL status: COMMIT in 0.0 seconds
[0m16:06:12.705385 [debug] [Thread-2 (]: Applying DROP to: "foodingo_warehouse"."analytics_analytics"."stg_users__dbt_backup"
[0m16:06:12.705832 [debug] [Thread-2 (]: Using postgres connection "model.foodingo.stg_users"
[0m16:06:12.706056 [debug] [Thread-2 (]: On model.foodingo.stg_users: /* {"app": "dbt", "dbt_version": "1.7.9", "profile_name": "foodingo", "target_name": "dev", "node_id": "model.foodingo.stg_users"} */
drop view if exists "foodingo_warehouse"."analytics_analytics"."stg_users__dbt_backup" cascade
[0m16:06:12.706380 [debug] [Thread-2 (]: SQL status: DROP VIEW in 0.0 seconds
[0m16:06:12.706921 [debug] [Thread-2 (]: Timing info for model.foodingo.stg_users (execute): 16:06:12.694951 => 16:06:12.706841
[0m16:06:12.707100 [debug] [Thread-2 (]: On model.foodingo.stg_users: Close
[0m16:06:12.707432 [debug] [Thread-2 (]: Sending event: {'category': 'dbt', 'action': 'run_model', 'label': '1e61c141-3179-43ae-8db0-3e0e9e9b2915', 'context': [<snowplow_tracker.self_describing_json.SelfDescribingJson object at 0xffff8e055250>]}
[0m16:06:12.707711 [info ] [Thread-2 (]: 3 of 3 OK created sql view model analytics_analytics.stg_users ................. [[32mCREATE VIEW[0m in 0.01s]
[0m16:06:12.707990 [debug] [Thread-2 (]: Finished running node model.foodingo.stg_users
[0m16:06:12.708764 [debug] [MainThread]: Using postgres connection "master"
[0m16:06:12.708957 [debug] [MainThread]: On master: BEGIN
[0m16:06:12.709129 [debug] [MainThread]: Opening a new connection, currently in state closed
[0m16:06:12.711237 [debug] [MainThread]: SQL status: BEGIN in 0.0 seconds
[0m16:06:12.711417 [debug] [MainThread]: On master: COMMIT
[0m16:06:12.711564 [debug] [MainThread]: Using postgres connection "master"
[0m16:06:12.711741 [debug] [MainThread]: On master: COMMIT
[0m16:06:12.711945 [debug] [MainThread]: SQL status: COMMIT in 0.0 seconds
[0m16:06:12.712109 [debug] [MainThread]: On master: Close
[0m16:06:12.717311 [debug] [MainThread]: Connection 'master' was properly closed.
[0m16:06:12.717492 [debug] [MainThread]: Connection 'model.foodingo.stg_cart' was properly closed.
[0m16:06:12.717671 [debug] [MainThread]: Connection 'model.foodingo.stg_users' was properly closed.
[0m16:06:12.717865 [info ] [MainThread]: 
[0m16:06:12.718035 [info ] [MainThread]: Finished running 3 view models in 0 hours 0 minutes and 0.13 seconds (0.13s).
[0m16:06:12.718409 [debug] [MainThread]: Command end result
[0m16:06:12.724046 [info ] [MainThread]: 
[0m16:06:12.724239 [info ] [MainThread]: [32mCompleted successfully[0m
[0m16:06:12.724431 [info ] [MainThread]: 
[0m16:06:12.724615 [info ] [MainThread]: Done. PASS=3 WARN=0 ERROR=0 SKIP=0 TOTAL=3
[0m16:06:12.725063 [debug] [MainThread]: Resource report: {"command_name": "run", "command_success": true, "command_wall_clock_time": 0.6406085, "process_user_time": 1.469985, "process_kernel_time": 0.361966, "process_mem_max_rss": "161488", "process_in_blocks": "16264", "process_out_blocks": "7039"}
[0m16:06:12.725326 [debug] [MainThread]: Command `dbt run` succeeded at 16:06:12.725267 after 0.64 seconds
[0m16:06:12.725535 [debug] [MainThread]: Sending event: {'category': 'dbt', 'action': 'invocation', 'label': 'end', 'context': [<snowplow_tracker.self_describing_json.SelfDescribingJson object at 0xffff8ef53e10>, <snowplow_tracker.self_describing_json.SelfDescribingJson object at 0xffff8f2dba10>, <snowplow_tracker.self_describing_json.SelfDescribingJson object at 0xffff8df75990>]}
[0m16:06:12.725734 [debug] [MainThread]: Flushing usage events
[0m16:06:15.791696 [debug] [MainThread]: Sending event: {'category': 'dbt', 'action': 'invocation', 'label': 'start', 'context': [<snowplow_tracker.self_describing_json.SelfDescribingJson object at 0xffff7e0a6950>, <snowplow_tracker.self_describing_json.SelfDescribingJson object at 0xffff7e369990>, <snowplow_tracker.self_describing_json.SelfDescribingJson object at 0xffff7e7d7c50>]}


============================== 16:06:15.794888 | bb6d0fa2-71b4-4273-8a50-dba612a66dca ==============================
[0m16:06:15.794888 [info ] [MainThread]: Running with dbt=1.7.9
[0m16:06:15.795198 [debug] [MainThread]: running dbt with arguments {'printer_width': '80', 'indirect_selection': 'eager', 'write_json': 'True', 'log_cache_events': 'False', 'partial_parse': 'True', 'cache_selected_only': 'False', 'profiles_dir': '/opt/airflow/dbt', 'fail_fast': 'False', 'debug': 'False', 'log_path': '/opt/airflow/dbt/logs', 'version_check': 'True', 'warn_error': 'None', 'use_colors': 'True', 'use_experimental_parser': 'False', 'no_print': 'None', 'quiet': 'False', 'log_format': 'default', 'invocation_command': 'dbt run --profiles-dir /opt/airflow/dbt --project-dir /opt/airflow/dbt --select staging', 'warn_error_options': 'WarnErrorOptions(include=[], exclude=[])', 'static_parser': 'True', 'target_path': 'None', 'introspect': 'True', 'send_anonymous_usage_stats': 'True'}
[0m16:06:15.875648 [debug] [MainThread]: Sending event: {'category': 'dbt', 'action': 'project_id', 'label': 'bb6d0fa2-71b4-4273-8a50-dba612a66dca', 'context': [<snowplow_tracker.self_describing_json.SelfDescribingJson object at 0xffff7d2e5f10>]}
[0m16:06:15.908286 [debug] [MainThread]: Sending event: {'category': 'dbt', 'action': 'adapter_info', 'label': 'bb6d0fa2-71b4-4273-8a50-dba612a66dca', 'context': [<snowplow_tracker.self_describing_json.SelfDescribingJson object at 0xffff7e0a6210>]}
[0m16:06:15.908812 [info ] [MainThread]: Registered adapter: postgres=1.7.9
[0m16:06:15.912108 [debug] [MainThread]: checksum: 6ff0d83c3b46f350064523b4e08d9241403ad71d606ba49c4e670afba3668b39, vars: {}, profile: , target: , version: 1.7.9
[0m16:06:15.923957 [debug] [MainThread]: Partial parsing enabled: 0 files deleted, 0 files added, 0 files changed.
[0m16:06:15.924350 [debug] [MainThread]: Partial parsing enabled, no changes found, skipping parsing
[0m16:06:15.926971 [debug] [MainThread]: Sending event: {'category': 'dbt', 'action': 'load_project', 'label': 'bb6d0fa2-71b4-4273-8a50-dba612a66dca', 'context': [<snowplow_tracker.self_describing_json.SelfDescribingJson object at 0xffff7d297590>]}
[0m16:06:15.936922 [debug] [MainThread]: Sending event: {'category': 'dbt', 'action': 'resource_counts', 'label': 'bb6d0fa2-71b4-4273-8a50-dba612a66dca', 'context': [<snowplow_tracker.self_describing_json.SelfDescribingJson object at 0xffff7cf12dd0>]}
[0m16:06:15.937201 [info ] [MainThread]: Found 10 models, 0 sources, 0 exposures, 0 metrics, 401 macros, 0 groups, 0 semantic models
[0m16:06:15.937441 [debug] [MainThread]: Sending event: {'category': 'dbt', 'action': 'runnable_timing', 'label': 'bb6d0fa2-71b4-4273-8a50-dba612a66dca', 'context': [<snowplow_tracker.self_describing_json.SelfDescribingJson object at 0xffff7ddc32d0>]}
[0m16:06:15.938187 [info ] [MainThread]: 
[0m16:06:15.938580 [debug] [MainThread]: Acquiring new postgres connection 'master'
[0m16:06:15.939188 [debug] [ThreadPool]: Acquiring new postgres connection 'list_foodingo_warehouse'
[0m16:06:15.944314 [debug] [ThreadPool]: Using postgres connection "list_foodingo_warehouse"
[0m16:06:15.944532 [debug] [ThreadPool]: On list_foodingo_warehouse: /* {"app": "dbt", "dbt_version": "1.7.9", "profile_name": "foodingo", "target_name": "dev", "connection_name": "list_foodingo_warehouse"} */

    select distinct nspname from pg_namespace
  
[0m16:06:15.944703 [debug] [ThreadPool]: Opening a new connection, currently in state init
[0m16:06:15.948835 [debug] [ThreadPool]: SQL status: SELECT 7 in 0.0 seconds
[0m16:06:15.949441 [debug] [ThreadPool]: On list_foodingo_warehouse: Close
[0m16:06:15.950497 [debug] [ThreadPool]: Re-using an available connection from the pool (formerly list_foodingo_warehouse, now list_foodingo_warehouse_analytics_analytics)
[0m16:06:15.952922 [debug] [ThreadPool]: Using postgres connection "list_foodingo_warehouse_analytics_analytics"
[0m16:06:15.953112 [debug] [ThreadPool]: On list_foodingo_warehouse_analytics_analytics: BEGIN
[0m16:06:15.953268 [debug] [ThreadPool]: Opening a new connection, currently in state closed
[0m16:06:15.955658 [debug] [ThreadPool]: SQL status: BEGIN in 0.0 seconds
[0m16:06:15.955860 [debug] [ThreadPool]: Using postgres connection "list_foodingo_warehouse_analytics_analytics"
[0m16:06:15.956068 [debug] [ThreadPool]: On list_foodingo_warehouse_analytics_analytics: /* {"app": "dbt", "dbt_version": "1.7.9", "profile_name": "foodingo", "target_name": "dev", "connection_name": "list_foodingo_warehouse_analytics_analytics"} */
select
      'foodingo_warehouse' as database,
      tablename as name,
      schemaname as schema,
      'table' as type
    from pg_tables
    where schemaname ilike 'analytics_analytics'
    union all
    select
      'foodingo_warehouse' as database,
      viewname as name,
      schemaname as schema,
      'view' as type
    from pg_views
    where schemaname ilike 'analytics_analytics'
    union all
    select
      'foodingo_warehouse' as database,
      matviewname as name,
      schemaname as schema,
      'materialized_view' as type
    from pg_matviews
    where schemaname ilike 'analytics_analytics'
  
[0m16:06:15.958680 [debug] [ThreadPool]: SQL status: SELECT 3 in 0.0 seconds
[0m16:06:15.959272 [debug] [ThreadPool]: On list_foodingo_warehouse_analytics_analytics: ROLLBACK
[0m16:06:15.959488 [debug] [ThreadPool]: On list_foodingo_warehouse_analytics_analytics: Close
[0m16:06:15.961719 [debug] [MainThread]: Using postgres connection "master"
[0m16:06:15.961941 [debug] [MainThread]: On master: BEGIN
[0m16:06:15.962124 [debug] [MainThread]: Opening a new connection, currently in state init
[0m16:06:15.964356 [debug] [MainThread]: SQL status: BEGIN in 0.0 seconds
[0m16:06:15.964531 [debug] [MainThread]: Using postgres connection "master"
[0m16:06:15.964733 [debug] [MainThread]: On master: /* {"app": "dbt", "dbt_version": "1.7.9", "profile_name": "foodingo", "target_name": "dev", "connection_name": "master"} */
with relation as (
        select
            pg_rewrite.ev_class as class,
            pg_rewrite.oid as id
        from pg_rewrite
    ),
    class as (
        select
            oid as id,
            relname as name,
            relnamespace as schema,
            relkind as kind
        from pg_class
    ),
    dependency as (
        select distinct
            pg_depend.objid as id,
            pg_depend.refobjid as ref
        from pg_depend
    ),
    schema as (
        select
            pg_namespace.oid as id,
            pg_namespace.nspname as name
        from pg_namespace
        where nspname != 'information_schema' and nspname not like 'pg\_%'
    ),
    referenced as (
        select
            relation.id AS id,
            referenced_class.name ,
            referenced_class.schema ,
            referenced_class.kind
        from relation
        join class as referenced_class on relation.class=referenced_class.id
        where referenced_class.kind in ('r', 'v', 'm')
    ),
    relationships as (
        select
            referenced.name as referenced_name,
            referenced.schema as referenced_schema_id,
            dependent_class.name as dependent_name,
            dependent_class.schema as dependent_schema_id,
            referenced.kind as kind
        from referenced
        join dependency on referenced.id=dependency.id
        join class as dependent_class on dependency.ref=dependent_class.id
        where
            (referenced.name != dependent_class.name or
             referenced.schema != dependent_class.schema)
    )

    select
        referenced_schema.name as referenced_schema,
        relationships.referenced_name as referenced_name,
        dependent_schema.name as dependent_schema,
        relationships.dependent_name as dependent_name
    from relationships
    join schema as dependent_schema on relationships.dependent_schema_id=dependent_schema.id
    join schema as referenced_schema on relationships.referenced_schema_id=referenced_schema.id
    group by referenced_schema, referenced_name, dependent_schema, dependent_name
    order by referenced_schema, referenced_name, dependent_schema, dependent_name;
[0m16:06:15.969256 [debug] [MainThread]: SQL status: SELECT 51 in 0.0 seconds
[0m16:06:15.970065 [debug] [MainThread]: Sending event: {'category': 'dbt', 'action': 'runnable_timing', 'label': 'bb6d0fa2-71b4-4273-8a50-dba612a66dca', 'context': [<snowplow_tracker.self_describing_json.SelfDescribingJson object at 0xffff7d036e10>]}
[0m16:06:15.970318 [debug] [MainThread]: On master: ROLLBACK
[0m16:06:15.970538 [debug] [MainThread]: Using postgres connection "master"
[0m16:06:15.970689 [debug] [MainThread]: On master: BEGIN
[0m16:06:15.970937 [debug] [MainThread]: SQL status: BEGIN in 0.0 seconds
[0m16:06:15.971117 [debug] [MainThread]: On master: COMMIT
[0m16:06:15.971313 [debug] [MainThread]: Using postgres connection "master"
[0m16:06:15.971504 [debug] [MainThread]: On master: COMMIT
[0m16:06:15.971717 [debug] [MainThread]: SQL status: COMMIT in 0.0 seconds
[0m16:06:15.971888 [debug] [MainThread]: On master: Close
[0m16:06:15.972227 [info ] [MainThread]: Concurrency: 2 threads (target='dev')
[0m16:06:15.972462 [info ] [MainThread]: 
[0m16:06:15.980794 [debug] [Thread-1 (]: Began running node model.foodingo.stg_cart
[0m16:06:15.981017 [debug] [Thread-2 (]: Began running node model.foodingo.stg_orders
[0m16:06:15.981312 [info ] [Thread-1 (]: 1 of 3 START sql view model analytics_analytics.stg_cart ....................... [RUN]
[0m16:06:15.981657 [info ] [Thread-2 (]: 2 of 3 START sql view model analytics_analytics.stg_orders ..................... [RUN]
[0m16:06:15.982078 [debug] [Thread-1 (]: Re-using an available connection from the pool (formerly list_foodingo_warehouse_analytics_analytics, now model.foodingo.stg_cart)
[0m16:06:15.982457 [debug] [Thread-2 (]: Acquiring new postgres connection 'model.foodingo.stg_orders'
[0m16:06:15.982660 [debug] [Thread-1 (]: Began compiling node model.foodingo.stg_cart
[0m16:06:15.982863 [debug] [Thread-2 (]: Began compiling node model.foodingo.stg_orders
[0m16:06:15.985922 [debug] [Thread-1 (]: Writing injected SQL for node "model.foodingo.stg_cart"
[0m16:06:15.987291 [debug] [Thread-2 (]: Writing injected SQL for node "model.foodingo.stg_orders"
[0m16:06:15.987962 [debug] [Thread-1 (]: Timing info for model.foodingo.stg_cart (compile): 16:06:15.983030 => 16:06:15.987832
[0m16:06:15.988345 [debug] [Thread-1 (]: Began executing node model.foodingo.stg_cart
[0m16:06:15.988150 [debug] [Thread-2 (]: Timing info for model.foodingo.stg_orders (compile): 16:06:15.986202 => 16:06:15.988069
[0m16:06:16.002697 [debug] [Thread-2 (]: Began executing node model.foodingo.stg_orders
[0m16:06:16.002483 [debug] [Thread-1 (]: Writing runtime sql for node "model.foodingo.stg_cart"
[0m16:06:16.004578 [debug] [Thread-2 (]: Writing runtime sql for node "model.foodingo.stg_orders"
[0m16:06:16.005196 [debug] [Thread-1 (]: Using postgres connection "model.foodingo.stg_cart"
[0m16:06:16.005529 [debug] [Thread-1 (]: On model.foodingo.stg_cart: BEGIN
[0m16:06:16.005374 [debug] [Thread-2 (]: Using postgres connection "model.foodingo.stg_orders"
[0m16:06:16.005899 [debug] [Thread-2 (]: On model.foodingo.stg_orders: BEGIN
[0m16:06:16.005704 [debug] [Thread-1 (]: Opening a new connection, currently in state closed
[0m16:06:16.006074 [debug] [Thread-2 (]: Opening a new connection, currently in state init
[0m16:06:16.009210 [debug] [Thread-2 (]: SQL status: BEGIN in 0.0 seconds
[0m16:06:16.009561 [debug] [Thread-2 (]: Using postgres connection "model.foodingo.stg_orders"
[0m16:06:16.009791 [debug] [Thread-2 (]: On model.foodingo.stg_orders: /* {"app": "dbt", "dbt_version": "1.7.9", "profile_name": "foodingo", "target_name": "dev", "node_id": "model.foodingo.stg_orders"} */

  create view "foodingo_warehouse"."analytics_analytics"."stg_orders__dbt_tmp"
    
    
  as (
    -- models/staging/stg_orders.sql
-- Cleans raw order events: deduplicates, casts types, filters to paid orders only



WITH deduped AS (
    SELECT
        order_id,
        user_id,
        user_address,
        email,
        phone_number,
        amount::DECIMAL(10,2)   AS amount,
        payment_status,
        order_status,
        razorpay_order_id,
        razorpay_payment_id,
        ordered_items,
        event_type,
        event_timestamp,
        ingested_at,
        ROW_NUMBER() OVER (
            PARTITION BY order_id, event_type
            ORDER BY event_timestamp DESC
        ) AS rn
    FROM raw.order_events
    WHERE order_id IS NOT NULL
)

SELECT
    order_id,
    user_id,
    user_address,
    email,
    phone_number,
    amount,
    payment_status,
    order_status,
    razorpay_order_id,
    razorpay_payment_id,
    ordered_items,
    event_type,
    event_timestamp,
    ingested_at
FROM deduped
WHERE rn = 1
  );
[0m16:06:16.012220 [debug] [Thread-2 (]: SQL status: CREATE VIEW in 0.0 seconds
[0m16:06:16.015511 [debug] [Thread-2 (]: Using postgres connection "model.foodingo.stg_orders"
[0m16:06:16.015931 [debug] [Thread-2 (]: On model.foodingo.stg_orders: /* {"app": "dbt", "dbt_version": "1.7.9", "profile_name": "foodingo", "target_name": "dev", "node_id": "model.foodingo.stg_orders"} */
alter table "foodingo_warehouse"."analytics_analytics"."stg_orders" rename to "stg_orders__dbt_backup"
[0m16:06:16.015788 [debug] [Thread-1 (]: SQL status: BEGIN in 0.0 seconds
[0m16:06:16.016191 [debug] [Thread-1 (]: Using postgres connection "model.foodingo.stg_cart"
[0m16:06:16.016376 [debug] [Thread-2 (]: SQL status: ALTER TABLE in 0.0 seconds
[0m16:06:16.016663 [debug] [Thread-1 (]: On model.foodingo.stg_cart: /* {"app": "dbt", "dbt_version": "1.7.9", "profile_name": "foodingo", "target_name": "dev", "node_id": "model.foodingo.stg_cart"} */

  create view "foodingo_warehouse"."analytics_analytics"."stg_cart__dbt_tmp"
    
    
  as (
    -- models/staging/stg_cart.sql


SELECT
    user_id,
    food_id,
    quantity,
    event_type,
    event_timestamp,
    ingested_at
FROM raw.cart_events
WHERE user_id IS NOT NULL
  );
[0m16:06:16.018051 [debug] [Thread-2 (]: Using postgres connection "model.foodingo.stg_orders"
[0m16:06:16.018335 [debug] [Thread-2 (]: On model.foodingo.stg_orders: /* {"app": "dbt", "dbt_version": "1.7.9", "profile_name": "foodingo", "target_name": "dev", "node_id": "model.foodingo.stg_orders"} */
alter table "foodingo_warehouse"."analytics_analytics"."stg_orders__dbt_tmp" rename to "stg_orders"
[0m16:06:16.018715 [debug] [Thread-2 (]: SQL status: ALTER TABLE in 0.0 seconds
[0m16:06:16.025791 [debug] [Thread-2 (]: On model.foodingo.stg_orders: COMMIT
[0m16:06:16.026058 [debug] [Thread-1 (]: SQL status: CREATE VIEW in 0.0 seconds
[0m16:06:16.026262 [debug] [Thread-2 (]: Using postgres connection "model.foodingo.stg_orders"
[0m16:06:16.027856 [debug] [Thread-2 (]: On model.foodingo.stg_orders: COMMIT
[0m16:06:16.027672 [debug] [Thread-1 (]: Using postgres connection "model.foodingo.stg_cart"
[0m16:06:16.028091 [debug] [Thread-1 (]: On model.foodingo.stg_cart: /* {"app": "dbt", "dbt_version": "1.7.9", "profile_name": "foodingo", "target_name": "dev", "node_id": "model.foodingo.stg_cart"} */
alter table "foodingo_warehouse"."analytics_analytics"."stg_cart" rename to "stg_cart__dbt_backup"
[0m16:06:16.028536 [debug] [Thread-2 (]: SQL status: COMMIT in 0.0 seconds
[0m16:06:16.028669 [debug] [Thread-1 (]: SQL status: ALTER TABLE in 0.0 seconds
[0m16:06:16.030997 [debug] [Thread-2 (]: Applying DROP to: "foodingo_warehouse"."analytics_analytics"."stg_orders__dbt_backup"
[0m16:06:16.032163 [debug] [Thread-1 (]: Using postgres connection "model.foodingo.stg_cart"
[0m16:06:16.034093 [debug] [Thread-2 (]: Using postgres connection "model.foodingo.stg_orders"
[0m16:06:16.034492 [debug] [Thread-2 (]: On model.foodingo.stg_orders: /* {"app": "dbt", "dbt_version": "1.7.9", "profile_name": "foodingo", "target_name": "dev", "node_id": "model.foodingo.stg_orders"} */
drop view if exists "foodingo_warehouse"."analytics_analytics"."stg_orders__dbt_backup" cascade
[0m16:06:16.034291 [debug] [Thread-1 (]: On model.foodingo.stg_cart: /* {"app": "dbt", "dbt_version": "1.7.9", "profile_name": "foodingo", "target_name": "dev", "node_id": "model.foodingo.stg_cart"} */
alter table "foodingo_warehouse"."analytics_analytics"."stg_cart__dbt_tmp" rename to "stg_cart"
[0m16:06:16.034891 [debug] [Thread-1 (]: SQL status: ALTER TABLE in 0.0 seconds
[0m16:06:16.035688 [debug] [Thread-1 (]: On model.foodingo.stg_cart: COMMIT
[0m16:06:16.035838 [debug] [Thread-2 (]: SQL status: DROP VIEW in 0.0 seconds
[0m16:06:16.035986 [debug] [Thread-1 (]: Using postgres connection "model.foodingo.stg_cart"
[0m16:06:16.036708 [debug] [Thread-1 (]: On model.foodingo.stg_cart: COMMIT
[0m16:06:16.036531 [debug] [Thread-2 (]: Timing info for model.foodingo.stg_orders (execute): 16:06:16.002854 => 16:06:16.036443
[0m16:06:16.036987 [debug] [Thread-2 (]: On model.foodingo.stg_orders: Close
[0m16:06:16.037637 [debug] [Thread-2 (]: Sending event: {'category': 'dbt', 'action': 'run_model', 'label': 'bb6d0fa2-71b4-4273-8a50-dba612a66dca', 'context': [<snowplow_tracker.self_describing_json.SelfDescribingJson object at 0xffff7ce228d0>]}
[0m16:06:16.037205 [debug] [Thread-1 (]: SQL status: COMMIT in 0.0 seconds
[0m16:06:16.037996 [info ] [Thread-2 (]: 2 of 3 OK created sql view model analytics_analytics.stg_orders ................ [[32mCREATE VIEW[0m in 0.06s]
[0m16:06:16.039716 [debug] [Thread-2 (]: Finished running node model.foodingo.stg_orders
[0m16:06:16.039425 [debug] [Thread-1 (]: Applying DROP to: "foodingo_warehouse"."analytics_analytics"."stg_cart__dbt_backup"
[0m16:06:16.039961 [debug] [Thread-2 (]: Began running node model.foodingo.stg_users
[0m16:06:16.040691 [info ] [Thread-2 (]: 3 of 3 START sql view model analytics_analytics.stg_users ...................... [RUN]
[0m16:06:16.040433 [debug] [Thread-1 (]: Using postgres connection "model.foodingo.stg_cart"
[0m16:06:16.041053 [debug] [Thread-2 (]: Re-using an available connection from the pool (formerly model.foodingo.stg_orders, now model.foodingo.stg_users)
[0m16:06:16.041464 [debug] [Thread-2 (]: Began compiling node model.foodingo.stg_users
[0m16:06:16.041240 [debug] [Thread-1 (]: On model.foodingo.stg_cart: /* {"app": "dbt", "dbt_version": "1.7.9", "profile_name": "foodingo", "target_name": "dev", "node_id": "model.foodingo.stg_cart"} */
drop view if exists "foodingo_warehouse"."analytics_analytics"."stg_cart__dbt_backup" cascade
[0m16:06:16.042554 [debug] [Thread-2 (]: Writing injected SQL for node "model.foodingo.stg_users"
[0m16:06:16.043246 [debug] [Thread-2 (]: Timing info for model.foodingo.stg_users (compile): 16:06:16.041582 => 16:06:16.043156
[0m16:06:16.043605 [debug] [Thread-2 (]: Began executing node model.foodingo.stg_users
[0m16:06:16.043757 [debug] [Thread-1 (]: SQL status: DROP VIEW in 0.0 seconds
[0m16:06:16.045573 [debug] [Thread-2 (]: Writing runtime sql for node "model.foodingo.stg_users"
[0m16:06:16.046295 [debug] [Thread-1 (]: Timing info for model.foodingo.stg_cart (execute): 16:06:15.988467 => 16:06:16.046193
[0m16:06:16.046740 [debug] [Thread-1 (]: On model.foodingo.stg_cart: Close
[0m16:06:16.047214 [debug] [Thread-1 (]: Sending event: {'category': 'dbt', 'action': 'run_model', 'label': 'bb6d0fa2-71b4-4273-8a50-dba612a66dca', 'context': [<snowplow_tracker.self_describing_json.SelfDescribingJson object at 0xffff7d031f90>]}
[0m16:06:16.048475 [info ] [Thread-1 (]: 1 of 3 OK created sql view model analytics_analytics.stg_cart .................. [[32mCREATE VIEW[0m in 0.07s]
[0m16:06:16.047805 [debug] [Thread-2 (]: Using postgres connection "model.foodingo.stg_users"
[0m16:06:16.049090 [debug] [Thread-1 (]: Finished running node model.foodingo.stg_cart
[0m16:06:16.049318 [debug] [Thread-2 (]: On model.foodingo.stg_users: BEGIN
[0m16:06:16.049660 [debug] [Thread-2 (]: Opening a new connection, currently in state closed
[0m16:06:16.052646 [debug] [Thread-2 (]: SQL status: BEGIN in 0.0 seconds
[0m16:06:16.052992 [debug] [Thread-2 (]: Using postgres connection "model.foodingo.stg_users"
[0m16:06:16.053187 [debug] [Thread-2 (]: On model.foodingo.stg_users: /* {"app": "dbt", "dbt_version": "1.7.9", "profile_name": "foodingo", "target_name": "dev", "node_id": "model.foodingo.stg_users"} */

  create view "foodingo_warehouse"."analytics_analytics"."stg_users__dbt_tmp"
    
    
  as (
    -- models/staging/stg_users.sql


SELECT
    user_id,
    email,
    name,
    event_type,
    event_timestamp,
    ingested_at
FROM raw.user_events
WHERE user_id IS NOT NULL
  );
[0m16:06:16.054699 [debug] [Thread-2 (]: SQL status: CREATE VIEW in 0.0 seconds
[0m16:06:16.056642 [debug] [Thread-2 (]: Using postgres connection "model.foodingo.stg_users"
[0m16:06:16.056917 [debug] [Thread-2 (]: On model.foodingo.stg_users: /* {"app": "dbt", "dbt_version": "1.7.9", "profile_name": "foodingo", "target_name": "dev", "node_id": "model.foodingo.stg_users"} */
alter table "foodingo_warehouse"."analytics_analytics"."stg_users" rename to "stg_users__dbt_backup"
[0m16:06:16.057610 [debug] [Thread-2 (]: SQL status: ALTER TABLE in 0.0 seconds
[0m16:06:16.059442 [debug] [Thread-2 (]: Using postgres connection "model.foodingo.stg_users"
[0m16:06:16.059711 [debug] [Thread-2 (]: On model.foodingo.stg_users: /* {"app": "dbt", "dbt_version": "1.7.9", "profile_name": "foodingo", "target_name": "dev", "node_id": "model.foodingo.stg_users"} */
alter table "foodingo_warehouse"."analytics_analytics"."stg_users__dbt_tmp" rename to "stg_users"
[0m16:06:16.060411 [debug] [Thread-2 (]: SQL status: ALTER TABLE in 0.0 seconds
[0m16:06:16.061764 [debug] [Thread-2 (]: On model.foodingo.stg_users: COMMIT
[0m16:06:16.062313 [debug] [Thread-2 (]: Using postgres connection "model.foodingo.stg_users"
[0m16:06:16.062545 [debug] [Thread-2 (]: On model.foodingo.stg_users: COMMIT
[0m16:06:16.063317 [debug] [Thread-2 (]: SQL status: COMMIT in 0.0 seconds
[0m16:06:16.064527 [debug] [Thread-2 (]: Applying DROP to: "foodingo_warehouse"."analytics_analytics"."stg_users__dbt_backup"
[0m16:06:16.064909 [debug] [Thread-2 (]: Using postgres connection "model.foodingo.stg_users"
[0m16:06:16.065131 [debug] [Thread-2 (]: On model.foodingo.stg_users: /* {"app": "dbt", "dbt_version": "1.7.9", "profile_name": "foodingo", "target_name": "dev", "node_id": "model.foodingo.stg_users"} */
drop view if exists "foodingo_warehouse"."analytics_analytics"."stg_users__dbt_backup" cascade
[0m16:06:16.066024 [debug] [Thread-2 (]: SQL status: DROP VIEW in 0.0 seconds
[0m16:06:16.067242 [debug] [Thread-2 (]: Timing info for model.foodingo.stg_users (execute): 16:06:16.043858 => 16:06:16.067138
[0m16:06:16.067461 [debug] [Thread-2 (]: On model.foodingo.stg_users: Close
[0m16:06:16.067831 [debug] [Thread-2 (]: Sending event: {'category': 'dbt', 'action': 'run_model', 'label': 'bb6d0fa2-71b4-4273-8a50-dba612a66dca', 'context': [<snowplow_tracker.self_describing_json.SelfDescribingJson object at 0xffff7d083190>]}
[0m16:06:16.068138 [info ] [Thread-2 (]: 3 of 3 OK created sql view model analytics_analytics.stg_users ................. [[32mCREATE VIEW[0m in 0.03s]
[0m16:06:16.068407 [debug] [Thread-2 (]: Finished running node model.foodingo.stg_users
[0m16:06:16.069197 [debug] [MainThread]: Using postgres connection "master"
[0m16:06:16.069426 [debug] [MainThread]: On master: BEGIN
[0m16:06:16.069613 [debug] [MainThread]: Opening a new connection, currently in state closed
[0m16:06:16.073292 [debug] [MainThread]: SQL status: BEGIN in 0.0 seconds
[0m16:06:16.073585 [debug] [MainThread]: On master: COMMIT
[0m16:06:16.073943 [debug] [MainThread]: Using postgres connection "master"
[0m16:06:16.074119 [debug] [MainThread]: On master: COMMIT
[0m16:06:16.074353 [debug] [MainThread]: SQL status: COMMIT in 0.0 seconds
[0m16:06:16.074523 [debug] [MainThread]: On master: Close
[0m16:06:16.074869 [debug] [MainThread]: Connection 'master' was properly closed.
[0m16:06:16.075135 [debug] [MainThread]: Connection 'model.foodingo.stg_cart' was properly closed.
[0m16:06:16.075342 [debug] [MainThread]: Connection 'model.foodingo.stg_users' was properly closed.
[0m16:06:16.075602 [info ] [MainThread]: 
[0m16:06:16.075823 [info ] [MainThread]: Finished running 3 view models in 0 hours 0 minutes and 0.14 seconds (0.14s).
[0m16:06:16.076237 [debug] [MainThread]: Command end result
[0m16:06:16.107888 [info ] [MainThread]: 
[0m16:06:16.108137 [info ] [MainThread]: [32mCompleted successfully[0m
[0m16:06:16.108343 [info ] [MainThread]: 
[0m16:06:16.108559 [info ] [MainThread]: Done. PASS=3 WARN=0 ERROR=0 SKIP=0 TOTAL=3
[0m16:06:16.108969 [debug] [MainThread]: Resource report: {"command_name": "run", "command_success": true, "command_wall_clock_time": 0.33482987, "process_user_time": 1.194551, "process_kernel_time": 0.086749, "process_mem_max_rss": "161116", "process_in_blocks": "11984", "process_out_blocks": "1652"}
[0m16:06:16.109224 [debug] [MainThread]: Command `dbt run` succeeded at 16:06:16.109167 after 0.34 seconds
[0m16:06:16.109456 [debug] [MainThread]: Sending event: {'category': 'dbt', 'action': 'invocation', 'label': 'end', 'context': [<snowplow_tracker.self_describing_json.SelfDescribingJson object at 0xffff82c87610>, <snowplow_tracker.self_describing_json.SelfDescribingJson object at 0xffff82c875d0>, <snowplow_tracker.self_describing_json.SelfDescribingJson object at 0xffff82d1d650>]}
[0m16:06:16.109671 [debug] [MainThread]: Flushing usage events
[0m16:06:16.910934 [debug] [MainThread]: Sending event: {'category': 'dbt', 'action': 'invocation', 'label': 'start', 'context': [<snowplow_tracker.self_describing_json.SelfDescribingJson object at 0xffffa14b3c10>, <snowplow_tracker.self_describing_json.SelfDescribingJson object at 0xffffa14f85d0>, <snowplow_tracker.self_describing_json.SelfDescribingJson object at 0xffffa14f9510>]}


============================== 16:06:16.914365 | 50475ff1-94bd-4a30-a852-1ff282f4a490 ==============================
[0m16:06:16.914365 [info ] [MainThread]: Running with dbt=1.7.9
[0m16:06:16.914769 [debug] [MainThread]: running dbt with arguments {'printer_width': '80', 'indirect_selection': 'eager', 'log_cache_events': 'False', 'write_json': 'True', 'partial_parse': 'True', 'cache_selected_only': 'False', 'profiles_dir': '/opt/airflow/dbt', 'version_check': 'True', 'warn_error': 'None', 'log_path': '/opt/airflow/dbt/logs', 'fail_fast': 'False', 'debug': 'False', 'use_colors': 'True', 'use_experimental_parser': 'False', 'no_print': 'None', 'quiet': 'False', 'warn_error_options': 'WarnErrorOptions(include=[], exclude=[])', 'static_parser': 'True', 'introspect': 'True', 'invocation_command': 'dbt run --profiles-dir /opt/airflow/dbt --project-dir /opt/airflow/dbt --select facts', 'target_path': 'None', 'log_format': 'default', 'send_anonymous_usage_stats': 'True'}
[0m16:06:16.985615 [debug] [MainThread]: Sending event: {'category': 'dbt', 'action': 'project_id', 'label': '50475ff1-94bd-4a30-a852-1ff282f4a490', 'context': [<snowplow_tracker.self_describing_json.SelfDescribingJson object at 0xffffa14f8450>]}
[0m16:06:17.016956 [debug] [MainThread]: Sending event: {'category': 'dbt', 'action': 'adapter_info', 'label': '50475ff1-94bd-4a30-a852-1ff282f4a490', 'context': [<snowplow_tracker.self_describing_json.SelfDescribingJson object at 0xffffa09c1490>]}
[0m16:06:17.017392 [info ] [MainThread]: Registered adapter: postgres=1.7.9
[0m16:06:17.020294 [debug] [MainThread]: checksum: 6ff0d83c3b46f350064523b4e08d9241403ad71d606ba49c4e670afba3668b39, vars: {}, profile: , target: , version: 1.7.9
[0m16:06:17.033634 [debug] [MainThread]: Partial parsing enabled: 0 files deleted, 0 files added, 0 files changed.
[0m16:06:17.033828 [debug] [MainThread]: Partial parsing enabled, no changes found, skipping parsing
[0m16:06:17.036051 [debug] [MainThread]: Sending event: {'category': 'dbt', 'action': 'load_project', 'label': '50475ff1-94bd-4a30-a852-1ff282f4a490', 'context': [<snowplow_tracker.self_describing_json.SelfDescribingJson object at 0xffffa15412d0>]}
[0m16:06:17.043863 [debug] [MainThread]: Sending event: {'category': 'dbt', 'action': 'resource_counts', 'label': '50475ff1-94bd-4a30-a852-1ff282f4a490', 'context': [<snowplow_tracker.self_describing_json.SelfDescribingJson object at 0xffffa06401d0>]}
[0m16:06:17.044077 [info ] [MainThread]: Found 10 models, 0 sources, 0 exposures, 0 metrics, 401 macros, 0 groups, 0 semantic models
[0m16:06:17.044282 [debug] [MainThread]: Sending event: {'category': 'dbt', 'action': 'runnable_timing', 'label': '50475ff1-94bd-4a30-a852-1ff282f4a490', 'context': [<snowplow_tracker.self_describing_json.SelfDescribingJson object at 0xffffa14ff210>]}
[0m16:06:17.044925 [info ] [MainThread]: 
[0m16:06:17.045297 [debug] [MainThread]: Acquiring new postgres connection 'master'
[0m16:06:17.045875 [debug] [ThreadPool]: Acquiring new postgres connection 'list_foodingo_warehouse'
[0m16:06:17.050084 [debug] [ThreadPool]: Using postgres connection "list_foodingo_warehouse"
[0m16:06:17.050307 [debug] [ThreadPool]: On list_foodingo_warehouse: /* {"app": "dbt", "dbt_version": "1.7.9", "profile_name": "foodingo", "target_name": "dev", "connection_name": "list_foodingo_warehouse"} */

    select distinct nspname from pg_namespace
  
[0m16:06:17.050628 [debug] [ThreadPool]: Opening a new connection, currently in state init
[0m16:06:17.055071 [debug] [ThreadPool]: SQL status: SELECT 7 in 0.0 seconds
[0m16:06:17.055676 [debug] [ThreadPool]: On list_foodingo_warehouse: Close
[0m16:06:17.056593 [debug] [ThreadPool]: Re-using an available connection from the pool (formerly list_foodingo_warehouse, now list_foodingo_warehouse_analytics_analytics)
[0m16:06:17.058860 [debug] [ThreadPool]: Using postgres connection "list_foodingo_warehouse_analytics_analytics"
[0m16:06:17.059068 [debug] [ThreadPool]: On list_foodingo_warehouse_analytics_analytics: BEGIN
[0m16:06:17.059261 [debug] [ThreadPool]: Opening a new connection, currently in state closed
[0m16:06:17.063015 [debug] [ThreadPool]: SQL status: BEGIN in 0.0 seconds
[0m16:06:17.063209 [debug] [ThreadPool]: Using postgres connection "list_foodingo_warehouse_analytics_analytics"
[0m16:06:17.063405 [debug] [ThreadPool]: On list_foodingo_warehouse_analytics_analytics: /* {"app": "dbt", "dbt_version": "1.7.9", "profile_name": "foodingo", "target_name": "dev", "connection_name": "list_foodingo_warehouse_analytics_analytics"} */
select
      'foodingo_warehouse' as database,
      tablename as name,
      schemaname as schema,
      'table' as type
    from pg_tables
    where schemaname ilike 'analytics_analytics'
    union all
    select
      'foodingo_warehouse' as database,
      viewname as name,
      schemaname as schema,
      'view' as type
    from pg_views
    where schemaname ilike 'analytics_analytics'
    union all
    select
      'foodingo_warehouse' as database,
      matviewname as name,
      schemaname as schema,
      'materialized_view' as type
    from pg_matviews
    where schemaname ilike 'analytics_analytics'
  
[0m16:06:17.065569 [debug] [ThreadPool]: SQL status: SELECT 3 in 0.0 seconds
[0m16:06:17.066176 [debug] [ThreadPool]: On list_foodingo_warehouse_analytics_analytics: ROLLBACK
[0m16:06:17.066421 [debug] [ThreadPool]: On list_foodingo_warehouse_analytics_analytics: Close
[0m16:06:17.068563 [debug] [MainThread]: Using postgres connection "master"
[0m16:06:17.068719 [debug] [MainThread]: On master: BEGIN
[0m16:06:17.068858 [debug] [MainThread]: Opening a new connection, currently in state init
[0m16:06:17.070860 [debug] [MainThread]: SQL status: BEGIN in 0.0 seconds
[0m16:06:17.071029 [debug] [MainThread]: Using postgres connection "master"
[0m16:06:17.071234 [debug] [MainThread]: On master: /* {"app": "dbt", "dbt_version": "1.7.9", "profile_name": "foodingo", "target_name": "dev", "connection_name": "master"} */
with relation as (
        select
            pg_rewrite.ev_class as class,
            pg_rewrite.oid as id
        from pg_rewrite
    ),
    class as (
        select
            oid as id,
            relname as name,
            relnamespace as schema,
            relkind as kind
        from pg_class
    ),
    dependency as (
        select distinct
            pg_depend.objid as id,
            pg_depend.refobjid as ref
        from pg_depend
    ),
    schema as (
        select
            pg_namespace.oid as id,
            pg_namespace.nspname as name
        from pg_namespace
        where nspname != 'information_schema' and nspname not like 'pg\_%'
    ),
    referenced as (
        select
            relation.id AS id,
            referenced_class.name ,
            referenced_class.schema ,
            referenced_class.kind
        from relation
        join class as referenced_class on relation.class=referenced_class.id
        where referenced_class.kind in ('r', 'v', 'm')
    ),
    relationships as (
        select
            referenced.name as referenced_name,
            referenced.schema as referenced_schema_id,
            dependent_class.name as dependent_name,
            dependent_class.schema as dependent_schema_id,
            referenced.kind as kind
        from referenced
        join dependency on referenced.id=dependency.id
        join class as dependent_class on dependency.ref=dependent_class.id
        where
            (referenced.name != dependent_class.name or
             referenced.schema != dependent_class.schema)
    )

    select
        referenced_schema.name as referenced_schema,
        relationships.referenced_name as referenced_name,
        dependent_schema.name as dependent_schema,
        relationships.dependent_name as dependent_name
    from relationships
    join schema as dependent_schema on relationships.dependent_schema_id=dependent_schema.id
    join schema as referenced_schema on relationships.referenced_schema_id=referenced_schema.id
    group by referenced_schema, referenced_name, dependent_schema, dependent_name
    order by referenced_schema, referenced_name, dependent_schema, dependent_name;
[0m16:06:17.079292 [debug] [MainThread]: SQL status: SELECT 51 in 0.0 seconds
[0m16:06:17.080110 [debug] [MainThread]: Sending event: {'category': 'dbt', 'action': 'runnable_timing', 'label': '50475ff1-94bd-4a30-a852-1ff282f4a490', 'context': [<snowplow_tracker.self_describing_json.SelfDescribingJson object at 0xffffa06586d0>]}
[0m16:06:17.080359 [debug] [MainThread]: On master: ROLLBACK
[0m16:06:17.080602 [debug] [MainThread]: Using postgres connection "master"
[0m16:06:17.080769 [debug] [MainThread]: On master: BEGIN
[0m16:06:17.081007 [debug] [MainThread]: SQL status: BEGIN in 0.0 seconds
[0m16:06:17.081181 [debug] [MainThread]: On master: COMMIT
[0m16:06:17.081345 [debug] [MainThread]: Using postgres connection "master"
[0m16:06:17.081521 [debug] [MainThread]: On master: COMMIT
[0m16:06:17.081729 [debug] [MainThread]: SQL status: COMMIT in 0.0 seconds
[0m16:06:17.081902 [debug] [MainThread]: On master: Close
[0m16:06:17.082243 [info ] [MainThread]: Concurrency: 2 threads (target='dev')
[0m16:06:17.082470 [info ] [MainThread]: 
[0m16:06:17.086538 [debug] [Thread-1 (]: Began running node model.foodingo.fact_cart_events
[0m16:06:17.086719 [debug] [Thread-2 (]: Began running node model.foodingo.fact_orders
[0m16:06:17.086951 [info ] [Thread-1 (]: 1 of 2 START sql table model analytics_analytics.fact_cart_events .............. [RUN]
[0m16:06:17.087219 [info ] [Thread-2 (]: 2 of 2 START sql table model analytics_analytics.fact_orders ................... [RUN]
[0m16:06:17.087592 [debug] [Thread-1 (]: Re-using an available connection from the pool (formerly list_foodingo_warehouse_analytics_analytics, now model.foodingo.fact_cart_events)
[0m16:06:17.087934 [debug] [Thread-2 (]: Acquiring new postgres connection 'model.foodingo.fact_orders'
[0m16:06:17.088160 [debug] [Thread-1 (]: Began compiling node model.foodingo.fact_cart_events
[0m16:06:17.088373 [debug] [Thread-2 (]: Began compiling node model.foodingo.fact_orders
[0m16:06:17.091161 [debug] [Thread-1 (]: Writing injected SQL for node "model.foodingo.fact_cart_events"
[0m16:06:17.092340 [debug] [Thread-2 (]: Writing injected SQL for node "model.foodingo.fact_orders"
[0m16:06:17.093320 [debug] [Thread-1 (]: Timing info for model.foodingo.fact_cart_events (compile): 16:06:17.088532 => 16:06:17.093219
[0m16:06:17.093725 [debug] [Thread-1 (]: Began executing node model.foodingo.fact_cart_events
[0m16:06:17.093573 [debug] [Thread-2 (]: Timing info for model.foodingo.fact_orders (compile): 16:06:17.091335 => 16:06:17.093465
[0m16:06:17.109132 [debug] [Thread-1 (]: Writing runtime sql for node "model.foodingo.fact_cart_events"
[0m16:06:17.109384 [debug] [Thread-2 (]: Began executing node model.foodingo.fact_orders
[0m16:06:17.111630 [debug] [Thread-2 (]: Writing runtime sql for node "model.foodingo.fact_orders"
[0m16:06:17.112170 [debug] [Thread-1 (]: Using postgres connection "model.foodingo.fact_cart_events"
[0m16:06:17.112464 [debug] [Thread-1 (]: On model.foodingo.fact_cart_events: BEGIN
[0m16:06:17.112702 [debug] [Thread-2 (]: Using postgres connection "model.foodingo.fact_orders"
[0m16:06:17.112852 [debug] [Thread-1 (]: Opening a new connection, currently in state closed
[0m16:06:17.113077 [debug] [Thread-2 (]: On model.foodingo.fact_orders: BEGIN
[0m16:06:17.113430 [debug] [Thread-2 (]: Opening a new connection, currently in state init
[0m16:06:17.115780 [debug] [Thread-2 (]: SQL status: BEGIN in 0.0 seconds
[0m16:06:17.115960 [debug] [Thread-1 (]: SQL status: BEGIN in 0.0 seconds
[0m16:06:17.116146 [debug] [Thread-2 (]: Using postgres connection "model.foodingo.fact_orders"
[0m16:06:17.116334 [debug] [Thread-1 (]: Using postgres connection "model.foodingo.fact_cart_events"
[0m16:06:17.116555 [debug] [Thread-2 (]: On model.foodingo.fact_orders: /* {"app": "dbt", "dbt_version": "1.7.9", "profile_name": "foodingo", "target_name": "dev", "node_id": "model.foodingo.fact_orders"} */

  
    

  create  table "foodingo_warehouse"."analytics_analytics"."fact_orders__dbt_tmp"
  
  
    as
  
  (
    -- models/facts/fact_orders.sql
-- One row per paid order — the primary fact table for revenue analytics



SELECT
    order_id,
    user_id,
    amount,
    payment_status,
    order_status,
    jsonb_array_length(ordered_items)   AS item_count,
    DATE(event_timestamp)               AS order_date,
    EXTRACT(HOUR FROM event_timestamp)  AS order_hour,
    event_timestamp                     AS created_at
FROM "foodingo_warehouse"."analytics_analytics"."stg_orders"
WHERE event_type = 'order.created'
  AND payment_status IS NOT NULL
  );
  
[0m16:06:17.116754 [debug] [Thread-1 (]: On model.foodingo.fact_cart_events: /* {"app": "dbt", "dbt_version": "1.7.9", "profile_name": "foodingo", "target_name": "dev", "node_id": "model.foodingo.fact_cart_events"} */

  
    

  create  table "foodingo_warehouse"."analytics_analytics"."fact_cart_events__dbt_tmp"
  
  
    as
  
  (
    -- models/facts/fact_cart_events.sql


SELECT
    user_id,
    food_id,
    quantity,
    event_type,
    DATE(event_timestamp)               AS event_date,
    EXTRACT(HOUR FROM event_timestamp)  AS event_hour,
    event_timestamp                     AS event_time
FROM "foodingo_warehouse"."analytics_analytics"."stg_cart"
  );
  
[0m16:06:17.120753 [debug] [Thread-1 (]: SQL status: SELECT 15 in 0.0 seconds
[0m16:06:17.123917 [debug] [Thread-1 (]: Using postgres connection "model.foodingo.fact_cart_events"
[0m16:06:17.124095 [debug] [Thread-2 (]: SQL status: SELECT 1 in 0.0 seconds
[0m16:06:17.124290 [debug] [Thread-1 (]: On model.foodingo.fact_cart_events: /* {"app": "dbt", "dbt_version": "1.7.9", "profile_name": "foodingo", "target_name": "dev", "node_id": "model.foodingo.fact_cart_events"} */
alter table "foodingo_warehouse"."analytics_analytics"."fact_cart_events__dbt_tmp" rename to "fact_cart_events"
[0m16:06:17.125470 [debug] [Thread-2 (]: Using postgres connection "model.foodingo.fact_orders"
[0m16:06:17.125751 [debug] [Thread-2 (]: On model.foodingo.fact_orders: /* {"app": "dbt", "dbt_version": "1.7.9", "profile_name": "foodingo", "target_name": "dev", "node_id": "model.foodingo.fact_orders"} */
alter table "foodingo_warehouse"."analytics_analytics"."fact_orders__dbt_tmp" rename to "fact_orders"
[0m16:06:17.125913 [debug] [Thread-1 (]: SQL status: ALTER TABLE in 0.0 seconds
[0m16:06:17.131423 [debug] [Thread-2 (]: SQL status: ALTER TABLE in 0.0 seconds
[0m16:06:17.132700 [debug] [Thread-1 (]: On model.foodingo.fact_cart_events: COMMIT
[0m16:06:17.133594 [debug] [Thread-2 (]: On model.foodingo.fact_orders: COMMIT
[0m16:06:17.133803 [debug] [Thread-1 (]: Using postgres connection "model.foodingo.fact_cart_events"
[0m16:06:17.134006 [debug] [Thread-2 (]: Using postgres connection "model.foodingo.fact_orders"
[0m16:06:17.134166 [debug] [Thread-1 (]: On model.foodingo.fact_cart_events: COMMIT
[0m16:06:17.134343 [debug] [Thread-2 (]: On model.foodingo.fact_orders: COMMIT
[0m16:06:17.134845 [debug] [Thread-1 (]: SQL status: COMMIT in 0.0 seconds
[0m16:06:17.135020 [debug] [Thread-2 (]: SQL status: COMMIT in 0.0 seconds
[0m16:06:17.137363 [debug] [Thread-1 (]: Applying DROP to: "foodingo_warehouse"."analytics_analytics"."fact_cart_events__dbt_backup"
[0m16:06:17.138409 [debug] [Thread-2 (]: Applying DROP to: "foodingo_warehouse"."analytics_analytics"."fact_orders__dbt_backup"
[0m16:06:17.140264 [debug] [Thread-1 (]: Using postgres connection "model.foodingo.fact_cart_events"
[0m16:06:17.140693 [debug] [Thread-2 (]: Using postgres connection "model.foodingo.fact_orders"
[0m16:06:17.140904 [debug] [Thread-1 (]: On model.foodingo.fact_cart_events: /* {"app": "dbt", "dbt_version": "1.7.9", "profile_name": "foodingo", "target_name": "dev", "node_id": "model.foodingo.fact_cart_events"} */
drop table if exists "foodingo_warehouse"."analytics_analytics"."fact_cart_events__dbt_backup" cascade
[0m16:06:17.141111 [debug] [Thread-2 (]: On model.foodingo.fact_orders: /* {"app": "dbt", "dbt_version": "1.7.9", "profile_name": "foodingo", "target_name": "dev", "node_id": "model.foodingo.fact_orders"} */
drop table if exists "foodingo_warehouse"."analytics_analytics"."fact_orders__dbt_backup" cascade
[0m16:06:17.141392 [debug] [Thread-1 (]: SQL status: DROP TABLE in 0.0 seconds
[0m16:06:17.141538 [debug] [Thread-2 (]: SQL status: DROP TABLE in 0.0 seconds
[0m16:06:17.142094 [debug] [Thread-1 (]: Timing info for model.foodingo.fact_cart_events (execute): 16:06:17.093860 => 16:06:17.142017
[0m16:06:17.142659 [debug] [Thread-2 (]: Timing info for model.foodingo.fact_orders (execute): 16:06:17.109672 => 16:06:17.142592
[0m16:06:17.142877 [debug] [Thread-1 (]: On model.foodingo.fact_cart_events: Close
[0m16:06:17.143101 [debug] [Thread-2 (]: On model.foodingo.fact_orders: Close
[0m16:06:17.143499 [debug] [Thread-1 (]: Sending event: {'category': 'dbt', 'action': 'run_model', 'label': '50475ff1-94bd-4a30-a852-1ff282f4a490', 'context': [<snowplow_tracker.self_describing_json.SelfDescribingJson object at 0xffffa088e850>]}
[0m16:06:17.143855 [debug] [Thread-2 (]: Sending event: {'category': 'dbt', 'action': 'run_model', 'label': '50475ff1-94bd-4a30-a852-1ff282f4a490', 'context': [<snowplow_tracker.self_describing_json.SelfDescribingJson object at 0xffffa073f290>]}
[0m16:06:17.144157 [info ] [Thread-1 (]: 1 of 2 OK created sql table model analytics_analytics.fact_cart_events ......... [[32mSELECT 15[0m in 0.06s]
[0m16:06:17.144495 [info ] [Thread-2 (]: 2 of 2 OK created sql table model analytics_analytics.fact_orders .............. [[32mSELECT 1[0m in 0.06s]
[0m16:06:17.144760 [debug] [Thread-1 (]: Finished running node model.foodingo.fact_cart_events
[0m16:06:17.145010 [debug] [Thread-2 (]: Finished running node model.foodingo.fact_orders
[0m16:06:17.145790 [debug] [MainThread]: Using postgres connection "master"
[0m16:06:17.145982 [debug] [MainThread]: On master: BEGIN
[0m16:06:17.146145 [debug] [MainThread]: Opening a new connection, currently in state closed
[0m16:06:17.148572 [debug] [MainThread]: SQL status: BEGIN in 0.0 seconds
[0m16:06:17.148754 [debug] [MainThread]: On master: COMMIT
[0m16:06:17.148917 [debug] [MainThread]: Using postgres connection "master"
[0m16:06:17.149078 [debug] [MainThread]: On master: COMMIT
[0m16:06:17.149311 [debug] [MainThread]: SQL status: COMMIT in 0.0 seconds
[0m16:06:17.149483 [debug] [MainThread]: On master: Close
[0m16:06:17.149754 [debug] [MainThread]: Connection 'master' was properly closed.
[0m16:06:17.149931 [debug] [MainThread]: Connection 'model.foodingo.fact_cart_events' was properly closed.
[0m16:06:17.150097 [debug] [MainThread]: Connection 'model.foodingo.fact_orders' was properly closed.
[0m16:06:17.150307 [info ] [MainThread]: 
[0m16:06:17.150515 [info ] [MainThread]: Finished running 2 table models in 0 hours 0 minutes and 0.11 seconds (0.11s).
[0m16:06:17.150821 [debug] [MainThread]: Command end result
[0m16:06:17.156927 [info ] [MainThread]: 
[0m16:06:17.157133 [info ] [MainThread]: [32mCompleted successfully[0m
[0m16:06:17.157300 [info ] [MainThread]: 
[0m16:06:17.157507 [info ] [MainThread]: Done. PASS=2 WARN=0 ERROR=0 SKIP=0 TOTAL=2
[0m16:06:17.157982 [debug] [MainThread]: Resource report: {"command_name": "run", "command_success": true, "command_wall_clock_time": 0.26265967, "process_user_time": 1.210935, "process_kernel_time": 0.208332, "process_mem_max_rss": "161148", "process_out_blocks": "1637", "process_in_blocks": "0"}
[0m16:06:17.158262 [debug] [MainThread]: Command `dbt run` succeeded at 16:06:17.158192 after 0.26 seconds
[0m16:06:17.158509 [debug] [MainThread]: Sending event: {'category': 'dbt', 'action': 'invocation', 'label': 'end', 'context': [<snowplow_tracker.self_describing_json.SelfDescribingJson object at 0xffffa1526810>, <snowplow_tracker.self_describing_json.SelfDescribingJson object at 0xffffa1f17b90>, <snowplow_tracker.self_describing_json.SelfDescribingJson object at 0xffffa28f5950>]}
[0m16:06:17.158737 [debug] [MainThread]: Flushing usage events
[0m16:06:20.039056 [debug] [MainThread]: Sending event: {'category': 'dbt', 'action': 'invocation', 'label': 'start', 'context': [<snowplow_tracker.self_describing_json.SelfDescribingJson object at 0xffffb7c322d0>, <snowplow_tracker.self_describing_json.SelfDescribingJson object at 0xffffb8224550>, <snowplow_tracker.self_describing_json.SelfDescribingJson object at 0xffffb8224350>]}


============================== 16:06:20.043334 | fb79b96b-e985-4856-a56e-089c8e353244 ==============================
[0m16:06:20.043334 [info ] [MainThread]: Running with dbt=1.7.9
[0m16:06:20.043880 [debug] [MainThread]: running dbt with arguments {'printer_width': '80', 'indirect_selection': 'eager', 'write_json': 'True', 'log_cache_events': 'False', 'partial_parse': 'True', 'cache_selected_only': 'False', 'warn_error': 'None', 'debug': 'False', 'version_check': 'True', 'log_path': '/opt/airflow/dbt/logs', 'fail_fast': 'False', 'profiles_dir': '/opt/airflow/dbt', 'use_colors': 'True', 'use_experimental_parser': 'False', 'no_print': 'None', 'quiet': 'False', 'warn_error_options': 'WarnErrorOptions(include=[], exclude=[])', 'static_parser': 'True', 'invocation_command': 'dbt run --profiles-dir /opt/airflow/dbt --project-dir /opt/airflow/dbt --select facts', 'introspect': 'True', 'target_path': 'None', 'log_format': 'default', 'send_anonymous_usage_stats': 'True'}
[0m16:06:20.116542 [debug] [MainThread]: Sending event: {'category': 'dbt', 'action': 'project_id', 'label': 'fb79b96b-e985-4856-a56e-089c8e353244', 'context': [<snowplow_tracker.self_describing_json.SelfDescribingJson object at 0xffffb7183810>]}
[0m16:06:20.147523 [debug] [MainThread]: Sending event: {'category': 'dbt', 'action': 'adapter_info', 'label': 'fb79b96b-e985-4856-a56e-089c8e353244', 'context': [<snowplow_tracker.self_describing_json.SelfDescribingJson object at 0xffffb6ec0bd0>]}
[0m16:06:20.148064 [info ] [MainThread]: Registered adapter: postgres=1.7.9
[0m16:06:20.151408 [debug] [MainThread]: checksum: 6ff0d83c3b46f350064523b4e08d9241403ad71d606ba49c4e670afba3668b39, vars: {}, profile: , target: , version: 1.7.9
[0m16:06:20.164069 [debug] [MainThread]: Partial parsing enabled: 0 files deleted, 0 files added, 0 files changed.
[0m16:06:20.164353 [debug] [MainThread]: Partial parsing enabled, no changes found, skipping parsing
[0m16:06:20.166723 [debug] [MainThread]: Sending event: {'category': 'dbt', 'action': 'load_project', 'label': 'fb79b96b-e985-4856-a56e-089c8e353244', 'context': [<snowplow_tracker.self_describing_json.SelfDescribingJson object at 0xffffb6dc2990>]}
[0m16:06:20.176649 [debug] [MainThread]: Sending event: {'category': 'dbt', 'action': 'resource_counts', 'label': 'fb79b96b-e985-4856-a56e-089c8e353244', 'context': [<snowplow_tracker.self_describing_json.SelfDescribingJson object at 0xffffb6ddd390>]}
[0m16:06:20.177083 [info ] [MainThread]: Found 10 models, 0 sources, 0 exposures, 0 metrics, 401 macros, 0 groups, 0 semantic models
[0m16:06:20.177409 [debug] [MainThread]: Sending event: {'category': 'dbt', 'action': 'runnable_timing', 'label': 'fb79b96b-e985-4856-a56e-089c8e353244', 'context': [<snowplow_tracker.self_describing_json.SelfDescribingJson object at 0xffffb7150ad0>]}
[0m16:06:20.178270 [info ] [MainThread]: 
[0m16:06:20.178650 [debug] [MainThread]: Acquiring new postgres connection 'master'
[0m16:06:20.179223 [debug] [ThreadPool]: Acquiring new postgres connection 'list_foodingo_warehouse'
[0m16:06:20.183730 [debug] [ThreadPool]: Using postgres connection "list_foodingo_warehouse"
[0m16:06:20.183982 [debug] [ThreadPool]: On list_foodingo_warehouse: /* {"app": "dbt", "dbt_version": "1.7.9", "profile_name": "foodingo", "target_name": "dev", "connection_name": "list_foodingo_warehouse"} */

    select distinct nspname from pg_namespace
  
[0m16:06:20.184150 [debug] [ThreadPool]: Opening a new connection, currently in state init
[0m16:06:20.188693 [debug] [ThreadPool]: SQL status: SELECT 7 in 0.0 seconds
[0m16:06:20.189516 [debug] [ThreadPool]: On list_foodingo_warehouse: Close
[0m16:06:20.190579 [debug] [ThreadPool]: Re-using an available connection from the pool (formerly list_foodingo_warehouse, now list_foodingo_warehouse_analytics_analytics)
[0m16:06:20.193137 [debug] [ThreadPool]: Using postgres connection "list_foodingo_warehouse_analytics_analytics"
[0m16:06:20.193387 [debug] [ThreadPool]: On list_foodingo_warehouse_analytics_analytics: BEGIN
[0m16:06:20.193566 [debug] [ThreadPool]: Opening a new connection, currently in state closed
[0m16:06:20.196810 [debug] [ThreadPool]: SQL status: BEGIN in 0.0 seconds
[0m16:06:20.197122 [debug] [ThreadPool]: Using postgres connection "list_foodingo_warehouse_analytics_analytics"
[0m16:06:20.197365 [debug] [ThreadPool]: On list_foodingo_warehouse_analytics_analytics: /* {"app": "dbt", "dbt_version": "1.7.9", "profile_name": "foodingo", "target_name": "dev", "connection_name": "list_foodingo_warehouse_analytics_analytics"} */
select
      'foodingo_warehouse' as database,
      tablename as name,
      schemaname as schema,
      'table' as type
    from pg_tables
    where schemaname ilike 'analytics_analytics'
    union all
    select
      'foodingo_warehouse' as database,
      viewname as name,
      schemaname as schema,
      'view' as type
    from pg_views
    where schemaname ilike 'analytics_analytics'
    union all
    select
      'foodingo_warehouse' as database,
      matviewname as name,
      schemaname as schema,
      'materialized_view' as type
    from pg_matviews
    where schemaname ilike 'analytics_analytics'
  
[0m16:06:20.199933 [debug] [ThreadPool]: SQL status: SELECT 5 in 0.0 seconds
[0m16:06:20.200616 [debug] [ThreadPool]: On list_foodingo_warehouse_analytics_analytics: ROLLBACK
[0m16:06:20.200898 [debug] [ThreadPool]: On list_foodingo_warehouse_analytics_analytics: Close
[0m16:06:20.203546 [debug] [MainThread]: Using postgres connection "master"
[0m16:06:20.203766 [debug] [MainThread]: On master: BEGIN
[0m16:06:20.203955 [debug] [MainThread]: Opening a new connection, currently in state init
[0m16:06:20.206818 [debug] [MainThread]: SQL status: BEGIN in 0.0 seconds
[0m16:06:20.207017 [debug] [MainThread]: Using postgres connection "master"
[0m16:06:20.207221 [debug] [MainThread]: On master: /* {"app": "dbt", "dbt_version": "1.7.9", "profile_name": "foodingo", "target_name": "dev", "connection_name": "master"} */
with relation as (
        select
            pg_rewrite.ev_class as class,
            pg_rewrite.oid as id
        from pg_rewrite
    ),
    class as (
        select
            oid as id,
            relname as name,
            relnamespace as schema,
            relkind as kind
        from pg_class
    ),
    dependency as (
        select distinct
            pg_depend.objid as id,
            pg_depend.refobjid as ref
        from pg_depend
    ),
    schema as (
        select
            pg_namespace.oid as id,
            pg_namespace.nspname as name
        from pg_namespace
        where nspname != 'information_schema' and nspname not like 'pg\_%'
    ),
    referenced as (
        select
            relation.id AS id,
            referenced_class.name ,
            referenced_class.schema ,
            referenced_class.kind
        from relation
        join class as referenced_class on relation.class=referenced_class.id
        where referenced_class.kind in ('r', 'v', 'm')
    ),
    relationships as (
        select
            referenced.name as referenced_name,
            referenced.schema as referenced_schema_id,
            dependent_class.name as dependent_name,
            dependent_class.schema as dependent_schema_id,
            referenced.kind as kind
        from referenced
        join dependency on referenced.id=dependency.id
        join class as dependent_class on dependency.ref=dependent_class.id
        where
            (referenced.name != dependent_class.name or
             referenced.schema != dependent_class.schema)
    )

    select
        referenced_schema.name as referenced_schema,
        relationships.referenced_name as referenced_name,
        dependent_schema.name as dependent_schema,
        relationships.dependent_name as dependent_name
    from relationships
    join schema as dependent_schema on relationships.dependent_schema_id=dependent_schema.id
    join schema as referenced_schema on relationships.referenced_schema_id=referenced_schema.id
    group by referenced_schema, referenced_name, dependent_schema, dependent_name
    order by referenced_schema, referenced_name, dependent_schema, dependent_name;
[0m16:06:20.212118 [debug] [MainThread]: SQL status: SELECT 51 in 0.0 seconds
[0m16:06:20.212938 [debug] [MainThread]: Sending event: {'category': 'dbt', 'action': 'runnable_timing', 'label': 'fb79b96b-e985-4856-a56e-089c8e353244', 'context': [<snowplow_tracker.self_describing_json.SelfDescribingJson object at 0xffffb7cc0e50>]}
[0m16:06:20.213270 [debug] [MainThread]: On master: ROLLBACK
[0m16:06:20.213540 [debug] [MainThread]: Using postgres connection "master"
[0m16:06:20.213773 [debug] [MainThread]: On master: BEGIN
[0m16:06:20.214122 [debug] [MainThread]: SQL status: BEGIN in 0.0 seconds
[0m16:06:20.214342 [debug] [MainThread]: On master: COMMIT
[0m16:06:20.214525 [debug] [MainThread]: Using postgres connection "master"
[0m16:06:20.214707 [debug] [MainThread]: On master: COMMIT
[0m16:06:20.214934 [debug] [MainThread]: SQL status: COMMIT in 0.0 seconds
[0m16:06:20.215119 [debug] [MainThread]: On master: Close
[0m16:06:20.215466 [info ] [MainThread]: Concurrency: 2 threads (target='dev')
[0m16:06:20.215670 [info ] [MainThread]: 
[0m16:06:20.219382 [debug] [Thread-1 (]: Began running node model.foodingo.fact_cart_events
[0m16:06:20.219630 [debug] [Thread-2 (]: Began running node model.foodingo.fact_orders
[0m16:06:20.219949 [info ] [Thread-1 (]: 1 of 2 START sql table model analytics_analytics.fact_cart_events .............. [RUN]
[0m16:06:20.220302 [info ] [Thread-2 (]: 2 of 2 START sql table model analytics_analytics.fact_orders ................... [RUN]
[0m16:06:20.220719 [debug] [Thread-1 (]: Re-using an available connection from the pool (formerly list_foodingo_warehouse_analytics_analytics, now model.foodingo.fact_cart_events)
[0m16:06:20.221183 [debug] [Thread-2 (]: Acquiring new postgres connection 'model.foodingo.fact_orders'
[0m16:06:20.221457 [debug] [Thread-1 (]: Began compiling node model.foodingo.fact_cart_events
[0m16:06:20.221737 [debug] [Thread-2 (]: Began compiling node model.foodingo.fact_orders
[0m16:06:20.224725 [debug] [Thread-1 (]: Writing injected SQL for node "model.foodingo.fact_cart_events"
[0m16:06:20.225964 [debug] [Thread-2 (]: Writing injected SQL for node "model.foodingo.fact_orders"
[0m16:06:20.226731 [debug] [Thread-1 (]: Timing info for model.foodingo.fact_cart_events (compile): 16:06:20.221913 => 16:06:20.226619
[0m16:06:20.227119 [debug] [Thread-1 (]: Began executing node model.foodingo.fact_cart_events
[0m16:06:20.226973 [debug] [Thread-2 (]: Timing info for model.foodingo.fact_orders (compile): 16:06:20.224940 => 16:06:20.226873
[0m16:06:20.242318 [debug] [Thread-2 (]: Began executing node model.foodingo.fact_orders
[0m16:06:20.242127 [debug] [Thread-1 (]: Writing runtime sql for node "model.foodingo.fact_cart_events"
[0m16:06:20.244178 [debug] [Thread-2 (]: Writing runtime sql for node "model.foodingo.fact_orders"
[0m16:06:20.244908 [debug] [Thread-1 (]: Using postgres connection "model.foodingo.fact_cart_events"
[0m16:06:20.245115 [debug] [Thread-2 (]: Using postgres connection "model.foodingo.fact_orders"
[0m16:06:20.245509 [debug] [Thread-2 (]: On model.foodingo.fact_orders: BEGIN
[0m16:06:20.245310 [debug] [Thread-1 (]: On model.foodingo.fact_cart_events: BEGIN
[0m16:06:20.245897 [debug] [Thread-1 (]: Opening a new connection, currently in state closed
[0m16:06:20.245700 [debug] [Thread-2 (]: Opening a new connection, currently in state init
[0m16:06:20.248918 [debug] [Thread-1 (]: SQL status: BEGIN in 0.0 seconds
[0m16:06:20.249153 [debug] [Thread-1 (]: Using postgres connection "model.foodingo.fact_cart_events"
[0m16:06:20.249430 [debug] [Thread-1 (]: On model.foodingo.fact_cart_events: /* {"app": "dbt", "dbt_version": "1.7.9", "profile_name": "foodingo", "target_name": "dev", "node_id": "model.foodingo.fact_cart_events"} */

  
    

  create  table "foodingo_warehouse"."analytics_analytics"."fact_cart_events__dbt_tmp"
  
  
    as
  
  (
    -- models/facts/fact_cart_events.sql


SELECT
    user_id,
    food_id,
    quantity,
    event_type,
    DATE(event_timestamp)               AS event_date,
    EXTRACT(HOUR FROM event_timestamp)  AS event_hour,
    event_timestamp                     AS event_time
FROM "foodingo_warehouse"."analytics_analytics"."stg_cart"
  );
  
[0m16:06:20.249580 [debug] [Thread-2 (]: SQL status: BEGIN in 0.0 seconds
[0m16:06:20.249862 [debug] [Thread-2 (]: Using postgres connection "model.foodingo.fact_orders"
[0m16:06:20.250092 [debug] [Thread-2 (]: On model.foodingo.fact_orders: /* {"app": "dbt", "dbt_version": "1.7.9", "profile_name": "foodingo", "target_name": "dev", "node_id": "model.foodingo.fact_orders"} */

  
    

  create  table "foodingo_warehouse"."analytics_analytics"."fact_orders__dbt_tmp"
  
  
    as
  
  (
    -- models/facts/fact_orders.sql
-- One row per paid order — the primary fact table for revenue analytics



SELECT
    order_id,
    user_id,
    amount,
    payment_status,
    order_status,
    jsonb_array_length(ordered_items)   AS item_count,
    DATE(event_timestamp)               AS order_date,
    EXTRACT(HOUR FROM event_timestamp)  AS order_hour,
    event_timestamp                     AS created_at
FROM "foodingo_warehouse"."analytics_analytics"."stg_orders"
WHERE event_type = 'order.created'
  AND payment_status IS NOT NULL
  );
  
[0m16:06:20.252590 [debug] [Thread-1 (]: SQL status: SELECT 15 in 0.0 seconds
[0m16:06:20.256028 [debug] [Thread-1 (]: Using postgres connection "model.foodingo.fact_cart_events"
[0m16:06:20.256318 [debug] [Thread-2 (]: SQL status: SELECT 1 in 0.0 seconds
[0m16:06:20.256601 [debug] [Thread-1 (]: On model.foodingo.fact_cart_events: /* {"app": "dbt", "dbt_version": "1.7.9", "profile_name": "foodingo", "target_name": "dev", "node_id": "model.foodingo.fact_cart_events"} */
alter table "foodingo_warehouse"."analytics_analytics"."fact_cart_events" rename to "fact_cart_events__dbt_backup"
[0m16:06:20.257922 [debug] [Thread-2 (]: Using postgres connection "model.foodingo.fact_orders"
[0m16:06:20.258208 [debug] [Thread-2 (]: On model.foodingo.fact_orders: /* {"app": "dbt", "dbt_version": "1.7.9", "profile_name": "foodingo", "target_name": "dev", "node_id": "model.foodingo.fact_orders"} */
alter table "foodingo_warehouse"."analytics_analytics"."fact_orders" rename to "fact_orders__dbt_backup"
[0m16:06:20.258629 [debug] [Thread-1 (]: SQL status: ALTER TABLE in 0.0 seconds
[0m16:06:20.258789 [debug] [Thread-2 (]: SQL status: ALTER TABLE in 0.0 seconds
[0m16:06:20.259994 [debug] [Thread-1 (]: Using postgres connection "model.foodingo.fact_cart_events"
[0m16:06:20.261105 [debug] [Thread-2 (]: Using postgres connection "model.foodingo.fact_orders"
[0m16:06:20.261488 [debug] [Thread-2 (]: On model.foodingo.fact_orders: /* {"app": "dbt", "dbt_version": "1.7.9", "profile_name": "foodingo", "target_name": "dev", "node_id": "model.foodingo.fact_orders"} */
alter table "foodingo_warehouse"."analytics_analytics"."fact_orders__dbt_tmp" rename to "fact_orders"
[0m16:06:20.261297 [debug] [Thread-1 (]: On model.foodingo.fact_cart_events: /* {"app": "dbt", "dbt_version": "1.7.9", "profile_name": "foodingo", "target_name": "dev", "node_id": "model.foodingo.fact_cart_events"} */
alter table "foodingo_warehouse"."analytics_analytics"."fact_cart_events__dbt_tmp" rename to "fact_cart_events"
[0m16:06:20.261800 [debug] [Thread-2 (]: SQL status: ALTER TABLE in 0.0 seconds
[0m16:06:20.261940 [debug] [Thread-1 (]: SQL status: ALTER TABLE in 0.0 seconds
[0m16:06:20.270136 [debug] [Thread-1 (]: On model.foodingo.fact_cart_events: COMMIT
[0m16:06:20.269285 [debug] [Thread-2 (]: On model.foodingo.fact_orders: COMMIT
[0m16:06:20.270559 [debug] [Thread-2 (]: Using postgres connection "model.foodingo.fact_orders"
[0m16:06:20.270362 [debug] [Thread-1 (]: Using postgres connection "model.foodingo.fact_cart_events"
[0m16:06:20.270964 [debug] [Thread-1 (]: On model.foodingo.fact_cart_events: COMMIT
[0m16:06:20.270766 [debug] [Thread-2 (]: On model.foodingo.fact_orders: COMMIT
[0m16:06:20.271660 [debug] [Thread-1 (]: SQL status: COMMIT in 0.0 seconds
[0m16:06:20.271814 [debug] [Thread-2 (]: SQL status: COMMIT in 0.0 seconds
[0m16:06:20.274221 [debug] [Thread-1 (]: Applying DROP to: "foodingo_warehouse"."analytics_analytics"."fact_cart_events__dbt_backup"
[0m16:06:20.275222 [debug] [Thread-2 (]: Applying DROP to: "foodingo_warehouse"."analytics_analytics"."fact_orders__dbt_backup"
[0m16:06:20.277735 [debug] [Thread-2 (]: Using postgres connection "model.foodingo.fact_orders"
[0m16:06:20.277323 [debug] [Thread-1 (]: Using postgres connection "model.foodingo.fact_cart_events"
[0m16:06:20.278119 [debug] [Thread-1 (]: On model.foodingo.fact_cart_events: /* {"app": "dbt", "dbt_version": "1.7.9", "profile_name": "foodingo", "target_name": "dev", "node_id": "model.foodingo.fact_cart_events"} */
drop table if exists "foodingo_warehouse"."analytics_analytics"."fact_cart_events__dbt_backup" cascade
[0m16:06:20.277921 [debug] [Thread-2 (]: On model.foodingo.fact_orders: /* {"app": "dbt", "dbt_version": "1.7.9", "profile_name": "foodingo", "target_name": "dev", "node_id": "model.foodingo.fact_orders"} */
drop table if exists "foodingo_warehouse"."analytics_analytics"."fact_orders__dbt_backup" cascade
[0m16:06:20.279718 [debug] [Thread-2 (]: SQL status: DROP TABLE in 0.0 seconds
[0m16:06:20.279863 [debug] [Thread-1 (]: SQL status: DROP TABLE in 0.0 seconds
[0m16:06:20.280990 [debug] [Thread-1 (]: Timing info for model.foodingo.fact_cart_events (execute): 16:06:20.227245 => 16:06:20.280916
[0m16:06:20.280462 [debug] [Thread-2 (]: Timing info for model.foodingo.fact_orders (execute): 16:06:20.242477 => 16:06:20.280374
[0m16:06:20.281479 [debug] [Thread-2 (]: On model.foodingo.fact_orders: Close
[0m16:06:20.281178 [debug] [Thread-1 (]: On model.foodingo.fact_cart_events: Close
[0m16:06:20.281858 [debug] [Thread-2 (]: Sending event: {'category': 'dbt', 'action': 'run_model', 'label': 'fb79b96b-e985-4856-a56e-089c8e353244', 'context': [<snowplow_tracker.self_describing_json.SelfDescribingJson object at 0xffffb6e79350>]}
[0m16:06:20.282529 [info ] [Thread-2 (]: 2 of 2 OK created sql table model analytics_analytics.fact_orders .............. [[32mSELECT 1[0m in 0.06s]
[0m16:06:20.282168 [debug] [Thread-1 (]: Sending event: {'category': 'dbt', 'action': 'run_model', 'label': 'fb79b96b-e985-4856-a56e-089c8e353244', 'context': [<snowplow_tracker.self_describing_json.SelfDescribingJson object at 0xffffb6e78f50>]}
[0m16:06:20.283136 [info ] [Thread-1 (]: 1 of 2 OK created sql table model analytics_analytics.fact_cart_events ......... [[32mSELECT 15[0m in 0.06s]
[0m16:06:20.282858 [debug] [Thread-2 (]: Finished running node model.foodingo.fact_orders
[0m16:06:20.283447 [debug] [Thread-1 (]: Finished running node model.foodingo.fact_cart_events
[0m16:06:20.284238 [debug] [MainThread]: Using postgres connection "master"
[0m16:06:20.284439 [debug] [MainThread]: On master: BEGIN
[0m16:06:20.284596 [debug] [MainThread]: Opening a new connection, currently in state closed
[0m16:06:20.286906 [debug] [MainThread]: SQL status: BEGIN in 0.0 seconds
[0m16:06:20.287082 [debug] [MainThread]: On master: COMMIT
[0m16:06:20.287260 [debug] [MainThread]: Using postgres connection "master"
[0m16:06:20.287471 [debug] [MainThread]: On master: COMMIT
[0m16:06:20.287665 [debug] [MainThread]: SQL status: COMMIT in 0.0 seconds
[0m16:06:20.287821 [debug] [MainThread]: On master: Close
[0m16:06:20.288133 [debug] [MainThread]: Connection 'master' was properly closed.
[0m16:06:20.288400 [debug] [MainThread]: Connection 'model.foodingo.fact_cart_events' was properly closed.
[0m16:06:20.288632 [debug] [MainThread]: Connection 'model.foodingo.fact_orders' was properly closed.
[0m16:06:20.288849 [info ] [MainThread]: 
[0m16:06:20.289035 [info ] [MainThread]: Finished running 2 table models in 0 hours 0 minutes and 0.11 seconds (0.11s).
[0m16:06:20.289390 [debug] [MainThread]: Command end result
[0m16:06:20.293312 [info ] [MainThread]: 
[0m16:06:20.293520 [info ] [MainThread]: [32mCompleted successfully[0m
[0m16:06:20.293717 [info ] [MainThread]: 
[0m16:06:20.293905 [info ] [MainThread]: Done. PASS=2 WARN=0 ERROR=0 SKIP=0 TOTAL=2
[0m16:06:20.294338 [debug] [MainThread]: Resource report: {"command_name": "run", "command_success": true, "command_wall_clock_time": 0.27252075, "process_user_time": 1.398572, "process_kernel_time": 0.118132, "process_mem_max_rss": "161148", "process_out_blocks": "1639", "process_in_blocks": "0"}
[0m16:06:20.294645 [debug] [MainThread]: Command `dbt run` succeeded at 16:06:20.294585 after 0.27 seconds
[0m16:06:20.294878 [debug] [MainThread]: Sending event: {'category': 'dbt', 'action': 'invocation', 'label': 'end', 'context': [<snowplow_tracker.self_describing_json.SelfDescribingJson object at 0xffffb7ca6690>, <snowplow_tracker.self_describing_json.SelfDescribingJson object at 0xffffb6f8aa50>, <snowplow_tracker.self_describing_json.SelfDescribingJson object at 0xffffb7ca6d10>]}
[0m16:06:20.295102 [debug] [MainThread]: Flushing usage events
[0m16:06:20.914562 [debug] [MainThread]: Sending event: {'category': 'dbt', 'action': 'invocation', 'label': 'start', 'context': [<snowplow_tracker.self_describing_json.SelfDescribingJson object at 0xffff82c03690>, <snowplow_tracker.self_describing_json.SelfDescribingJson object at 0xffff831f4e10>, <snowplow_tracker.self_describing_json.SelfDescribingJson object at 0xffff8360fd50>]}


============================== 16:06:20.917479 | b308e7fa-2092-4c5a-b64d-421c3e482ef2 ==============================
[0m16:06:20.917479 [info ] [MainThread]: Running with dbt=1.7.9
[0m16:06:20.917964 [debug] [MainThread]: running dbt with arguments {'printer_width': '80', 'indirect_selection': 'eager', 'log_cache_events': 'False', 'write_json': 'True', 'partial_parse': 'True', 'cache_selected_only': 'False', 'warn_error': 'None', 'version_check': 'True', 'fail_fast': 'False', 'log_path': '/opt/airflow/dbt/logs', 'profiles_dir': '/opt/airflow/dbt', 'debug': 'False', 'use_colors': 'True', 'use_experimental_parser': 'False', 'no_print': 'None', 'quiet': 'False', 'log_format': 'default', 'invocation_command': 'dbt run --profiles-dir /opt/airflow/dbt --project-dir /opt/airflow/dbt --select marts', 'static_parser': 'True', 'warn_error_options': 'WarnErrorOptions(include=[], exclude=[])', 'target_path': 'None', 'introspect': 'True', 'send_anonymous_usage_stats': 'True'}
[0m16:06:20.983481 [debug] [MainThread]: Sending event: {'category': 'dbt', 'action': 'project_id', 'label': 'b308e7fa-2092-4c5a-b64d-421c3e482ef2', 'context': [<snowplow_tracker.self_describing_json.SelfDescribingJson object at 0xffff83387f10>]}
[0m16:06:21.015480 [debug] [MainThread]: Sending event: {'category': 'dbt', 'action': 'adapter_info', 'label': 'b308e7fa-2092-4c5a-b64d-421c3e482ef2', 'context': [<snowplow_tracker.self_describing_json.SelfDescribingJson object at 0xffff82f328d0>]}
[0m16:06:21.016044 [info ] [MainThread]: Registered adapter: postgres=1.7.9
[0m16:06:21.019501 [debug] [MainThread]: checksum: 6ff0d83c3b46f350064523b4e08d9241403ad71d606ba49c4e670afba3668b39, vars: {}, profile: , target: , version: 1.7.9
[0m16:06:21.032790 [debug] [MainThread]: Partial parsing enabled: 0 files deleted, 0 files added, 0 files changed.
[0m16:06:21.033106 [debug] [MainThread]: Partial parsing enabled, no changes found, skipping parsing
[0m16:06:21.037059 [debug] [MainThread]: Sending event: {'category': 'dbt', 'action': 'load_project', 'label': 'b308e7fa-2092-4c5a-b64d-421c3e482ef2', 'context': [<snowplow_tracker.self_describing_json.SelfDescribingJson object at 0xffff81d928d0>]}
[0m16:06:21.045908 [debug] [MainThread]: Sending event: {'category': 'dbt', 'action': 'resource_counts', 'label': 'b308e7fa-2092-4c5a-b64d-421c3e482ef2', 'context': [<snowplow_tracker.self_describing_json.SelfDescribingJson object at 0xffff81ec3050>]}
[0m16:06:21.046218 [info ] [MainThread]: Found 10 models, 0 sources, 0 exposures, 0 metrics, 401 macros, 0 groups, 0 semantic models
[0m16:06:21.046628 [debug] [MainThread]: Sending event: {'category': 'dbt', 'action': 'runnable_timing', 'label': 'b308e7fa-2092-4c5a-b64d-421c3e482ef2', 'context': [<snowplow_tracker.self_describing_json.SelfDescribingJson object at 0xffff82114610>]}
[0m16:06:21.047551 [info ] [MainThread]: 
[0m16:06:21.047996 [debug] [MainThread]: Acquiring new postgres connection 'master'
[0m16:06:21.048808 [debug] [ThreadPool]: Acquiring new postgres connection 'list_foodingo_warehouse'
[0m16:06:21.053213 [debug] [ThreadPool]: Using postgres connection "list_foodingo_warehouse"
[0m16:06:21.053642 [debug] [ThreadPool]: On list_foodingo_warehouse: /* {"app": "dbt", "dbt_version": "1.7.9", "profile_name": "foodingo", "target_name": "dev", "connection_name": "list_foodingo_warehouse"} */

    select distinct nspname from pg_namespace
  
[0m16:06:21.053976 [debug] [ThreadPool]: Opening a new connection, currently in state init
[0m16:06:21.059443 [debug] [ThreadPool]: SQL status: SELECT 7 in 0.0 seconds
[0m16:06:21.060222 [debug] [ThreadPool]: On list_foodingo_warehouse: Close
[0m16:06:21.061345 [debug] [ThreadPool]: Re-using an available connection from the pool (formerly list_foodingo_warehouse, now list_foodingo_warehouse_analytics_analytics)
[0m16:06:21.064044 [debug] [ThreadPool]: Using postgres connection "list_foodingo_warehouse_analytics_analytics"
[0m16:06:21.064303 [debug] [ThreadPool]: On list_foodingo_warehouse_analytics_analytics: BEGIN
[0m16:06:21.064502 [debug] [ThreadPool]: Opening a new connection, currently in state closed
[0m16:06:21.066868 [debug] [ThreadPool]: SQL status: BEGIN in 0.0 seconds
[0m16:06:21.067176 [debug] [ThreadPool]: Using postgres connection "list_foodingo_warehouse_analytics_analytics"
[0m16:06:21.067460 [debug] [ThreadPool]: On list_foodingo_warehouse_analytics_analytics: /* {"app": "dbt", "dbt_version": "1.7.9", "profile_name": "foodingo", "target_name": "dev", "connection_name": "list_foodingo_warehouse_analytics_analytics"} */
select
      'foodingo_warehouse' as database,
      tablename as name,
      schemaname as schema,
      'table' as type
    from pg_tables
    where schemaname ilike 'analytics_analytics'
    union all
    select
      'foodingo_warehouse' as database,
      viewname as name,
      schemaname as schema,
      'view' as type
    from pg_views
    where schemaname ilike 'analytics_analytics'
    union all
    select
      'foodingo_warehouse' as database,
      matviewname as name,
      schemaname as schema,
      'materialized_view' as type
    from pg_matviews
    where schemaname ilike 'analytics_analytics'
  
[0m16:06:21.069804 [debug] [ThreadPool]: SQL status: SELECT 5 in 0.0 seconds
[0m16:06:21.070534 [debug] [ThreadPool]: On list_foodingo_warehouse_analytics_analytics: ROLLBACK
[0m16:06:21.070964 [debug] [ThreadPool]: On list_foodingo_warehouse_analytics_analytics: Close
[0m16:06:21.074585 [debug] [MainThread]: Using postgres connection "master"
[0m16:06:21.074802 [debug] [MainThread]: On master: BEGIN
[0m16:06:21.074986 [debug] [MainThread]: Opening a new connection, currently in state init
[0m16:06:21.078882 [debug] [MainThread]: SQL status: BEGIN in 0.0 seconds
[0m16:06:21.079109 [debug] [MainThread]: Using postgres connection "master"
[0m16:06:21.079314 [debug] [MainThread]: On master: /* {"app": "dbt", "dbt_version": "1.7.9", "profile_name": "foodingo", "target_name": "dev", "connection_name": "master"} */
with relation as (
        select
            pg_rewrite.ev_class as class,
            pg_rewrite.oid as id
        from pg_rewrite
    ),
    class as (
        select
            oid as id,
            relname as name,
            relnamespace as schema,
            relkind as kind
        from pg_class
    ),
    dependency as (
        select distinct
            pg_depend.objid as id,
            pg_depend.refobjid as ref
        from pg_depend
    ),
    schema as (
        select
            pg_namespace.oid as id,
            pg_namespace.nspname as name
        from pg_namespace
        where nspname != 'information_schema' and nspname not like 'pg\_%'
    ),
    referenced as (
        select
            relation.id AS id,
            referenced_class.name ,
            referenced_class.schema ,
            referenced_class.kind
        from relation
        join class as referenced_class on relation.class=referenced_class.id
        where referenced_class.kind in ('r', 'v', 'm')
    ),
    relationships as (
        select
            referenced.name as referenced_name,
            referenced.schema as referenced_schema_id,
            dependent_class.name as dependent_name,
            dependent_class.schema as dependent_schema_id,
            referenced.kind as kind
        from referenced
        join dependency on referenced.id=dependency.id
        join class as dependent_class on dependency.ref=dependent_class.id
        where
            (referenced.name != dependent_class.name or
             referenced.schema != dependent_class.schema)
    )

    select
        referenced_schema.name as referenced_schema,
        relationships.referenced_name as referenced_name,
        dependent_schema.name as dependent_schema,
        relationships.dependent_name as dependent_name
    from relationships
    join schema as dependent_schema on relationships.dependent_schema_id=dependent_schema.id
    join schema as referenced_schema on relationships.referenced_schema_id=referenced_schema.id
    group by referenced_schema, referenced_name, dependent_schema, dependent_name
    order by referenced_schema, referenced_name, dependent_schema, dependent_name;
[0m16:06:21.085378 [debug] [MainThread]: SQL status: SELECT 51 in 0.0 seconds
[0m16:06:21.086272 [debug] [MainThread]: Sending event: {'category': 'dbt', 'action': 'runnable_timing', 'label': 'b308e7fa-2092-4c5a-b64d-421c3e482ef2', 'context': [<snowplow_tracker.self_describing_json.SelfDescribingJson object at 0xffff84485350>]}
[0m16:06:21.086553 [debug] [MainThread]: On master: ROLLBACK
[0m16:06:21.086801 [debug] [MainThread]: Using postgres connection "master"
[0m16:06:21.086966 [debug] [MainThread]: On master: BEGIN
[0m16:06:21.087274 [debug] [MainThread]: SQL status: BEGIN in 0.0 seconds
[0m16:06:21.087488 [debug] [MainThread]: On master: COMMIT
[0m16:06:21.087662 [debug] [MainThread]: Using postgres connection "master"
[0m16:06:21.087824 [debug] [MainThread]: On master: COMMIT
[0m16:06:21.088052 [debug] [MainThread]: SQL status: COMMIT in 0.0 seconds
[0m16:06:21.088232 [debug] [MainThread]: On master: Close
[0m16:06:21.088602 [info ] [MainThread]: Concurrency: 2 threads (target='dev')
[0m16:06:21.088968 [info ] [MainThread]: 
[0m16:06:21.092957 [debug] [Thread-1 (]: Began running node model.foodingo.cart_abandonment
[0m16:06:21.093178 [debug] [Thread-2 (]: Began running node model.foodingo.daily_revenue
[0m16:06:21.093487 [info ] [Thread-1 (]: 1 of 5 START sql table model analytics_analytics.cart_abandonment .............. [RUN]
[0m16:06:21.093841 [info ] [Thread-2 (]: 2 of 5 START sql table model analytics_analytics.daily_revenue ................. [RUN]
[0m16:06:21.094280 [debug] [Thread-1 (]: Re-using an available connection from the pool (formerly list_foodingo_warehouse_analytics_analytics, now model.foodingo.cart_abandonment)
[0m16:06:21.094724 [debug] [Thread-2 (]: Acquiring new postgres connection 'model.foodingo.daily_revenue'
[0m16:06:21.094985 [debug] [Thread-1 (]: Began compiling node model.foodingo.cart_abandonment
[0m16:06:21.095228 [debug] [Thread-2 (]: Began compiling node model.foodingo.daily_revenue
[0m16:06:21.098443 [debug] [Thread-1 (]: Writing injected SQL for node "model.foodingo.cart_abandonment"
[0m16:06:21.099824 [debug] [Thread-2 (]: Writing injected SQL for node "model.foodingo.daily_revenue"
[0m16:06:21.100825 [debug] [Thread-1 (]: Timing info for model.foodingo.cart_abandonment (compile): 16:06:21.095416 => 16:06:21.100717
[0m16:06:21.101090 [debug] [Thread-2 (]: Timing info for model.foodingo.daily_revenue (compile): 16:06:21.098690 => 16:06:21.100955
[0m16:06:21.102178 [debug] [Thread-1 (]: Began executing node model.foodingo.cart_abandonment
[0m16:06:21.102475 [debug] [Thread-2 (]: Began executing node model.foodingo.daily_revenue
[0m16:06:21.117210 [debug] [Thread-1 (]: Writing runtime sql for node "model.foodingo.cart_abandonment"
[0m16:06:21.119098 [debug] [Thread-2 (]: Writing runtime sql for node "model.foodingo.daily_revenue"
[0m16:06:21.120071 [debug] [Thread-1 (]: Using postgres connection "model.foodingo.cart_abandonment"
[0m16:06:21.120522 [debug] [Thread-1 (]: On model.foodingo.cart_abandonment: BEGIN
[0m16:06:21.120361 [debug] [Thread-2 (]: Using postgres connection "model.foodingo.daily_revenue"
[0m16:06:21.120732 [debug] [Thread-1 (]: Opening a new connection, currently in state closed
[0m16:06:21.121044 [debug] [Thread-2 (]: On model.foodingo.daily_revenue: BEGIN
[0m16:06:21.121455 [debug] [Thread-2 (]: Opening a new connection, currently in state init
[0m16:06:21.124402 [debug] [Thread-2 (]: SQL status: BEGIN in 0.0 seconds
[0m16:06:21.124630 [debug] [Thread-1 (]: SQL status: BEGIN in 0.0 seconds
[0m16:06:21.124889 [debug] [Thread-2 (]: Using postgres connection "model.foodingo.daily_revenue"
[0m16:06:21.125108 [debug] [Thread-1 (]: Using postgres connection "model.foodingo.cart_abandonment"
[0m16:06:21.125348 [debug] [Thread-2 (]: On model.foodingo.daily_revenue: /* {"app": "dbt", "dbt_version": "1.7.9", "profile_name": "foodingo", "target_name": "dev", "node_id": "model.foodingo.daily_revenue"} */

  
    

  create  table "foodingo_warehouse"."analytics_analytics"."daily_revenue__dbt_tmp"
  
  
    as
  
  (
    -- models/marts/daily_revenue.sql


SELECT
    order_date                          AS revenue_date,
    SUM(amount)                         AS total_revenue,
    COUNT(order_id)                     AS order_count,
    AVG(amount)                         AS avg_order_value,
    COUNT(DISTINCT user_id)             AS unique_users
FROM "foodingo_warehouse"."analytics_analytics"."fact_orders"
WHERE payment_status = 'paid'
GROUP BY order_date
ORDER BY order_date DESC
  );
  
[0m16:06:21.125609 [debug] [Thread-1 (]: On model.foodingo.cart_abandonment: /* {"app": "dbt", "dbt_version": "1.7.9", "profile_name": "foodingo", "target_name": "dev", "node_id": "model.foodingo.cart_abandonment"} */

  
    

  create  table "foodingo_warehouse"."analytics_analytics"."cart_abandonment__dbt_tmp"
  
  
    as
  
  (
    -- models/marts/cart_abandonment.sql
-- Identifies users who added to cart but did NOT place an order within 24 hours



WITH cart_users AS (
    SELECT
        user_id,
        MAX(event_time)                 AS last_cart_time,
        COUNT(DISTINCT food_id)         AS cart_item_count
    FROM "foodingo_warehouse"."analytics_analytics"."fact_cart_events"
    WHERE event_type = 'cart.item_added'
    GROUP BY user_id
),

order_users AS (
    SELECT DISTINCT user_id
    FROM "foodingo_warehouse"."analytics_analytics"."fact_orders"
    WHERE payment_status = 'paid'
)

SELECT
    c.user_id,
    c.last_cart_time,
    c.cart_item_count,
    EXTRACT(DAY FROM NOW() - c.last_cart_time)::INT     AS days_since_cart,
    (o.user_id IS NOT NULL)                             AS has_ordered_after
FROM cart_users c
LEFT JOIN order_users o ON c.user_id = o.user_id
ORDER BY days_since_cart DESC
  );
  
[0m16:06:21.129026 [debug] [Thread-1 (]: SQL status: SELECT 3 in 0.0 seconds
[0m16:06:21.133429 [debug] [Thread-1 (]: Using postgres connection "model.foodingo.cart_abandonment"
[0m16:06:21.133684 [debug] [Thread-2 (]: SQL status: SELECT 0 in 0.0 seconds
[0m16:06:21.133937 [debug] [Thread-1 (]: On model.foodingo.cart_abandonment: /* {"app": "dbt", "dbt_version": "1.7.9", "profile_name": "foodingo", "target_name": "dev", "node_id": "model.foodingo.cart_abandonment"} */
alter table "foodingo_warehouse"."analytics_analytics"."cart_abandonment__dbt_tmp" rename to "cart_abandonment"
[0m16:06:21.135409 [debug] [Thread-2 (]: Using postgres connection "model.foodingo.daily_revenue"
[0m16:06:21.135764 [debug] [Thread-2 (]: On model.foodingo.daily_revenue: /* {"app": "dbt", "dbt_version": "1.7.9", "profile_name": "foodingo", "target_name": "dev", "node_id": "model.foodingo.daily_revenue"} */
alter table "foodingo_warehouse"."analytics_analytics"."daily_revenue__dbt_tmp" rename to "daily_revenue"
[0m16:06:21.135946 [debug] [Thread-1 (]: SQL status: ALTER TABLE in 0.0 seconds
[0m16:06:21.142381 [debug] [Thread-2 (]: SQL status: ALTER TABLE in 0.0 seconds
[0m16:06:21.143160 [debug] [Thread-1 (]: On model.foodingo.cart_abandonment: COMMIT
[0m16:06:21.144468 [debug] [Thread-2 (]: On model.foodingo.daily_revenue: COMMIT
[0m16:06:21.144889 [debug] [Thread-1 (]: Using postgres connection "model.foodingo.cart_abandonment"
[0m16:06:21.145230 [debug] [Thread-2 (]: Using postgres connection "model.foodingo.daily_revenue"
[0m16:06:21.145500 [debug] [Thread-1 (]: On model.foodingo.cart_abandonment: COMMIT
[0m16:06:21.145745 [debug] [Thread-2 (]: On model.foodingo.daily_revenue: COMMIT
[0m16:06:21.146693 [debug] [Thread-1 (]: SQL status: COMMIT in 0.0 seconds
[0m16:06:21.146974 [debug] [Thread-2 (]: SQL status: COMMIT in 0.0 seconds
[0m16:06:21.149872 [debug] [Thread-1 (]: Applying DROP to: "foodingo_warehouse"."analytics_analytics"."cart_abandonment__dbt_backup"
[0m16:06:21.151056 [debug] [Thread-2 (]: Applying DROP to: "foodingo_warehouse"."analytics_analytics"."daily_revenue__dbt_backup"
[0m16:06:21.153235 [debug] [Thread-1 (]: Using postgres connection "model.foodingo.cart_abandonment"
[0m16:06:21.153833 [debug] [Thread-2 (]: Using postgres connection "model.foodingo.daily_revenue"
[0m16:06:21.154110 [debug] [Thread-1 (]: On model.foodingo.cart_abandonment: /* {"app": "dbt", "dbt_version": "1.7.9", "profile_name": "foodingo", "target_name": "dev", "node_id": "model.foodingo.cart_abandonment"} */
drop table if exists "foodingo_warehouse"."analytics_analytics"."cart_abandonment__dbt_backup" cascade
[0m16:06:21.154352 [debug] [Thread-2 (]: On model.foodingo.daily_revenue: /* {"app": "dbt", "dbt_version": "1.7.9", "profile_name": "foodingo", "target_name": "dev", "node_id": "model.foodingo.daily_revenue"} */
drop table if exists "foodingo_warehouse"."analytics_analytics"."daily_revenue__dbt_backup" cascade
[0m16:06:21.154832 [debug] [Thread-1 (]: SQL status: DROP TABLE in 0.0 seconds
[0m16:06:21.155010 [debug] [Thread-2 (]: SQL status: DROP TABLE in 0.0 seconds
[0m16:06:21.155708 [debug] [Thread-1 (]: Timing info for model.foodingo.cart_abandonment (execute): 16:06:21.102628 => 16:06:21.155614
[0m16:06:21.156365 [debug] [Thread-2 (]: Timing info for model.foodingo.daily_revenue (execute): 16:06:21.117383 => 16:06:21.156285
[0m16:06:21.156582 [debug] [Thread-1 (]: On model.foodingo.cart_abandonment: Close
[0m16:06:21.156810 [debug] [Thread-2 (]: On model.foodingo.daily_revenue: Close
[0m16:06:21.157224 [debug] [Thread-1 (]: Sending event: {'category': 'dbt', 'action': 'run_model', 'label': 'b308e7fa-2092-4c5a-b64d-421c3e482ef2', 'context': [<snowplow_tracker.self_describing_json.SelfDescribingJson object at 0xffff81e8ffd0>]}
[0m16:06:21.157660 [debug] [Thread-2 (]: Sending event: {'category': 'dbt', 'action': 'run_model', 'label': 'b308e7fa-2092-4c5a-b64d-421c3e482ef2', 'context': [<snowplow_tracker.self_describing_json.SelfDescribingJson object at 0xffff81e53790>]}
[0m16:06:21.158105 [info ] [Thread-1 (]: 1 of 5 OK created sql table model analytics_analytics.cart_abandonment ......... [[32mSELECT 3[0m in 0.06s]
[0m16:06:21.158623 [info ] [Thread-2 (]: 2 of 5 OK created sql table model analytics_analytics.daily_revenue ............ [[32mSELECT 0[0m in 0.06s]
[0m16:06:21.159002 [debug] [Thread-1 (]: Finished running node model.foodingo.cart_abandonment
[0m16:06:21.159309 [debug] [Thread-2 (]: Finished running node model.foodingo.daily_revenue
[0m16:06:21.159556 [debug] [Thread-1 (]: Began running node model.foodingo.food_popularity
[0m16:06:21.159864 [debug] [Thread-2 (]: Began running node model.foodingo.ml_user_order_matrix
[0m16:06:21.160113 [info ] [Thread-1 (]: 3 of 5 START sql table model analytics_analytics.food_popularity ............... [RUN]
[0m16:06:21.160494 [info ] [Thread-2 (]: 4 of 5 START sql table model analytics_analytics.ml_user_order_matrix .......... [RUN]
[0m16:06:21.160893 [debug] [Thread-1 (]: Re-using an available connection from the pool (formerly model.foodingo.cart_abandonment, now model.foodingo.food_popularity)
[0m16:06:21.161242 [debug] [Thread-2 (]: Re-using an available connection from the pool (formerly model.foodingo.daily_revenue, now model.foodingo.ml_user_order_matrix)
[0m16:06:21.161514 [debug] [Thread-1 (]: Began compiling node model.foodingo.food_popularity
[0m16:06:21.161760 [debug] [Thread-2 (]: Began compiling node model.foodingo.ml_user_order_matrix
[0m16:06:21.163279 [debug] [Thread-1 (]: Writing injected SQL for node "model.foodingo.food_popularity"
[0m16:06:21.164532 [debug] [Thread-2 (]: Writing injected SQL for node "model.foodingo.ml_user_order_matrix"
[0m16:06:21.165271 [debug] [Thread-1 (]: Timing info for model.foodingo.food_popularity (compile): 16:06:21.161950 => 16:06:21.165162
[0m16:06:21.165694 [debug] [Thread-1 (]: Began executing node model.foodingo.food_popularity
[0m16:06:21.165548 [debug] [Thread-2 (]: Timing info for model.foodingo.ml_user_order_matrix (compile): 16:06:21.163506 => 16:06:21.165445
[0m16:06:21.167471 [debug] [Thread-1 (]: Writing runtime sql for node "model.foodingo.food_popularity"
[0m16:06:21.167718 [debug] [Thread-2 (]: Began executing node model.foodingo.ml_user_order_matrix
[0m16:06:21.169477 [debug] [Thread-2 (]: Writing runtime sql for node "model.foodingo.ml_user_order_matrix"
[0m16:06:21.169874 [debug] [Thread-1 (]: Using postgres connection "model.foodingo.food_popularity"
[0m16:06:21.170181 [debug] [Thread-1 (]: On model.foodingo.food_popularity: BEGIN
[0m16:06:21.170381 [debug] [Thread-1 (]: Opening a new connection, currently in state closed
[0m16:06:21.170637 [debug] [Thread-2 (]: Using postgres connection "model.foodingo.ml_user_order_matrix"
[0m16:06:21.170956 [debug] [Thread-2 (]: On model.foodingo.ml_user_order_matrix: BEGIN
[0m16:06:21.171125 [debug] [Thread-2 (]: Opening a new connection, currently in state closed
[0m16:06:21.173492 [debug] [Thread-1 (]: SQL status: BEGIN in 0.0 seconds
[0m16:06:21.173668 [debug] [Thread-2 (]: SQL status: BEGIN in 0.0 seconds
[0m16:06:21.173859 [debug] [Thread-1 (]: Using postgres connection "model.foodingo.food_popularity"
[0m16:06:21.174039 [debug] [Thread-2 (]: Using postgres connection "model.foodingo.ml_user_order_matrix"
[0m16:06:21.174242 [debug] [Thread-1 (]: On model.foodingo.food_popularity: /* {"app": "dbt", "dbt_version": "1.7.9", "profile_name": "foodingo", "target_name": "dev", "node_id": "model.foodingo.food_popularity"} */

  
    

  create  table "foodingo_warehouse"."analytics_analytics"."food_popularity__dbt_tmp"
  
  
    as
  
  (
    -- models/marts/food_popularity.sql
-- Explodes the ordered_items JSONB array to get per-food-item order counts



WITH exploded AS (
    SELECT
        order_id,
        amount,
        jsonb_array_elements(ordered_items) AS item
    FROM "foodingo_warehouse"."analytics_analytics"."fact_orders"
    WHERE payment_status = 'paid'
)

SELECT
    item->>'foodId'       AS food_id,
    item->>'name'         AS food_name,
    item->>'category'     AS category,
    COUNT(*)              AS order_count,
    SUM(
        (item->>'price')::DECIMAL * (item->>'quantity')::INT
    )                     AS total_revenue,
    AVG((item->>'price')::DECIMAL) AS avg_price
FROM exploded
WHERE item->>'foodId' IS NOT NULL
GROUP BY food_id, food_name, category
ORDER BY order_count DESC
  );
  
[0m16:06:21.174454 [debug] [Thread-2 (]: On model.foodingo.ml_user_order_matrix: /* {"app": "dbt", "dbt_version": "1.7.9", "profile_name": "foodingo", "target_name": "dev", "node_id": "model.foodingo.ml_user_order_matrix"} */

  
    

  create  table "foodingo_warehouse"."analytics_analytics"."ml_user_order_matrix__dbt_tmp"
  
  
    as
  
  (
    -- models/marts/ml_user_order_matrix.sql
-- User × Food order count matrix — input for collaborative filtering recommender



WITH exploded AS (
    SELECT
        user_id,
        jsonb_array_elements(ordered_items)->>'foodId' AS food_id
    FROM "foodingo_warehouse"."analytics_analytics"."fact_orders"
    WHERE payment_status = 'paid'
      AND user_id IS NOT NULL
)

SELECT
    user_id,
    food_id,
    COUNT(*)   AS order_count
FROM exploded
WHERE food_id IS NOT NULL
GROUP BY user_id, food_id
  );
  
[0m16:06:21.174946 [debug] [Thread-1 (]: Postgres adapter: Postgres error: column "ordered_items" does not exist
LINE 21:         jsonb_array_elements(ordered_items) AS item
                                      ^

[0m16:06:21.175211 [debug] [Thread-2 (]: Postgres adapter: Postgres error: column "ordered_items" does not exist
LINE 20:         jsonb_array_elements(ordered_items)->>'foodId' AS fo...
                                      ^

[0m16:06:21.175452 [debug] [Thread-1 (]: On model.foodingo.food_popularity: ROLLBACK
[0m16:06:21.175676 [debug] [Thread-2 (]: On model.foodingo.ml_user_order_matrix: ROLLBACK
[0m16:06:21.176046 [debug] [Thread-1 (]: Timing info for model.foodingo.food_popularity (execute): 16:06:21.165827 => 16:06:21.175954
[0m16:06:21.176278 [debug] [Thread-2 (]: Timing info for model.foodingo.ml_user_order_matrix (execute): 16:06:21.167954 => 16:06:21.176184
[0m16:06:21.176559 [debug] [Thread-1 (]: On model.foodingo.food_popularity: Close
[0m16:06:21.176842 [debug] [Thread-2 (]: On model.foodingo.ml_user_order_matrix: Close
[0m16:06:21.180538 [debug] [Thread-1 (]: Database Error in model food_popularity (models/marts/food_popularity.sql)
  column "ordered_items" does not exist
  LINE 21:         jsonb_array_elements(ordered_items) AS item
                                        ^
  compiled Code at target/run/foodingo/models/marts/food_popularity.sql
[0m16:06:21.181085 [debug] [Thread-2 (]: Database Error in model ml_user_order_matrix (models/marts/ml_user_order_matrix.sql)
  column "ordered_items" does not exist
  LINE 20:         jsonb_array_elements(ordered_items)->>'foodId' AS fo...
                                        ^
  compiled Code at target/run/foodingo/models/marts/ml_user_order_matrix.sql
[0m16:06:21.181389 [debug] [Thread-1 (]: Sending event: {'category': 'dbt', 'action': 'run_model', 'label': 'b308e7fa-2092-4c5a-b64d-421c3e482ef2', 'context': [<snowplow_tracker.self_describing_json.SelfDescribingJson object at 0xffff81e4d550>]}
[0m16:06:21.181624 [debug] [Thread-2 (]: Sending event: {'category': 'dbt', 'action': 'run_model', 'label': 'b308e7fa-2092-4c5a-b64d-421c3e482ef2', 'context': [<snowplow_tracker.self_describing_json.SelfDescribingJson object at 0xffff81f6bdd0>]}
[0m16:06:21.181971 [error] [Thread-1 (]: 3 of 5 ERROR creating sql table model analytics_analytics.food_popularity ...... [[31mERROR[0m in 0.02s]
[0m16:06:21.182301 [error] [Thread-2 (]: 4 of 5 ERROR creating sql table model analytics_analytics.ml_user_order_matrix . [[31mERROR[0m in 0.02s]
[0m16:06:21.182580 [debug] [Thread-1 (]: Finished running node model.foodingo.food_popularity
[0m16:06:21.182834 [debug] [Thread-2 (]: Finished running node model.foodingo.ml_user_order_matrix
[0m16:06:21.183081 [debug] [Thread-1 (]: Began running node model.foodingo.user_funnel
[0m16:06:21.183687 [info ] [Thread-1 (]: 5 of 5 START sql table model analytics_analytics.user_funnel ................... [RUN]
[0m16:06:21.184060 [debug] [Thread-1 (]: Re-using an available connection from the pool (formerly model.foodingo.food_popularity, now model.foodingo.user_funnel)
[0m16:06:21.184272 [debug] [Thread-1 (]: Began compiling node model.foodingo.user_funnel
[0m16:06:21.185971 [debug] [Thread-1 (]: Writing injected SQL for node "model.foodingo.user_funnel"
[0m16:06:21.186604 [debug] [Thread-1 (]: Timing info for model.foodingo.user_funnel (compile): 16:06:21.184428 => 16:06:21.186510
[0m16:06:21.186846 [debug] [Thread-1 (]: Began executing node model.foodingo.user_funnel
[0m16:06:21.188978 [debug] [Thread-1 (]: Writing runtime sql for node "model.foodingo.user_funnel"
[0m16:06:21.189440 [debug] [Thread-1 (]: Using postgres connection "model.foodingo.user_funnel"
[0m16:06:21.189634 [debug] [Thread-1 (]: On model.foodingo.user_funnel: BEGIN
[0m16:06:21.189826 [debug] [Thread-1 (]: Opening a new connection, currently in state closed
[0m16:06:21.193088 [debug] [Thread-1 (]: SQL status: BEGIN in 0.0 seconds
[0m16:06:21.193313 [debug] [Thread-1 (]: Using postgres connection "model.foodingo.user_funnel"
[0m16:06:21.193529 [debug] [Thread-1 (]: On model.foodingo.user_funnel: /* {"app": "dbt", "dbt_version": "1.7.9", "profile_name": "foodingo", "target_name": "dev", "node_id": "model.foodingo.user_funnel"} */

  
    

  create  table "foodingo_warehouse"."analytics_analytics"."user_funnel__dbt_tmp"
  
  
    as
  
  (
    -- models/marts/user_funnel.sql
-- Daily funnel: registered → logged in → added to cart → placed order



WITH daily_registrations AS (
    SELECT DATE(event_timestamp) AS d, COUNT(DISTINCT user_id) AS registered_users
    FROM "foodingo_warehouse"."analytics_analytics"."stg_users"
    WHERE event_type = 'user.registered'
    GROUP BY 1
),

daily_logins AS (
    SELECT DATE(event_timestamp) AS d, COUNT(DISTINCT user_id) AS logged_in_users
    FROM "foodingo_warehouse"."analytics_analytics"."stg_users"
    WHERE event_type = 'user.login'
    GROUP BY 1
),

daily_cart AS (
    SELECT event_date AS d, COUNT(DISTINCT user_id) AS cart_added_users
    FROM "foodingo_warehouse"."analytics_analytics"."fact_cart_events"
    WHERE event_type = 'cart.item_added'
    GROUP BY 1
),

daily_orders AS (
    SELECT order_date AS d, COUNT(DISTINCT user_id) AS ordered_users
    FROM "foodingo_warehouse"."analytics_analytics"."fact_orders"
    WHERE payment_status = 'paid'
    GROUP BY 1
)

SELECT
    r.d                         AS funnel_date,
    r.registered_users,
    COALESCE(l.logged_in_users, 0) AS logged_in_users,
    COALESCE(c.cart_added_users, 0) AS cart_added_users,
    COALESCE(o.ordered_users, 0)    AS ordered_users,
    CASE
        WHEN r.registered_users = 0 THEN 0
        ELSE ROUND(
            100.0 * COALESCE(o.ordered_users, 0) / r.registered_users, 2
        )
    END                         AS reg_to_order_rate
FROM daily_registrations r
LEFT JOIN daily_logins l  ON r.d = l.d
LEFT JOIN daily_cart c    ON r.d = c.d
LEFT JOIN daily_orders o  ON r.d = o.d
ORDER BY funnel_date DESC
  );
  
[0m16:06:21.198132 [debug] [Thread-1 (]: SQL status: SELECT 1 in 0.0 seconds
[0m16:06:21.199650 [debug] [Thread-1 (]: Using postgres connection "model.foodingo.user_funnel"
[0m16:06:21.200725 [debug] [Thread-1 (]: On model.foodingo.user_funnel: /* {"app": "dbt", "dbt_version": "1.7.9", "profile_name": "foodingo", "target_name": "dev", "node_id": "model.foodingo.user_funnel"} */
alter table "foodingo_warehouse"."analytics_analytics"."user_funnel__dbt_tmp" rename to "user_funnel"
[0m16:06:21.201066 [debug] [Thread-1 (]: SQL status: ALTER TABLE in 0.0 seconds
[0m16:06:21.201953 [debug] [Thread-1 (]: On model.foodingo.user_funnel: COMMIT
[0m16:06:21.202160 [debug] [Thread-1 (]: Using postgres connection "model.foodingo.user_funnel"
[0m16:06:21.202365 [debug] [Thread-1 (]: On model.foodingo.user_funnel: COMMIT
[0m16:06:21.202896 [debug] [Thread-1 (]: SQL status: COMMIT in 0.0 seconds
[0m16:06:21.232742 [debug] [Thread-1 (]: Applying DROP to: "foodingo_warehouse"."analytics_analytics"."user_funnel__dbt_backup"
[0m16:06:21.233471 [debug] [Thread-1 (]: Using postgres connection "model.foodingo.user_funnel"
[0m16:06:21.233723 [debug] [Thread-1 (]: On model.foodingo.user_funnel: /* {"app": "dbt", "dbt_version": "1.7.9", "profile_name": "foodingo", "target_name": "dev", "node_id": "model.foodingo.user_funnel"} */
drop table if exists "foodingo_warehouse"."analytics_analytics"."user_funnel__dbt_backup" cascade
[0m16:06:21.234288 [debug] [Thread-1 (]: SQL status: DROP TABLE in 0.0 seconds
[0m16:06:21.235148 [debug] [Thread-1 (]: Timing info for model.foodingo.user_funnel (execute): 16:06:21.186987 => 16:06:21.235041
[0m16:06:21.235408 [debug] [Thread-1 (]: On model.foodingo.user_funnel: Close
[0m16:06:21.235841 [debug] [Thread-1 (]: Sending event: {'category': 'dbt', 'action': 'run_model', 'label': 'b308e7fa-2092-4c5a-b64d-421c3e482ef2', 'context': [<snowplow_tracker.self_describing_json.SelfDescribingJson object at 0xffff82cf9e10>]}
[0m16:06:21.236218 [info ] [Thread-1 (]: 5 of 5 OK created sql table model analytics_analytics.user_funnel .............. [[32mSELECT 1[0m in 0.05s]
[0m16:06:21.236782 [debug] [Thread-1 (]: Finished running node model.foodingo.user_funnel
[0m16:06:21.238047 [debug] [MainThread]: Using postgres connection "master"
[0m16:06:21.238277 [debug] [MainThread]: On master: BEGIN
[0m16:06:21.238496 [debug] [MainThread]: Opening a new connection, currently in state closed
[0m16:06:21.242009 [debug] [MainThread]: SQL status: BEGIN in 0.0 seconds
[0m16:06:21.242278 [debug] [MainThread]: On master: COMMIT
[0m16:06:21.242560 [debug] [MainThread]: Using postgres connection "master"
[0m16:06:21.242876 [debug] [MainThread]: On master: COMMIT
[0m16:06:21.243156 [debug] [MainThread]: SQL status: COMMIT in 0.0 seconds
[0m16:06:21.243359 [debug] [MainThread]: On master: Close
[0m16:06:21.243748 [debug] [MainThread]: Connection 'master' was properly closed.
[0m16:06:21.243962 [debug] [MainThread]: Connection 'model.foodingo.user_funnel' was properly closed.
[0m16:06:21.244338 [debug] [MainThread]: Connection 'model.foodingo.ml_user_order_matrix' was properly closed.
[0m16:06:21.244600 [info ] [MainThread]: 
[0m16:06:21.244843 [info ] [MainThread]: Finished running 5 table models in 0 hours 0 minutes and 0.20 seconds (0.20s).
[0m16:06:21.245304 [debug] [MainThread]: Command end result
[0m16:06:21.250766 [info ] [MainThread]: 
[0m16:06:21.251094 [info ] [MainThread]: [31mCompleted with 2 errors and 0 warnings:[0m
[0m16:06:21.251445 [info ] [MainThread]: 
[0m16:06:21.251750 [error] [MainThread]:   Database Error in model food_popularity (models/marts/food_popularity.sql)
  column "ordered_items" does not exist
  LINE 21:         jsonb_array_elements(ordered_items) AS item
                                        ^
  compiled Code at target/run/foodingo/models/marts/food_popularity.sql
[0m16:06:21.252109 [info ] [MainThread]: 
[0m16:06:21.252522 [error] [MainThread]:   Database Error in model ml_user_order_matrix (models/marts/ml_user_order_matrix.sql)
  column "ordered_items" does not exist
  LINE 20:         jsonb_array_elements(ordered_items)->>'foodId' AS fo...
                                        ^
  compiled Code at target/run/foodingo/models/marts/ml_user_order_matrix.sql
[0m16:06:21.252775 [info ] [MainThread]: 
[0m16:06:21.253237 [info ] [MainThread]: Done. PASS=3 WARN=0 ERROR=2 SKIP=0 TOTAL=5
[0m16:06:21.254140 [debug] [MainThread]: Resource report: {"command_name": "run", "command_wall_clock_time": 0.35684338, "process_user_time": 1.236748, "process_kernel_time": 0.106322, "process_mem_max_rss": "161152", "process_in_blocks": "112", "process_out_blocks": "1698", "command_success": false}
[0m16:06:21.254525 [debug] [MainThread]: Command `dbt run` failed at 16:06:21.254463 after 0.36 seconds
[0m16:06:21.254800 [debug] [MainThread]: Sending event: {'category': 'dbt', 'action': 'invocation', 'label': 'end', 'context': [<snowplow_tracker.self_describing_json.SelfDescribingJson object at 0xffff87ad76d0>, <snowplow_tracker.self_describing_json.SelfDescribingJson object at 0xffff87ad7610>, <snowplow_tracker.self_describing_json.SelfDescribingJson object at 0xffff81e53e90>]}
[0m16:06:21.255009 [debug] [MainThread]: Flushing usage events
[0m16:06:23.865237 [debug] [MainThread]: Sending event: {'category': 'dbt', 'action': 'invocation', 'label': 'start', 'context': [<snowplow_tracker.self_describing_json.SelfDescribingJson object at 0xffff9b5ce790>, <snowplow_tracker.self_describing_json.SelfDescribingJson object at 0xffff9ba27e90>, <snowplow_tracker.self_describing_json.SelfDescribingJson object at 0xffff9bbc0cd0>]}


============================== 16:06:23.867778 | 3f729b3c-c3e5-4a69-893b-1f49d8b51e96 ==============================
[0m16:06:23.867778 [info ] [MainThread]: Running with dbt=1.7.9
[0m16:06:23.868115 [debug] [MainThread]: running dbt with arguments {'printer_width': '80', 'indirect_selection': 'eager', 'log_cache_events': 'False', 'write_json': 'True', 'partial_parse': 'True', 'cache_selected_only': 'False', 'profiles_dir': '/opt/airflow/dbt', 'debug': 'False', 'version_check': 'True', 'log_path': '/opt/airflow/dbt/logs', 'warn_error': 'None', 'fail_fast': 'False', 'use_colors': 'True', 'use_experimental_parser': 'False', 'no_print': 'None', 'quiet': 'False', 'log_format': 'default', 'static_parser': 'True', 'invocation_command': 'dbt run --profiles-dir /opt/airflow/dbt --project-dir /opt/airflow/dbt --select marts', 'warn_error_options': 'WarnErrorOptions(include=[], exclude=[])', 'target_path': 'None', 'introspect': 'True', 'send_anonymous_usage_stats': 'True'}
[0m16:06:23.935336 [debug] [MainThread]: Sending event: {'category': 'dbt', 'action': 'project_id', 'label': '3f729b3c-c3e5-4a69-893b-1f49d8b51e96', 'context': [<snowplow_tracker.self_describing_json.SelfDescribingJson object at 0xffff9ab1fcd0>]}
[0m16:06:23.964089 [debug] [MainThread]: Sending event: {'category': 'dbt', 'action': 'adapter_info', 'label': '3f729b3c-c3e5-4a69-893b-1f49d8b51e96', 'context': [<snowplow_tracker.self_describing_json.SelfDescribingJson object at 0xffff9a989490>]}
[0m16:06:23.964507 [info ] [MainThread]: Registered adapter: postgres=1.7.9
[0m16:06:23.967347 [debug] [MainThread]: checksum: 6ff0d83c3b46f350064523b4e08d9241403ad71d606ba49c4e670afba3668b39, vars: {}, profile: , target: , version: 1.7.9
[0m16:06:23.978749 [debug] [MainThread]: Partial parsing enabled: 0 files deleted, 0 files added, 0 files changed.
[0m16:06:23.979004 [debug] [MainThread]: Partial parsing enabled, no changes found, skipping parsing
[0m16:06:23.981631 [debug] [MainThread]: Sending event: {'category': 'dbt', 'action': 'load_project', 'label': '3f729b3c-c3e5-4a69-893b-1f49d8b51e96', 'context': [<snowplow_tracker.self_describing_json.SelfDescribingJson object at 0xffff9a926e10>]}
[0m16:06:23.988891 [debug] [MainThread]: Sending event: {'category': 'dbt', 'action': 'resource_counts', 'label': '3f729b3c-c3e5-4a69-893b-1f49d8b51e96', 'context': [<snowplow_tracker.self_describing_json.SelfDescribingJson object at 0xffff9a7782d0>]}
[0m16:06:23.989156 [info ] [MainThread]: Found 10 models, 0 sources, 0 exposures, 0 metrics, 401 macros, 0 groups, 0 semantic models
[0m16:06:23.989363 [debug] [MainThread]: Sending event: {'category': 'dbt', 'action': 'runnable_timing', 'label': '3f729b3c-c3e5-4a69-893b-1f49d8b51e96', 'context': [<snowplow_tracker.self_describing_json.SelfDescribingJson object at 0xffff9a9c9090>]}
[0m16:06:23.990105 [info ] [MainThread]: 
[0m16:06:23.990477 [debug] [MainThread]: Acquiring new postgres connection 'master'
[0m16:06:23.991081 [debug] [ThreadPool]: Acquiring new postgres connection 'list_foodingo_warehouse'
[0m16:06:23.995256 [debug] [ThreadPool]: Using postgres connection "list_foodingo_warehouse"
[0m16:06:23.995460 [debug] [ThreadPool]: On list_foodingo_warehouse: /* {"app": "dbt", "dbt_version": "1.7.9", "profile_name": "foodingo", "target_name": "dev", "connection_name": "list_foodingo_warehouse"} */

    select distinct nspname from pg_namespace
  
[0m16:06:23.995626 [debug] [ThreadPool]: Opening a new connection, currently in state init
[0m16:06:23.999639 [debug] [ThreadPool]: SQL status: SELECT 7 in 0.0 seconds
[0m16:06:24.000162 [debug] [ThreadPool]: On list_foodingo_warehouse: Close
[0m16:06:24.001189 [debug] [ThreadPool]: Re-using an available connection from the pool (formerly list_foodingo_warehouse, now list_foodingo_warehouse_analytics_analytics)
[0m16:06:24.003599 [debug] [ThreadPool]: Using postgres connection "list_foodingo_warehouse_analytics_analytics"
[0m16:06:24.003776 [debug] [ThreadPool]: On list_foodingo_warehouse_analytics_analytics: BEGIN
[0m16:06:24.003929 [debug] [ThreadPool]: Opening a new connection, currently in state closed
[0m16:06:24.006276 [debug] [ThreadPool]: SQL status: BEGIN in 0.0 seconds
[0m16:06:24.006484 [debug] [ThreadPool]: Using postgres connection "list_foodingo_warehouse_analytics_analytics"
[0m16:06:24.006675 [debug] [ThreadPool]: On list_foodingo_warehouse_analytics_analytics: /* {"app": "dbt", "dbt_version": "1.7.9", "profile_name": "foodingo", "target_name": "dev", "connection_name": "list_foodingo_warehouse_analytics_analytics"} */
select
      'foodingo_warehouse' as database,
      tablename as name,
      schemaname as schema,
      'table' as type
    from pg_tables
    where schemaname ilike 'analytics_analytics'
    union all
    select
      'foodingo_warehouse' as database,
      viewname as name,
      schemaname as schema,
      'view' as type
    from pg_views
    where schemaname ilike 'analytics_analytics'
    union all
    select
      'foodingo_warehouse' as database,
      matviewname as name,
      schemaname as schema,
      'materialized_view' as type
    from pg_matviews
    where schemaname ilike 'analytics_analytics'
  
[0m16:06:24.008890 [debug] [ThreadPool]: SQL status: SELECT 8 in 0.0 seconds
[0m16:06:24.009560 [debug] [ThreadPool]: On list_foodingo_warehouse_analytics_analytics: ROLLBACK
[0m16:06:24.009846 [debug] [ThreadPool]: On list_foodingo_warehouse_analytics_analytics: Close
[0m16:06:24.012708 [debug] [MainThread]: Using postgres connection "master"
[0m16:06:24.013083 [debug] [MainThread]: On master: BEGIN
[0m16:06:24.013321 [debug] [MainThread]: Opening a new connection, currently in state init
[0m16:06:24.016582 [debug] [MainThread]: SQL status: BEGIN in 0.0 seconds
[0m16:06:24.016911 [debug] [MainThread]: Using postgres connection "master"
[0m16:06:24.017149 [debug] [MainThread]: On master: /* {"app": "dbt", "dbt_version": "1.7.9", "profile_name": "foodingo", "target_name": "dev", "connection_name": "master"} */
with relation as (
        select
            pg_rewrite.ev_class as class,
            pg_rewrite.oid as id
        from pg_rewrite
    ),
    class as (
        select
            oid as id,
            relname as name,
            relnamespace as schema,
            relkind as kind
        from pg_class
    ),
    dependency as (
        select distinct
            pg_depend.objid as id,
            pg_depend.refobjid as ref
        from pg_depend
    ),
    schema as (
        select
            pg_namespace.oid as id,
            pg_namespace.nspname as name
        from pg_namespace
        where nspname != 'information_schema' and nspname not like 'pg\_%'
    ),
    referenced as (
        select
            relation.id AS id,
            referenced_class.name ,
            referenced_class.schema ,
            referenced_class.kind
        from relation
        join class as referenced_class on relation.class=referenced_class.id
        where referenced_class.kind in ('r', 'v', 'm')
    ),
    relationships as (
        select
            referenced.name as referenced_name,
            referenced.schema as referenced_schema_id,
            dependent_class.name as dependent_name,
            dependent_class.schema as dependent_schema_id,
            referenced.kind as kind
        from referenced
        join dependency on referenced.id=dependency.id
        join class as dependent_class on dependency.ref=dependent_class.id
        where
            (referenced.name != dependent_class.name or
             referenced.schema != dependent_class.schema)
    )

    select
        referenced_schema.name as referenced_schema,
        relationships.referenced_name as referenced_name,
        dependent_schema.name as dependent_schema,
        relationships.dependent_name as dependent_name
    from relationships
    join schema as dependent_schema on relationships.dependent_schema_id=dependent_schema.id
    join schema as referenced_schema on relationships.referenced_schema_id=referenced_schema.id
    group by referenced_schema, referenced_name, dependent_schema, dependent_name
    order by referenced_schema, referenced_name, dependent_schema, dependent_name;
[0m16:06:24.021756 [debug] [MainThread]: SQL status: SELECT 51 in 0.0 seconds
[0m16:06:24.022701 [debug] [MainThread]: Sending event: {'category': 'dbt', 'action': 'runnable_timing', 'label': '3f729b3c-c3e5-4a69-893b-1f49d8b51e96', 'context': [<snowplow_tracker.self_describing_json.SelfDescribingJson object at 0xffff9a926710>]}
[0m16:06:24.022987 [debug] [MainThread]: On master: ROLLBACK
[0m16:06:24.023297 [debug] [MainThread]: Using postgres connection "master"
[0m16:06:24.023489 [debug] [MainThread]: On master: BEGIN
[0m16:06:24.023820 [debug] [MainThread]: SQL status: BEGIN in 0.0 seconds
[0m16:06:24.024015 [debug] [MainThread]: On master: COMMIT
[0m16:06:24.024189 [debug] [MainThread]: Using postgres connection "master"
[0m16:06:24.024386 [debug] [MainThread]: On master: COMMIT
[0m16:06:24.024626 [debug] [MainThread]: SQL status: COMMIT in 0.0 seconds
[0m16:06:24.024835 [debug] [MainThread]: On master: Close
[0m16:06:24.025223 [info ] [MainThread]: Concurrency: 2 threads (target='dev')
[0m16:06:24.025420 [info ] [MainThread]: 
[0m16:06:24.029108 [debug] [Thread-1 (]: Began running node model.foodingo.cart_abandonment
[0m16:06:24.029314 [debug] [Thread-2 (]: Began running node model.foodingo.daily_revenue
[0m16:06:24.029607 [info ] [Thread-1 (]: 1 of 5 START sql table model analytics_analytics.cart_abandonment .............. [RUN]
[0m16:06:24.029900 [info ] [Thread-2 (]: 2 of 5 START sql table model analytics_analytics.daily_revenue ................. [RUN]
[0m16:06:24.030331 [debug] [Thread-1 (]: Re-using an available connection from the pool (formerly list_foodingo_warehouse_analytics_analytics, now model.foodingo.cart_abandonment)
[0m16:06:24.030744 [debug] [Thread-2 (]: Acquiring new postgres connection 'model.foodingo.daily_revenue'
[0m16:06:24.030995 [debug] [Thread-1 (]: Began compiling node model.foodingo.cart_abandonment
[0m16:06:24.031241 [debug] [Thread-2 (]: Began compiling node model.foodingo.daily_revenue
[0m16:06:24.034419 [debug] [Thread-1 (]: Writing injected SQL for node "model.foodingo.cart_abandonment"
[0m16:06:24.035795 [debug] [Thread-2 (]: Writing injected SQL for node "model.foodingo.daily_revenue"
[0m16:06:24.036609 [debug] [Thread-1 (]: Timing info for model.foodingo.cart_abandonment (compile): 16:06:24.031442 => 16:06:24.036504
[0m16:06:24.037000 [debug] [Thread-1 (]: Began executing node model.foodingo.cart_abandonment
[0m16:06:24.036859 [debug] [Thread-2 (]: Timing info for model.foodingo.daily_revenue (compile): 16:06:24.034664 => 16:06:24.036763
[0m16:06:24.051754 [debug] [Thread-2 (]: Began executing node model.foodingo.daily_revenue
[0m16:06:24.051552 [debug] [Thread-1 (]: Writing runtime sql for node "model.foodingo.cart_abandonment"
[0m16:06:24.053644 [debug] [Thread-2 (]: Writing runtime sql for node "model.foodingo.daily_revenue"
[0m16:06:24.054326 [debug] [Thread-1 (]: Using postgres connection "model.foodingo.cart_abandonment"
[0m16:06:24.054707 [debug] [Thread-1 (]: On model.foodingo.cart_abandonment: BEGIN
[0m16:06:24.054530 [debug] [Thread-2 (]: Using postgres connection "model.foodingo.daily_revenue"
[0m16:06:24.055090 [debug] [Thread-2 (]: On model.foodingo.daily_revenue: BEGIN
[0m16:06:24.054900 [debug] [Thread-1 (]: Opening a new connection, currently in state closed
[0m16:06:24.055286 [debug] [Thread-2 (]: Opening a new connection, currently in state init
[0m16:06:24.058060 [debug] [Thread-2 (]: SQL status: BEGIN in 0.0 seconds
[0m16:06:24.058258 [debug] [Thread-2 (]: Using postgres connection "model.foodingo.daily_revenue"
[0m16:06:24.058484 [debug] [Thread-2 (]: On model.foodingo.daily_revenue: /* {"app": "dbt", "dbt_version": "1.7.9", "profile_name": "foodingo", "target_name": "dev", "node_id": "model.foodingo.daily_revenue"} */

  
    

  create  table "foodingo_warehouse"."analytics_analytics"."daily_revenue__dbt_tmp"
  
  
    as
  
  (
    -- models/marts/daily_revenue.sql


SELECT
    order_date                          AS revenue_date,
    SUM(amount)                         AS total_revenue,
    COUNT(order_id)                     AS order_count,
    AVG(amount)                         AS avg_order_value,
    COUNT(DISTINCT user_id)             AS unique_users
FROM "foodingo_warehouse"."analytics_analytics"."fact_orders"
WHERE payment_status = 'paid'
GROUP BY order_date
ORDER BY order_date DESC
  );
  
[0m16:06:24.058696 [debug] [Thread-1 (]: SQL status: BEGIN in 0.0 seconds
[0m16:06:24.058894 [debug] [Thread-1 (]: Using postgres connection "model.foodingo.cart_abandonment"
[0m16:06:24.059102 [debug] [Thread-1 (]: On model.foodingo.cart_abandonment: /* {"app": "dbt", "dbt_version": "1.7.9", "profile_name": "foodingo", "target_name": "dev", "node_id": "model.foodingo.cart_abandonment"} */

  
    

  create  table "foodingo_warehouse"."analytics_analytics"."cart_abandonment__dbt_tmp"
  
  
    as
  
  (
    -- models/marts/cart_abandonment.sql
-- Identifies users who added to cart but did NOT place an order within 24 hours



WITH cart_users AS (
    SELECT
        user_id,
        MAX(event_time)                 AS last_cart_time,
        COUNT(DISTINCT food_id)         AS cart_item_count
    FROM "foodingo_warehouse"."analytics_analytics"."fact_cart_events"
    WHERE event_type = 'cart.item_added'
    GROUP BY user_id
),

order_users AS (
    SELECT DISTINCT user_id
    FROM "foodingo_warehouse"."analytics_analytics"."fact_orders"
    WHERE payment_status = 'paid'
)

SELECT
    c.user_id,
    c.last_cart_time,
    c.cart_item_count,
    EXTRACT(DAY FROM NOW() - c.last_cart_time)::INT     AS days_since_cart,
    (o.user_id IS NOT NULL)                             AS has_ordered_after
FROM cart_users c
LEFT JOIN order_users o ON c.user_id = o.user_id
ORDER BY days_since_cart DESC
  );
  
[0m16:06:24.061342 [debug] [Thread-1 (]: SQL status: SELECT 3 in 0.0 seconds
[0m16:06:24.064768 [debug] [Thread-1 (]: Using postgres connection "model.foodingo.cart_abandonment"
[0m16:06:24.064945 [debug] [Thread-2 (]: SQL status: SELECT 0 in 0.0 seconds
[0m16:06:24.065232 [debug] [Thread-1 (]: On model.foodingo.cart_abandonment: /* {"app": "dbt", "dbt_version": "1.7.9", "profile_name": "foodingo", "target_name": "dev", "node_id": "model.foodingo.cart_abandonment"} */
alter table "foodingo_warehouse"."analytics_analytics"."cart_abandonment" rename to "cart_abandonment__dbt_backup"
[0m16:06:24.066694 [debug] [Thread-2 (]: Using postgres connection "model.foodingo.daily_revenue"
[0m16:06:24.066974 [debug] [Thread-2 (]: On model.foodingo.daily_revenue: /* {"app": "dbt", "dbt_version": "1.7.9", "profile_name": "foodingo", "target_name": "dev", "node_id": "model.foodingo.daily_revenue"} */
alter table "foodingo_warehouse"."analytics_analytics"."daily_revenue" rename to "daily_revenue__dbt_backup"
[0m16:06:24.067125 [debug] [Thread-1 (]: SQL status: ALTER TABLE in 0.0 seconds
[0m16:06:24.068365 [debug] [Thread-1 (]: Using postgres connection "model.foodingo.cart_abandonment"
[0m16:06:24.068521 [debug] [Thread-2 (]: SQL status: ALTER TABLE in 0.0 seconds
[0m16:06:24.069950 [debug] [Thread-2 (]: Using postgres connection "model.foodingo.daily_revenue"
[0m16:06:24.068709 [debug] [Thread-1 (]: On model.foodingo.cart_abandonment: /* {"app": "dbt", "dbt_version": "1.7.9", "profile_name": "foodingo", "target_name": "dev", "node_id": "model.foodingo.cart_abandonment"} */
alter table "foodingo_warehouse"."analytics_analytics"."cart_abandonment__dbt_tmp" rename to "cart_abandonment"
[0m16:06:24.070143 [debug] [Thread-2 (]: On model.foodingo.daily_revenue: /* {"app": "dbt", "dbt_version": "1.7.9", "profile_name": "foodingo", "target_name": "dev", "node_id": "model.foodingo.daily_revenue"} */
alter table "foodingo_warehouse"."analytics_analytics"."daily_revenue__dbt_tmp" rename to "daily_revenue"
[0m16:06:24.070474 [debug] [Thread-1 (]: SQL status: ALTER TABLE in 0.0 seconds
[0m16:06:24.070615 [debug] [Thread-2 (]: SQL status: ALTER TABLE in 0.0 seconds
[0m16:06:24.078860 [debug] [Thread-2 (]: On model.foodingo.daily_revenue: COMMIT
[0m16:06:24.077903 [debug] [Thread-1 (]: On model.foodingo.cart_abandonment: COMMIT
[0m16:06:24.079050 [debug] [Thread-2 (]: Using postgres connection "model.foodingo.daily_revenue"
[0m16:06:24.079460 [debug] [Thread-2 (]: On model.foodingo.daily_revenue: COMMIT
[0m16:06:24.079273 [debug] [Thread-1 (]: Using postgres connection "model.foodingo.cart_abandonment"
[0m16:06:24.079716 [debug] [Thread-1 (]: On model.foodingo.cart_abandonment: COMMIT
[0m16:06:24.079879 [debug] [Thread-2 (]: SQL status: COMMIT in 0.0 seconds
[0m16:06:24.082434 [debug] [Thread-2 (]: Applying DROP to: "foodingo_warehouse"."analytics_analytics"."daily_revenue__dbt_backup"
[0m16:06:24.082577 [debug] [Thread-1 (]: SQL status: COMMIT in 0.0 seconds
[0m16:06:24.084468 [debug] [Thread-2 (]: Using postgres connection "model.foodingo.daily_revenue"
[0m16:06:24.085666 [debug] [Thread-2 (]: On model.foodingo.daily_revenue: /* {"app": "dbt", "dbt_version": "1.7.9", "profile_name": "foodingo", "target_name": "dev", "node_id": "model.foodingo.daily_revenue"} */
drop table if exists "foodingo_warehouse"."analytics_analytics"."daily_revenue__dbt_backup" cascade
[0m16:06:24.085479 [debug] [Thread-1 (]: Applying DROP to: "foodingo_warehouse"."analytics_analytics"."cart_abandonment__dbt_backup"
[0m16:06:24.086160 [debug] [Thread-1 (]: Using postgres connection "model.foodingo.cart_abandonment"
[0m16:06:24.086394 [debug] [Thread-1 (]: On model.foodingo.cart_abandonment: /* {"app": "dbt", "dbt_version": "1.7.9", "profile_name": "foodingo", "target_name": "dev", "node_id": "model.foodingo.cart_abandonment"} */
drop table if exists "foodingo_warehouse"."analytics_analytics"."cart_abandonment__dbt_backup" cascade
[0m16:06:24.087205 [debug] [Thread-2 (]: SQL status: DROP TABLE in 0.0 seconds
[0m16:06:24.088114 [debug] [Thread-2 (]: Timing info for model.foodingo.daily_revenue (execute): 16:06:24.051903 => 16:06:24.088020
[0m16:06:24.087376 [debug] [Thread-1 (]: SQL status: DROP TABLE in 0.0 seconds
[0m16:06:24.088928 [debug] [Thread-1 (]: Timing info for model.foodingo.cart_abandonment (execute): 16:06:24.037135 => 16:06:24.088851
[0m16:06:24.088327 [debug] [Thread-2 (]: On model.foodingo.daily_revenue: Close
[0m16:06:24.089115 [debug] [Thread-1 (]: On model.foodingo.cart_abandonment: Close
[0m16:06:24.089916 [debug] [Thread-1 (]: Sending event: {'category': 'dbt', 'action': 'run_model', 'label': '3f729b3c-c3e5-4a69-893b-1f49d8b51e96', 'context': [<snowplow_tracker.self_describing_json.SelfDescribingJson object at 0xffff9a912bd0>]}
[0m16:06:24.089554 [debug] [Thread-2 (]: Sending event: {'category': 'dbt', 'action': 'run_model', 'label': '3f729b3c-c3e5-4a69-893b-1f49d8b51e96', 'context': [<snowplow_tracker.self_describing_json.SelfDescribingJson object at 0xffff9a820d90>]}
[0m16:06:24.090581 [info ] [Thread-2 (]: 2 of 5 OK created sql table model analytics_analytics.daily_revenue ............ [[32mSELECT 0[0m in 0.06s]
[0m16:06:24.090859 [debug] [Thread-2 (]: Finished running node model.foodingo.daily_revenue
[0m16:06:24.090287 [info ] [Thread-1 (]: 1 of 5 OK created sql table model analytics_analytics.cart_abandonment ......... [[32mSELECT 3[0m in 0.06s]
[0m16:06:24.091414 [debug] [Thread-1 (]: Finished running node model.foodingo.cart_abandonment
[0m16:06:24.091105 [debug] [Thread-2 (]: Began running node model.foodingo.food_popularity
[0m16:06:24.091842 [info ] [Thread-2 (]: 3 of 5 START sql table model analytics_analytics.food_popularity ............... [RUN]
[0m16:06:24.091615 [debug] [Thread-1 (]: Began running node model.foodingo.ml_user_order_matrix
[0m16:06:24.092382 [info ] [Thread-1 (]: 4 of 5 START sql table model analytics_analytics.ml_user_order_matrix .......... [RUN]
[0m16:06:24.092162 [debug] [Thread-2 (]: Re-using an available connection from the pool (formerly model.foodingo.daily_revenue, now model.foodingo.food_popularity)
[0m16:06:24.092891 [debug] [Thread-2 (]: Began compiling node model.foodingo.food_popularity
[0m16:06:24.092694 [debug] [Thread-1 (]: Re-using an available connection from the pool (formerly model.foodingo.cart_abandonment, now model.foodingo.ml_user_order_matrix)
[0m16:06:24.094482 [debug] [Thread-1 (]: Began compiling node model.foodingo.ml_user_order_matrix
[0m16:06:24.094247 [debug] [Thread-2 (]: Writing injected SQL for node "model.foodingo.food_popularity"
[0m16:06:24.095649 [debug] [Thread-1 (]: Writing injected SQL for node "model.foodingo.ml_user_order_matrix"
[0m16:06:24.096204 [debug] [Thread-1 (]: Timing info for model.foodingo.ml_user_order_matrix (compile): 16:06:24.094606 => 16:06:24.096113
[0m16:06:24.096395 [debug] [Thread-2 (]: Timing info for model.foodingo.food_popularity (compile): 16:06:24.093010 => 16:06:24.096316
[0m16:06:24.096754 [debug] [Thread-2 (]: Began executing node model.foodingo.food_popularity
[0m16:06:24.096554 [debug] [Thread-1 (]: Began executing node model.foodingo.ml_user_order_matrix
[0m16:06:24.098483 [debug] [Thread-2 (]: Writing runtime sql for node "model.foodingo.food_popularity"
[0m16:06:24.100061 [debug] [Thread-1 (]: Writing runtime sql for node "model.foodingo.ml_user_order_matrix"
[0m16:06:24.100569 [debug] [Thread-2 (]: Using postgres connection "model.foodingo.food_popularity"
[0m16:06:24.100906 [debug] [Thread-2 (]: On model.foodingo.food_popularity: BEGIN
[0m16:06:24.101069 [debug] [Thread-2 (]: Opening a new connection, currently in state closed
[0m16:06:24.100782 [debug] [Thread-1 (]: Using postgres connection "model.foodingo.ml_user_order_matrix"
[0m16:06:24.101326 [debug] [Thread-1 (]: On model.foodingo.ml_user_order_matrix: BEGIN
[0m16:06:24.101534 [debug] [Thread-1 (]: Opening a new connection, currently in state closed
[0m16:06:24.103903 [debug] [Thread-2 (]: SQL status: BEGIN in 0.0 seconds
[0m16:06:24.104104 [debug] [Thread-2 (]: Using postgres connection "model.foodingo.food_popularity"
[0m16:06:24.104323 [debug] [Thread-2 (]: On model.foodingo.food_popularity: /* {"app": "dbt", "dbt_version": "1.7.9", "profile_name": "foodingo", "target_name": "dev", "node_id": "model.foodingo.food_popularity"} */

  
    

  create  table "foodingo_warehouse"."analytics_analytics"."food_popularity__dbt_tmp"
  
  
    as
  
  (
    -- models/marts/food_popularity.sql
-- Explodes the ordered_items JSONB array to get per-food-item order counts



WITH exploded AS (
    SELECT
        order_id,
        amount,
        jsonb_array_elements(ordered_items) AS item
    FROM "foodingo_warehouse"."analytics_analytics"."fact_orders"
    WHERE payment_status = 'paid'
)

SELECT
    item->>'foodId'       AS food_id,
    item->>'name'         AS food_name,
    item->>'category'     AS category,
    COUNT(*)              AS order_count,
    SUM(
        (item->>'price')::DECIMAL * (item->>'quantity')::INT
    )                     AS total_revenue,
    AVG((item->>'price')::DECIMAL) AS avg_price
FROM exploded
WHERE item->>'foodId' IS NOT NULL
GROUP BY food_id, food_name, category
ORDER BY order_count DESC
  );
  
[0m16:06:24.104481 [debug] [Thread-1 (]: SQL status: BEGIN in 0.0 seconds
[0m16:06:24.104673 [debug] [Thread-1 (]: Using postgres connection "model.foodingo.ml_user_order_matrix"
[0m16:06:24.105014 [debug] [Thread-1 (]: On model.foodingo.ml_user_order_matrix: /* {"app": "dbt", "dbt_version": "1.7.9", "profile_name": "foodingo", "target_name": "dev", "node_id": "model.foodingo.ml_user_order_matrix"} */

  
    

  create  table "foodingo_warehouse"."analytics_analytics"."ml_user_order_matrix__dbt_tmp"
  
  
    as
  
  (
    -- models/marts/ml_user_order_matrix.sql
-- User × Food order count matrix — input for collaborative filtering recommender



WITH exploded AS (
    SELECT
        user_id,
        jsonb_array_elements(ordered_items)->>'foodId' AS food_id
    FROM "foodingo_warehouse"."analytics_analytics"."fact_orders"
    WHERE payment_status = 'paid'
      AND user_id IS NOT NULL
)

SELECT
    user_id,
    food_id,
    COUNT(*)   AS order_count
FROM exploded
WHERE food_id IS NOT NULL
GROUP BY user_id, food_id
  );
  
[0m16:06:24.104844 [debug] [Thread-2 (]: Postgres adapter: Postgres error: column "ordered_items" does not exist
LINE 21:         jsonb_array_elements(ordered_items) AS item
                                      ^

[0m16:06:24.105239 [debug] [Thread-2 (]: On model.foodingo.food_popularity: ROLLBACK
[0m16:06:24.105412 [debug] [Thread-1 (]: Postgres adapter: Postgres error: column "ordered_items" does not exist
LINE 20:         jsonb_array_elements(ordered_items)->>'foodId' AS fo...
                                      ^

[0m16:06:24.105852 [debug] [Thread-1 (]: On model.foodingo.ml_user_order_matrix: ROLLBACK
[0m16:06:24.105721 [debug] [Thread-2 (]: Timing info for model.foodingo.food_popularity (execute): 16:06:24.096876 => 16:06:24.105629
[0m16:06:24.106257 [debug] [Thread-2 (]: On model.foodingo.food_popularity: Close
[0m16:06:24.106115 [debug] [Thread-1 (]: Timing info for model.foodingo.ml_user_order_matrix (execute): 16:06:24.098621 => 16:06:24.106039
[0m16:06:24.107081 [debug] [Thread-1 (]: On model.foodingo.ml_user_order_matrix: Close
[0m16:06:24.109031 [debug] [Thread-2 (]: Database Error in model food_popularity (models/marts/food_popularity.sql)
  column "ordered_items" does not exist
  LINE 21:         jsonb_array_elements(ordered_items) AS item
                                        ^
  compiled Code at target/run/foodingo/models/marts/food_popularity.sql
[0m16:06:24.109755 [debug] [Thread-2 (]: Sending event: {'category': 'dbt', 'action': 'run_model', 'label': '3f729b3c-c3e5-4a69-893b-1f49d8b51e96', 'context': [<snowplow_tracker.self_describing_json.SelfDescribingJson object at 0xffff9a8e8dd0>]}
[0m16:06:24.110023 [error] [Thread-2 (]: 3 of 5 ERROR creating sql table model analytics_analytics.food_popularity ...... [[31mERROR[0m in 0.02s]
[0m16:06:24.109568 [debug] [Thread-1 (]: Database Error in model ml_user_order_matrix (models/marts/ml_user_order_matrix.sql)
  column "ordered_items" does not exist
  LINE 20:         jsonb_array_elements(ordered_items)->>'foodId' AS fo...
                                        ^
  compiled Code at target/run/foodingo/models/marts/ml_user_order_matrix.sql
[0m16:06:24.110520 [debug] [Thread-1 (]: Sending event: {'category': 'dbt', 'action': 'run_model', 'label': '3f729b3c-c3e5-4a69-893b-1f49d8b51e96', 'context': [<snowplow_tracker.self_describing_json.SelfDescribingJson object at 0xffff9a710890>]}
[0m16:06:24.110294 [debug] [Thread-2 (]: Finished running node model.foodingo.food_popularity
[0m16:06:24.111005 [debug] [Thread-2 (]: Began running node model.foodingo.user_funnel
[0m16:06:24.110785 [error] [Thread-1 (]: 4 of 5 ERROR creating sql table model analytics_analytics.ml_user_order_matrix . [[31mERROR[0m in 0.02s]
[0m16:06:24.111737 [debug] [Thread-1 (]: Finished running node model.foodingo.ml_user_order_matrix
[0m16:06:24.111488 [info ] [Thread-2 (]: 5 of 5 START sql table model analytics_analytics.user_funnel ................... [RUN]
[0m16:06:24.112095 [debug] [Thread-2 (]: Re-using an available connection from the pool (formerly model.foodingo.food_popularity, now model.foodingo.user_funnel)
[0m16:06:24.112283 [debug] [Thread-2 (]: Began compiling node model.foodingo.user_funnel
[0m16:06:24.113725 [debug] [Thread-2 (]: Writing injected SQL for node "model.foodingo.user_funnel"
[0m16:06:24.114149 [debug] [Thread-2 (]: Timing info for model.foodingo.user_funnel (compile): 16:06:24.112399 => 16:06:24.114056
[0m16:06:24.114344 [debug] [Thread-2 (]: Began executing node model.foodingo.user_funnel
[0m16:06:24.141066 [debug] [Thread-2 (]: Writing runtime sql for node "model.foodingo.user_funnel"
[0m16:06:24.141675 [debug] [Thread-2 (]: Using postgres connection "model.foodingo.user_funnel"
[0m16:06:24.141856 [debug] [Thread-2 (]: On model.foodingo.user_funnel: BEGIN
[0m16:06:24.142069 [debug] [Thread-2 (]: Opening a new connection, currently in state closed
[0m16:06:24.144837 [debug] [Thread-2 (]: SQL status: BEGIN in 0.0 seconds
[0m16:06:24.145041 [debug] [Thread-2 (]: Using postgres connection "model.foodingo.user_funnel"
[0m16:06:24.145232 [debug] [Thread-2 (]: On model.foodingo.user_funnel: /* {"app": "dbt", "dbt_version": "1.7.9", "profile_name": "foodingo", "target_name": "dev", "node_id": "model.foodingo.user_funnel"} */

  
    

  create  table "foodingo_warehouse"."analytics_analytics"."user_funnel__dbt_tmp"
  
  
    as
  
  (
    -- models/marts/user_funnel.sql
-- Daily funnel: registered → logged in → added to cart → placed order



WITH daily_registrations AS (
    SELECT DATE(event_timestamp) AS d, COUNT(DISTINCT user_id) AS registered_users
    FROM "foodingo_warehouse"."analytics_analytics"."stg_users"
    WHERE event_type = 'user.registered'
    GROUP BY 1
),

daily_logins AS (
    SELECT DATE(event_timestamp) AS d, COUNT(DISTINCT user_id) AS logged_in_users
    FROM "foodingo_warehouse"."analytics_analytics"."stg_users"
    WHERE event_type = 'user.login'
    GROUP BY 1
),

daily_cart AS (
    SELECT event_date AS d, COUNT(DISTINCT user_id) AS cart_added_users
    FROM "foodingo_warehouse"."analytics_analytics"."fact_cart_events"
    WHERE event_type = 'cart.item_added'
    GROUP BY 1
),

daily_orders AS (
    SELECT order_date AS d, COUNT(DISTINCT user_id) AS ordered_users
    FROM "foodingo_warehouse"."analytics_analytics"."fact_orders"
    WHERE payment_status = 'paid'
    GROUP BY 1
)

SELECT
    r.d                         AS funnel_date,
    r.registered_users,
    COALESCE(l.logged_in_users, 0) AS logged_in_users,
    COALESCE(c.cart_added_users, 0) AS cart_added_users,
    COALESCE(o.ordered_users, 0)    AS ordered_users,
    CASE
        WHEN r.registered_users = 0 THEN 0
        ELSE ROUND(
            100.0 * COALESCE(o.ordered_users, 0) / r.registered_users, 2
        )
    END                         AS reg_to_order_rate
FROM daily_registrations r
LEFT JOIN daily_logins l  ON r.d = l.d
LEFT JOIN daily_cart c    ON r.d = c.d
LEFT JOIN daily_orders o  ON r.d = o.d
ORDER BY funnel_date DESC
  );
  
[0m16:06:24.148565 [debug] [Thread-2 (]: SQL status: SELECT 1 in 0.0 seconds
[0m16:06:24.149958 [debug] [Thread-2 (]: Using postgres connection "model.foodingo.user_funnel"
[0m16:06:24.150132 [debug] [Thread-2 (]: On model.foodingo.user_funnel: /* {"app": "dbt", "dbt_version": "1.7.9", "profile_name": "foodingo", "target_name": "dev", "node_id": "model.foodingo.user_funnel"} */
alter table "foodingo_warehouse"."analytics_analytics"."user_funnel" rename to "user_funnel__dbt_backup"
[0m16:06:24.150488 [debug] [Thread-2 (]: SQL status: ALTER TABLE in 0.0 seconds
[0m16:06:24.151584 [debug] [Thread-2 (]: Using postgres connection "model.foodingo.user_funnel"
[0m16:06:24.151755 [debug] [Thread-2 (]: On model.foodingo.user_funnel: /* {"app": "dbt", "dbt_version": "1.7.9", "profile_name": "foodingo", "target_name": "dev", "node_id": "model.foodingo.user_funnel"} */
alter table "foodingo_warehouse"."analytics_analytics"."user_funnel__dbt_tmp" rename to "user_funnel"
[0m16:06:24.152035 [debug] [Thread-2 (]: SQL status: ALTER TABLE in 0.0 seconds
[0m16:06:24.152849 [debug] [Thread-2 (]: On model.foodingo.user_funnel: COMMIT
[0m16:06:24.153020 [debug] [Thread-2 (]: Using postgres connection "model.foodingo.user_funnel"
[0m16:06:24.153203 [debug] [Thread-2 (]: On model.foodingo.user_funnel: COMMIT
[0m16:06:24.153699 [debug] [Thread-2 (]: SQL status: COMMIT in 0.0 seconds
[0m16:06:24.154637 [debug] [Thread-2 (]: Applying DROP to: "foodingo_warehouse"."analytics_analytics"."user_funnel__dbt_backup"
[0m16:06:24.155040 [debug] [Thread-2 (]: Using postgres connection "model.foodingo.user_funnel"
[0m16:06:24.155208 [debug] [Thread-2 (]: On model.foodingo.user_funnel: /* {"app": "dbt", "dbt_version": "1.7.9", "profile_name": "foodingo", "target_name": "dev", "node_id": "model.foodingo.user_funnel"} */
drop table if exists "foodingo_warehouse"."analytics_analytics"."user_funnel__dbt_backup" cascade
[0m16:06:24.156232 [debug] [Thread-2 (]: SQL status: DROP TABLE in 0.0 seconds
[0m16:06:24.156941 [debug] [Thread-2 (]: Timing info for model.foodingo.user_funnel (execute): 16:06:24.114477 => 16:06:24.156853
[0m16:06:24.157140 [debug] [Thread-2 (]: On model.foodingo.user_funnel: Close
[0m16:06:24.157514 [debug] [Thread-2 (]: Sending event: {'category': 'dbt', 'action': 'run_model', 'label': '3f729b3c-c3e5-4a69-893b-1f49d8b51e96', 'context': [<snowplow_tracker.self_describing_json.SelfDescribingJson object at 0xffff9a7186d0>]}
[0m16:06:24.157807 [info ] [Thread-2 (]: 5 of 5 OK created sql table model analytics_analytics.user_funnel .............. [[32mSELECT 1[0m in 0.05s]
[0m16:06:24.158070 [debug] [Thread-2 (]: Finished running node model.foodingo.user_funnel
[0m16:06:24.158831 [debug] [MainThread]: Using postgres connection "master"
[0m16:06:24.159038 [debug] [MainThread]: On master: BEGIN
[0m16:06:24.159189 [debug] [MainThread]: Opening a new connection, currently in state closed
[0m16:06:24.161638 [debug] [MainThread]: SQL status: BEGIN in 0.0 seconds
[0m16:06:24.161895 [debug] [MainThread]: On master: COMMIT
[0m16:06:24.162070 [debug] [MainThread]: Using postgres connection "master"
[0m16:06:24.162257 [debug] [MainThread]: On master: COMMIT
[0m16:06:24.162495 [debug] [MainThread]: SQL status: COMMIT in 0.0 seconds
[0m16:06:24.162692 [debug] [MainThread]: On master: Close
[0m16:06:24.162975 [debug] [MainThread]: Connection 'master' was properly closed.
[0m16:06:24.163136 [debug] [MainThread]: Connection 'model.foodingo.ml_user_order_matrix' was properly closed.
[0m16:06:24.163284 [debug] [MainThread]: Connection 'model.foodingo.user_funnel' was properly closed.
[0m16:06:24.163461 [info ] [MainThread]: 
[0m16:06:24.163663 [info ] [MainThread]: Finished running 5 table models in 0 hours 0 minutes and 0.17 seconds (0.17s).
[0m16:06:24.164092 [debug] [MainThread]: Command end result
[0m16:06:24.168294 [info ] [MainThread]: 
[0m16:06:24.168538 [info ] [MainThread]: [31mCompleted with 2 errors and 0 warnings:[0m
[0m16:06:24.168699 [info ] [MainThread]: 
[0m16:06:24.168866 [error] [MainThread]:   Database Error in model food_popularity (models/marts/food_popularity.sql)
  column "ordered_items" does not exist
  LINE 21:         jsonb_array_elements(ordered_items) AS item
                                        ^
  compiled Code at target/run/foodingo/models/marts/food_popularity.sql
[0m16:06:24.169024 [info ] [MainThread]: 
[0m16:06:24.169173 [error] [MainThread]:   Database Error in model ml_user_order_matrix (models/marts/ml_user_order_matrix.sql)
  column "ordered_items" does not exist
  LINE 20:         jsonb_array_elements(ordered_items)->>'foodId' AS fo...
                                        ^
  compiled Code at target/run/foodingo/models/marts/ml_user_order_matrix.sql
[0m16:06:24.169339 [info ] [MainThread]: 
[0m16:06:24.169514 [info ] [MainThread]: Done. PASS=3 WARN=0 ERROR=2 SKIP=0 TOTAL=5
[0m16:06:24.169913 [debug] [MainThread]: Resource report: {"command_name": "run", "command_wall_clock_time": 0.32093042, "process_user_time": 1.201214, "process_kernel_time": 0.089164, "process_mem_max_rss": "161144", "process_in_blocks": "15776", "process_out_blocks": "1701", "command_success": false}
[0m16:06:24.170174 [debug] [MainThread]: Command `dbt run` failed at 16:06:24.170114 after 0.32 seconds
[0m16:06:24.170378 [debug] [MainThread]: Sending event: {'category': 'dbt', 'action': 'invocation', 'label': 'end', 'context': [<snowplow_tracker.self_describing_json.SelfDescribingJson object at 0xffff9b637290>, <snowplow_tracker.self_describing_json.SelfDescribingJson object at 0xffff9b5cda10>, <snowplow_tracker.self_describing_json.SelfDescribingJson object at 0xffff9a9b8510>]}
[0m16:06:24.170563 [debug] [MainThread]: Flushing usage events
[0m16:11:25.420781 [debug] [MainThread]: Sending event: {'category': 'dbt', 'action': 'invocation', 'label': 'start', 'context': [<snowplow_tracker.self_describing_json.SelfDescribingJson object at 0xffffadbb3d50>, <snowplow_tracker.self_describing_json.SelfDescribingJson object at 0xffffaedc9fd0>, <snowplow_tracker.self_describing_json.SelfDescribingJson object at 0xffffae1a0cd0>]}


============================== 16:11:25.423519 | 077679c1-5f9f-4b03-a851-c5475d6f739b ==============================
[0m16:11:25.423519 [info ] [MainThread]: Running with dbt=1.7.9
[0m16:11:25.423874 [debug] [MainThread]: running dbt with arguments {'printer_width': '80', 'indirect_selection': 'eager', 'log_cache_events': 'False', 'write_json': 'True', 'partial_parse': 'True', 'cache_selected_only': 'False', 'profiles_dir': '/opt/airflow/dbt', 'debug': 'False', 'version_check': 'True', 'log_path': '/opt/airflow/dbt/logs', 'warn_error': 'None', 'fail_fast': 'False', 'use_colors': 'True', 'use_experimental_parser': 'False', 'no_print': 'None', 'quiet': 'False', 'warn_error_options': 'WarnErrorOptions(include=[], exclude=[])', 'introspect': 'True', 'static_parser': 'True', 'invocation_command': 'dbt run --profiles-dir /opt/airflow/dbt --project-dir /opt/airflow/dbt --select marts', 'target_path': 'None', 'log_format': 'default', 'send_anonymous_usage_stats': 'True'}
[0m16:11:25.486401 [debug] [MainThread]: Sending event: {'category': 'dbt', 'action': 'project_id', 'label': '077679c1-5f9f-4b03-a851-c5475d6f739b', 'context': [<snowplow_tracker.self_describing_json.SelfDescribingJson object at 0xffffae5b7e10>]}
[0m16:11:25.515187 [debug] [MainThread]: Sending event: {'category': 'dbt', 'action': 'adapter_info', 'label': '077679c1-5f9f-4b03-a851-c5475d6f739b', 'context': [<snowplow_tracker.self_describing_json.SelfDescribingJson object at 0xffffae5b7e10>]}
[0m16:11:25.515594 [info ] [MainThread]: Registered adapter: postgres=1.7.9
[0m16:11:25.518248 [debug] [MainThread]: checksum: 6ff0d83c3b46f350064523b4e08d9241403ad71d606ba49c4e670afba3668b39, vars: {}, profile: , target: , version: 1.7.9
[0m16:11:25.532603 [debug] [MainThread]: Partial parsing enabled: 0 files deleted, 0 files added, 0 files changed.
[0m16:11:25.532833 [debug] [MainThread]: Partial parsing enabled, no changes found, skipping parsing
[0m16:11:25.535053 [debug] [MainThread]: Sending event: {'category': 'dbt', 'action': 'load_project', 'label': '077679c1-5f9f-4b03-a851-c5475d6f739b', 'context': [<snowplow_tracker.self_describing_json.SelfDescribingJson object at 0xffffacd428d0>]}
[0m16:11:25.541628 [debug] [MainThread]: Sending event: {'category': 'dbt', 'action': 'resource_counts', 'label': '077679c1-5f9f-4b03-a851-c5475d6f739b', 'context': [<snowplow_tracker.self_describing_json.SelfDescribingJson object at 0xffffacd40290>]}
[0m16:11:25.541888 [info ] [MainThread]: Found 10 models, 0 sources, 0 exposures, 0 metrics, 401 macros, 0 groups, 0 semantic models
[0m16:11:25.542099 [debug] [MainThread]: Sending event: {'category': 'dbt', 'action': 'runnable_timing', 'label': '077679c1-5f9f-4b03-a851-c5475d6f739b', 'context': [<snowplow_tracker.self_describing_json.SelfDescribingJson object at 0xffffad11e210>]}
[0m16:11:25.542870 [info ] [MainThread]: 
[0m16:11:25.543271 [debug] [MainThread]: Acquiring new postgres connection 'master'
[0m16:11:25.543933 [debug] [ThreadPool]: Acquiring new postgres connection 'list_foodingo_warehouse'
[0m16:11:25.548138 [debug] [ThreadPool]: Using postgres connection "list_foodingo_warehouse"
[0m16:11:25.548367 [debug] [ThreadPool]: On list_foodingo_warehouse: /* {"app": "dbt", "dbt_version": "1.7.9", "profile_name": "foodingo", "target_name": "dev", "connection_name": "list_foodingo_warehouse"} */

    select distinct nspname from pg_namespace
  
[0m16:11:25.548532 [debug] [ThreadPool]: Opening a new connection, currently in state init
[0m16:11:25.555049 [debug] [ThreadPool]: SQL status: SELECT 7 in 0.0 seconds
[0m16:11:25.555870 [debug] [ThreadPool]: On list_foodingo_warehouse: Close
[0m16:11:25.556953 [debug] [ThreadPool]: Re-using an available connection from the pool (formerly list_foodingo_warehouse, now list_foodingo_warehouse_analytics_analytics)
[0m16:11:25.559378 [debug] [ThreadPool]: Using postgres connection "list_foodingo_warehouse_analytics_analytics"
[0m16:11:25.559568 [debug] [ThreadPool]: On list_foodingo_warehouse_analytics_analytics: BEGIN
[0m16:11:25.559748 [debug] [ThreadPool]: Opening a new connection, currently in state closed
[0m16:11:25.562342 [debug] [ThreadPool]: SQL status: BEGIN in 0.0 seconds
[0m16:11:25.562518 [debug] [ThreadPool]: Using postgres connection "list_foodingo_warehouse_analytics_analytics"
[0m16:11:25.562696 [debug] [ThreadPool]: On list_foodingo_warehouse_analytics_analytics: /* {"app": "dbt", "dbt_version": "1.7.9", "profile_name": "foodingo", "target_name": "dev", "connection_name": "list_foodingo_warehouse_analytics_analytics"} */
select
      'foodingo_warehouse' as database,
      tablename as name,
      schemaname as schema,
      'table' as type
    from pg_tables
    where schemaname ilike 'analytics_analytics'
    union all
    select
      'foodingo_warehouse' as database,
      viewname as name,
      schemaname as schema,
      'view' as type
    from pg_views
    where schemaname ilike 'analytics_analytics'
    union all
    select
      'foodingo_warehouse' as database,
      matviewname as name,
      schemaname as schema,
      'materialized_view' as type
    from pg_matviews
    where schemaname ilike 'analytics_analytics'
  
[0m16:11:25.565054 [debug] [ThreadPool]: SQL status: SELECT 8 in 0.0 seconds
[0m16:11:25.565744 [debug] [ThreadPool]: On list_foodingo_warehouse_analytics_analytics: ROLLBACK
[0m16:11:25.566001 [debug] [ThreadPool]: On list_foodingo_warehouse_analytics_analytics: Close
[0m16:11:25.568635 [debug] [MainThread]: Using postgres connection "master"
[0m16:11:25.568896 [debug] [MainThread]: On master: BEGIN
[0m16:11:25.569097 [debug] [MainThread]: Opening a new connection, currently in state init
[0m16:11:25.571446 [debug] [MainThread]: SQL status: BEGIN in 0.0 seconds
[0m16:11:25.571630 [debug] [MainThread]: Using postgres connection "master"
[0m16:11:25.571821 [debug] [MainThread]: On master: /* {"app": "dbt", "dbt_version": "1.7.9", "profile_name": "foodingo", "target_name": "dev", "connection_name": "master"} */
with relation as (
        select
            pg_rewrite.ev_class as class,
            pg_rewrite.oid as id
        from pg_rewrite
    ),
    class as (
        select
            oid as id,
            relname as name,
            relnamespace as schema,
            relkind as kind
        from pg_class
    ),
    dependency as (
        select distinct
            pg_depend.objid as id,
            pg_depend.refobjid as ref
        from pg_depend
    ),
    schema as (
        select
            pg_namespace.oid as id,
            pg_namespace.nspname as name
        from pg_namespace
        where nspname != 'information_schema' and nspname not like 'pg\_%'
    ),
    referenced as (
        select
            relation.id AS id,
            referenced_class.name ,
            referenced_class.schema ,
            referenced_class.kind
        from relation
        join class as referenced_class on relation.class=referenced_class.id
        where referenced_class.kind in ('r', 'v', 'm')
    ),
    relationships as (
        select
            referenced.name as referenced_name,
            referenced.schema as referenced_schema_id,
            dependent_class.name as dependent_name,
            dependent_class.schema as dependent_schema_id,
            referenced.kind as kind
        from referenced
        join dependency on referenced.id=dependency.id
        join class as dependent_class on dependency.ref=dependent_class.id
        where
            (referenced.name != dependent_class.name or
             referenced.schema != dependent_class.schema)
    )

    select
        referenced_schema.name as referenced_schema,
        relationships.referenced_name as referenced_name,
        dependent_schema.name as dependent_schema,
        relationships.dependent_name as dependent_name
    from relationships
    join schema as dependent_schema on relationships.dependent_schema_id=dependent_schema.id
    join schema as referenced_schema on relationships.referenced_schema_id=referenced_schema.id
    group by referenced_schema, referenced_name, dependent_schema, dependent_name
    order by referenced_schema, referenced_name, dependent_schema, dependent_name;
[0m16:11:25.576125 [debug] [MainThread]: SQL status: SELECT 51 in 0.0 seconds
[0m16:11:25.576948 [debug] [MainThread]: Sending event: {'category': 'dbt', 'action': 'runnable_timing', 'label': '077679c1-5f9f-4b03-a851-c5475d6f739b', 'context': [<snowplow_tracker.self_describing_json.SelfDescribingJson object at 0xffffacfaed10>]}
[0m16:11:25.577188 [debug] [MainThread]: On master: ROLLBACK
[0m16:11:25.577414 [debug] [MainThread]: Using postgres connection "master"
[0m16:11:25.577577 [debug] [MainThread]: On master: BEGIN
[0m16:11:25.577832 [debug] [MainThread]: SQL status: BEGIN in 0.0 seconds
[0m16:11:25.577991 [debug] [MainThread]: On master: COMMIT
[0m16:11:25.578142 [debug] [MainThread]: Using postgres connection "master"
[0m16:11:25.578295 [debug] [MainThread]: On master: COMMIT
[0m16:11:25.578549 [debug] [MainThread]: SQL status: COMMIT in 0.0 seconds
[0m16:11:25.578706 [debug] [MainThread]: On master: Close
[0m16:11:25.579014 [info ] [MainThread]: Concurrency: 2 threads (target='dev')
[0m16:11:25.579238 [info ] [MainThread]: 
[0m16:11:25.582638 [debug] [Thread-1 (]: Began running node model.foodingo.cart_abandonment
[0m16:11:25.582822 [debug] [Thread-2 (]: Began running node model.foodingo.daily_revenue
[0m16:11:25.583081 [info ] [Thread-1 (]: 1 of 5 START sql table model analytics_analytics.cart_abandonment .............. [RUN]
[0m16:11:25.583417 [info ] [Thread-2 (]: 2 of 5 START sql table model analytics_analytics.daily_revenue ................. [RUN]
[0m16:11:25.583771 [debug] [Thread-1 (]: Re-using an available connection from the pool (formerly list_foodingo_warehouse_analytics_analytics, now model.foodingo.cart_abandonment)
[0m16:11:25.584144 [debug] [Thread-2 (]: Acquiring new postgres connection 'model.foodingo.daily_revenue'
[0m16:11:25.584338 [debug] [Thread-1 (]: Began compiling node model.foodingo.cart_abandonment
[0m16:11:25.584566 [debug] [Thread-2 (]: Began compiling node model.foodingo.daily_revenue
[0m16:11:25.587381 [debug] [Thread-1 (]: Writing injected SQL for node "model.foodingo.cart_abandonment"
[0m16:11:25.588556 [debug] [Thread-2 (]: Writing injected SQL for node "model.foodingo.daily_revenue"
[0m16:11:25.589487 [debug] [Thread-1 (]: Timing info for model.foodingo.cart_abandonment (compile): 16:11:25.584711 => 16:11:25.589351
[0m16:11:25.589879 [debug] [Thread-1 (]: Began executing node model.foodingo.cart_abandonment
[0m16:11:25.589696 [debug] [Thread-2 (]: Timing info for model.foodingo.daily_revenue (compile): 16:11:25.587586 => 16:11:25.589614
[0m16:11:25.603589 [debug] [Thread-2 (]: Began executing node model.foodingo.daily_revenue
[0m16:11:25.603419 [debug] [Thread-1 (]: Writing runtime sql for node "model.foodingo.cart_abandonment"
[0m16:11:25.605300 [debug] [Thread-2 (]: Writing runtime sql for node "model.foodingo.daily_revenue"
[0m16:11:25.605878 [debug] [Thread-1 (]: Using postgres connection "model.foodingo.cart_abandonment"
[0m16:11:25.606043 [debug] [Thread-2 (]: Using postgres connection "model.foodingo.daily_revenue"
[0m16:11:25.606438 [debug] [Thread-2 (]: On model.foodingo.daily_revenue: BEGIN
[0m16:11:25.606237 [debug] [Thread-1 (]: On model.foodingo.cart_abandonment: BEGIN
[0m16:11:25.606782 [debug] [Thread-1 (]: Opening a new connection, currently in state closed
[0m16:11:25.606607 [debug] [Thread-2 (]: Opening a new connection, currently in state init
[0m16:11:25.609405 [debug] [Thread-1 (]: SQL status: BEGIN in 0.0 seconds
[0m16:11:25.609611 [debug] [Thread-1 (]: Using postgres connection "model.foodingo.cart_abandonment"
[0m16:11:25.609986 [debug] [Thread-1 (]: On model.foodingo.cart_abandonment: /* {"app": "dbt", "dbt_version": "1.7.9", "profile_name": "foodingo", "target_name": "dev", "node_id": "model.foodingo.cart_abandonment"} */

  
    

  create  table "foodingo_warehouse"."analytics_analytics"."cart_abandonment__dbt_tmp"
  
  
    as
  
  (
    -- models/marts/cart_abandonment.sql
-- Identifies users who added to cart but did NOT place an order within 24 hours



WITH cart_users AS (
    SELECT
        user_id,
        MAX(event_time)                 AS last_cart_time,
        COUNT(DISTINCT food_id)         AS cart_item_count
    FROM "foodingo_warehouse"."analytics_analytics"."fact_cart_events"
    WHERE event_type = 'cart.item_added'
    GROUP BY user_id
),

order_users AS (
    SELECT DISTINCT user_id
    FROM "foodingo_warehouse"."analytics_analytics"."fact_orders"
    WHERE payment_status = 'paid'
)

SELECT
    c.user_id,
    c.last_cart_time,
    c.cart_item_count,
    EXTRACT(DAY FROM NOW() - c.last_cart_time)::INT     AS days_since_cart,
    (o.user_id IS NOT NULL)                             AS has_ordered_after
FROM cart_users c
LEFT JOIN order_users o ON c.user_id = o.user_id
ORDER BY days_since_cart DESC
  );
  
[0m16:11:25.609844 [debug] [Thread-2 (]: SQL status: BEGIN in 0.0 seconds
[0m16:11:25.610253 [debug] [Thread-2 (]: Using postgres connection "model.foodingo.daily_revenue"
[0m16:11:25.610518 [debug] [Thread-2 (]: On model.foodingo.daily_revenue: /* {"app": "dbt", "dbt_version": "1.7.9", "profile_name": "foodingo", "target_name": "dev", "node_id": "model.foodingo.daily_revenue"} */

  
    

  create  table "foodingo_warehouse"."analytics_analytics"."daily_revenue__dbt_tmp"
  
  
    as
  
  (
    -- models/marts/daily_revenue.sql


SELECT
    order_date                          AS revenue_date,
    SUM(amount)                         AS total_revenue,
    COUNT(order_id)                     AS order_count,
    AVG(amount)                         AS avg_order_value,
    COUNT(DISTINCT user_id)             AS unique_users
FROM "foodingo_warehouse"."analytics_analytics"."fact_orders"
WHERE payment_status = 'paid'
GROUP BY order_date
ORDER BY order_date DESC
  );
  
[0m16:11:25.612708 [debug] [Thread-1 (]: SQL status: SELECT 3 in 0.0 seconds
[0m16:11:25.615762 [debug] [Thread-1 (]: Using postgres connection "model.foodingo.cart_abandonment"
[0m16:11:25.616063 [debug] [Thread-1 (]: On model.foodingo.cart_abandonment: /* {"app": "dbt", "dbt_version": "1.7.9", "profile_name": "foodingo", "target_name": "dev", "node_id": "model.foodingo.cart_abandonment"} */
alter table "foodingo_warehouse"."analytics_analytics"."cart_abandonment" rename to "cart_abandonment__dbt_backup"
[0m16:11:25.615922 [debug] [Thread-2 (]: SQL status: SELECT 0 in 0.0 seconds
[0m16:11:25.617298 [debug] [Thread-2 (]: Using postgres connection "model.foodingo.daily_revenue"
[0m16:11:25.617445 [debug] [Thread-1 (]: SQL status: ALTER TABLE in 0.0 seconds
[0m16:11:25.617665 [debug] [Thread-2 (]: On model.foodingo.daily_revenue: /* {"app": "dbt", "dbt_version": "1.7.9", "profile_name": "foodingo", "target_name": "dev", "node_id": "model.foodingo.daily_revenue"} */
alter table "foodingo_warehouse"."analytics_analytics"."daily_revenue" rename to "daily_revenue__dbt_backup"
[0m16:11:25.618781 [debug] [Thread-1 (]: Using postgres connection "model.foodingo.cart_abandonment"
[0m16:11:25.619049 [debug] [Thread-1 (]: On model.foodingo.cart_abandonment: /* {"app": "dbt", "dbt_version": "1.7.9", "profile_name": "foodingo", "target_name": "dev", "node_id": "model.foodingo.cart_abandonment"} */
alter table "foodingo_warehouse"."analytics_analytics"."cart_abandonment__dbt_tmp" rename to "cart_abandonment"
[0m16:11:25.619206 [debug] [Thread-2 (]: SQL status: ALTER TABLE in 0.0 seconds
[0m16:11:25.620405 [debug] [Thread-2 (]: Using postgres connection "model.foodingo.daily_revenue"
[0m16:11:25.620528 [debug] [Thread-1 (]: SQL status: ALTER TABLE in 0.0 seconds
[0m16:11:25.620706 [debug] [Thread-2 (]: On model.foodingo.daily_revenue: /* {"app": "dbt", "dbt_version": "1.7.9", "profile_name": "foodingo", "target_name": "dev", "node_id": "model.foodingo.daily_revenue"} */
alter table "foodingo_warehouse"."analytics_analytics"."daily_revenue__dbt_tmp" rename to "daily_revenue"
[0m16:11:25.627449 [debug] [Thread-1 (]: On model.foodingo.cart_abandonment: COMMIT
[0m16:11:25.627684 [debug] [Thread-1 (]: Using postgres connection "model.foodingo.cart_abandonment"
[0m16:11:25.627977 [debug] [Thread-1 (]: On model.foodingo.cart_abandonment: COMMIT
[0m16:11:25.627831 [debug] [Thread-2 (]: SQL status: ALTER TABLE in 0.0 seconds
[0m16:11:25.628875 [debug] [Thread-2 (]: On model.foodingo.daily_revenue: COMMIT
[0m16:11:25.629007 [debug] [Thread-1 (]: SQL status: COMMIT in 0.0 seconds
[0m16:11:25.629163 [debug] [Thread-2 (]: Using postgres connection "model.foodingo.daily_revenue"
[0m16:11:25.631511 [debug] [Thread-2 (]: On model.foodingo.daily_revenue: COMMIT
[0m16:11:25.631299 [debug] [Thread-1 (]: Applying DROP to: "foodingo_warehouse"."analytics_analytics"."cart_abandonment__dbt_backup"
[0m16:11:25.633487 [debug] [Thread-1 (]: Using postgres connection "model.foodingo.cart_abandonment"
[0m16:11:25.633617 [debug] [Thread-2 (]: SQL status: COMMIT in 0.0 seconds
[0m16:11:25.633792 [debug] [Thread-1 (]: On model.foodingo.cart_abandonment: /* {"app": "dbt", "dbt_version": "1.7.9", "profile_name": "foodingo", "target_name": "dev", "node_id": "model.foodingo.cart_abandonment"} */
drop table if exists "foodingo_warehouse"."analytics_analytics"."cart_abandonment__dbt_backup" cascade
[0m16:11:25.634750 [debug] [Thread-2 (]: Applying DROP to: "foodingo_warehouse"."analytics_analytics"."daily_revenue__dbt_backup"
[0m16:11:25.635236 [debug] [Thread-2 (]: Using postgres connection "model.foodingo.daily_revenue"
[0m16:11:25.635458 [debug] [Thread-2 (]: On model.foodingo.daily_revenue: /* {"app": "dbt", "dbt_version": "1.7.9", "profile_name": "foodingo", "target_name": "dev", "node_id": "model.foodingo.daily_revenue"} */
drop table if exists "foodingo_warehouse"."analytics_analytics"."daily_revenue__dbt_backup" cascade
[0m16:11:25.635932 [debug] [Thread-1 (]: SQL status: DROP TABLE in 0.0 seconds
[0m16:11:25.636596 [debug] [Thread-1 (]: Timing info for model.foodingo.cart_abandonment (execute): 16:11:25.590015 => 16:11:25.636509
[0m16:11:25.636907 [debug] [Thread-1 (]: On model.foodingo.cart_abandonment: Close
[0m16:11:25.636747 [debug] [Thread-2 (]: SQL status: DROP TABLE in 0.0 seconds
[0m16:11:25.637824 [debug] [Thread-2 (]: Timing info for model.foodingo.daily_revenue (execute): 16:11:25.603723 => 16:11:25.637756
[0m16:11:25.637269 [debug] [Thread-1 (]: Sending event: {'category': 'dbt', 'action': 'run_model', 'label': '077679c1-5f9f-4b03-a851-c5475d6f739b', 'context': [<snowplow_tracker.self_describing_json.SelfDescribingJson object at 0xffffacc35c50>]}
[0m16:11:25.638029 [debug] [Thread-2 (]: On model.foodingo.daily_revenue: Close
[0m16:11:25.638761 [debug] [Thread-2 (]: Sending event: {'category': 'dbt', 'action': 'run_model', 'label': '077679c1-5f9f-4b03-a851-c5475d6f739b', 'context': [<snowplow_tracker.self_describing_json.SelfDescribingJson object at 0xfffface02250>]}
[0m16:11:25.638338 [info ] [Thread-1 (]: 1 of 5 OK created sql table model analytics_analytics.cart_abandonment ......... [[32mSELECT 3[0m in 0.05s]
[0m16:11:25.639027 [info ] [Thread-2 (]: 2 of 5 OK created sql table model analytics_analytics.daily_revenue ............ [[32mSELECT 0[0m in 0.05s]
[0m16:11:25.639561 [debug] [Thread-2 (]: Finished running node model.foodingo.daily_revenue
[0m16:11:25.639294 [debug] [Thread-1 (]: Finished running node model.foodingo.cart_abandonment
[0m16:11:25.640010 [debug] [Thread-1 (]: Began running node model.foodingo.ml_user_order_matrix
[0m16:11:25.639763 [debug] [Thread-2 (]: Began running node model.foodingo.food_popularity
[0m16:11:25.640435 [info ] [Thread-2 (]: 3 of 5 START sql table model analytics_analytics.food_popularity ............... [RUN]
[0m16:11:25.640224 [info ] [Thread-1 (]: 4 of 5 START sql table model analytics_analytics.ml_user_order_matrix .......... [RUN]
[0m16:11:25.641024 [debug] [Thread-1 (]: Re-using an available connection from the pool (formerly model.foodingo.cart_abandonment, now model.foodingo.ml_user_order_matrix)
[0m16:11:25.640733 [debug] [Thread-2 (]: Re-using an available connection from the pool (formerly model.foodingo.daily_revenue, now model.foodingo.food_popularity)
[0m16:11:25.641197 [debug] [Thread-1 (]: Began compiling node model.foodingo.ml_user_order_matrix
[0m16:11:25.641384 [debug] [Thread-2 (]: Began compiling node model.foodingo.food_popularity
[0m16:11:25.642617 [debug] [Thread-1 (]: Writing injected SQL for node "model.foodingo.ml_user_order_matrix"
[0m16:11:25.643696 [debug] [Thread-2 (]: Writing injected SQL for node "model.foodingo.food_popularity"
[0m16:11:25.644222 [debug] [Thread-1 (]: Timing info for model.foodingo.ml_user_order_matrix (compile): 16:11:25.641516 => 16:11:25.644142
[0m16:11:25.644546 [debug] [Thread-1 (]: Began executing node model.foodingo.ml_user_order_matrix
[0m16:11:25.644388 [debug] [Thread-2 (]: Timing info for model.foodingo.food_popularity (compile): 16:11:25.642760 => 16:11:25.644305
[0m16:11:25.646102 [debug] [Thread-1 (]: Writing runtime sql for node "model.foodingo.ml_user_order_matrix"
[0m16:11:25.646298 [debug] [Thread-2 (]: Began executing node model.foodingo.food_popularity
[0m16:11:25.647933 [debug] [Thread-2 (]: Writing runtime sql for node "model.foodingo.food_popularity"
[0m16:11:25.648212 [debug] [Thread-1 (]: Using postgres connection "model.foodingo.ml_user_order_matrix"
[0m16:11:25.648489 [debug] [Thread-1 (]: On model.foodingo.ml_user_order_matrix: BEGIN
[0m16:11:25.648808 [debug] [Thread-1 (]: Opening a new connection, currently in state closed
[0m16:11:25.648646 [debug] [Thread-2 (]: Using postgres connection "model.foodingo.food_popularity"
[0m16:11:25.649123 [debug] [Thread-2 (]: On model.foodingo.food_popularity: BEGIN
[0m16:11:25.649418 [debug] [Thread-2 (]: Opening a new connection, currently in state closed
[0m16:11:25.651494 [debug] [Thread-1 (]: SQL status: BEGIN in 0.0 seconds
[0m16:11:25.651691 [debug] [Thread-1 (]: Using postgres connection "model.foodingo.ml_user_order_matrix"
[0m16:11:25.651926 [debug] [Thread-1 (]: On model.foodingo.ml_user_order_matrix: /* {"app": "dbt", "dbt_version": "1.7.9", "profile_name": "foodingo", "target_name": "dev", "node_id": "model.foodingo.ml_user_order_matrix"} */

  
    

  create  table "foodingo_warehouse"."analytics_analytics"."ml_user_order_matrix__dbt_tmp"
  
  
    as
  
  (
    -- models/marts/ml_user_order_matrix.sql
-- User × Food order count matrix — input for collaborative filtering recommender



WITH exploded AS (
    SELECT
        user_id,
        jsonb_array_elements(ordered_items)->>'foodId' AS food_id
    FROM "foodingo_warehouse"."analytics_analytics"."fact_orders"
    WHERE payment_status = 'paid'
      AND user_id IS NOT NULL
)

SELECT
    user_id,
    food_id,
    COUNT(*)   AS order_count
FROM exploded
WHERE food_id IS NOT NULL
GROUP BY user_id, food_id
  );
  
[0m16:11:25.652079 [debug] [Thread-2 (]: SQL status: BEGIN in 0.0 seconds
[0m16:11:25.652288 [debug] [Thread-2 (]: Using postgres connection "model.foodingo.food_popularity"
[0m16:11:25.652665 [debug] [Thread-2 (]: On model.foodingo.food_popularity: /* {"app": "dbt", "dbt_version": "1.7.9", "profile_name": "foodingo", "target_name": "dev", "node_id": "model.foodingo.food_popularity"} */

  
    

  create  table "foodingo_warehouse"."analytics_analytics"."food_popularity__dbt_tmp"
  
  
    as
  
  (
    -- models/marts/food_popularity.sql
-- Explodes the ordered_items JSONB array to get per-food-item order counts



WITH exploded AS (
    SELECT
        order_id,
        amount,
        jsonb_array_elements(ordered_items) AS item
    FROM "foodingo_warehouse"."analytics_analytics"."fact_orders"
    WHERE payment_status = 'paid'
)

SELECT
    item->>'foodId'       AS food_id,
    item->>'name'         AS food_name,
    item->>'category'     AS category,
    COUNT(*)              AS order_count,
    SUM(
        (item->>'price')::DECIMAL * (item->>'quantity')::INT
    )                     AS total_revenue,
    AVG((item->>'price')::DECIMAL) AS avg_price
FROM exploded
WHERE item->>'foodId' IS NOT NULL
GROUP BY food_id, food_name, category
ORDER BY order_count DESC
  );
  
[0m16:11:25.652460 [debug] [Thread-1 (]: Postgres adapter: Postgres error: column "ordered_items" does not exist
LINE 20:         jsonb_array_elements(ordered_items)->>'foodId' AS fo...
                                      ^

[0m16:11:25.652915 [debug] [Thread-1 (]: On model.foodingo.ml_user_order_matrix: ROLLBACK
[0m16:11:25.653089 [debug] [Thread-2 (]: Postgres adapter: Postgres error: column "ordered_items" does not exist
LINE 21:         jsonb_array_elements(ordered_items) AS item
                                      ^

[0m16:11:25.653484 [debug] [Thread-2 (]: On model.foodingo.food_popularity: ROLLBACK
[0m16:11:25.653351 [debug] [Thread-1 (]: Timing info for model.foodingo.ml_user_order_matrix (execute): 16:11:25.644660 => 16:11:25.653271
[0m16:11:25.653905 [debug] [Thread-1 (]: On model.foodingo.ml_user_order_matrix: Close
[0m16:11:25.653767 [debug] [Thread-2 (]: Timing info for model.foodingo.food_popularity (execute): 16:11:25.646506 => 16:11:25.653684
[0m16:11:25.655657 [debug] [Thread-1 (]: Database Error in model ml_user_order_matrix (models/marts/ml_user_order_matrix.sql)
  column "ordered_items" does not exist
  LINE 20:         jsonb_array_elements(ordered_items)->>'foodId' AS fo...
                                        ^
  compiled Code at target/run/foodingo/models/marts/ml_user_order_matrix.sql
[0m16:11:25.656172 [debug] [Thread-1 (]: Sending event: {'category': 'dbt', 'action': 'run_model', 'label': '077679c1-5f9f-4b03-a851-c5475d6f739b', 'context': [<snowplow_tracker.self_describing_json.SelfDescribingJson object at 0xffffacd05490>]}
[0m16:11:25.655946 [debug] [Thread-2 (]: On model.foodingo.food_popularity: Close
[0m16:11:25.656468 [error] [Thread-1 (]: 4 of 5 ERROR creating sql table model analytics_analytics.ml_user_order_matrix . [[31mERROR[0m in 0.02s]
[0m16:11:25.657801 [debug] [Thread-1 (]: Finished running node model.foodingo.ml_user_order_matrix
[0m16:11:25.657566 [debug] [Thread-2 (]: Database Error in model food_popularity (models/marts/food_popularity.sql)
  column "ordered_items" does not exist
  LINE 21:         jsonb_array_elements(ordered_items) AS item
                                        ^
  compiled Code at target/run/foodingo/models/marts/food_popularity.sql
[0m16:11:25.657988 [debug] [Thread-1 (]: Began running node model.foodingo.user_funnel
[0m16:11:25.658654 [info ] [Thread-1 (]: 5 of 5 START sql table model analytics_analytics.user_funnel ................... [RUN]
[0m16:11:25.658444 [debug] [Thread-2 (]: Sending event: {'category': 'dbt', 'action': 'run_model', 'label': '077679c1-5f9f-4b03-a851-c5475d6f739b', 'context': [<snowplow_tracker.self_describing_json.SelfDescribingJson object at 0xffffacf6f5d0>]}
[0m16:11:25.659222 [error] [Thread-2 (]: 3 of 5 ERROR creating sql table model analytics_analytics.food_popularity ...... [[31mERROR[0m in 0.02s]
[0m16:11:25.658942 [debug] [Thread-1 (]: Re-using an available connection from the pool (formerly model.foodingo.ml_user_order_matrix, now model.foodingo.user_funnel)
[0m16:11:25.659653 [debug] [Thread-1 (]: Began compiling node model.foodingo.user_funnel
[0m16:11:25.659483 [debug] [Thread-2 (]: Finished running node model.foodingo.food_popularity
[0m16:11:25.661109 [debug] [Thread-1 (]: Writing injected SQL for node "model.foodingo.user_funnel"
[0m16:11:25.661636 [debug] [Thread-1 (]: Timing info for model.foodingo.user_funnel (compile): 16:11:25.659776 => 16:11:25.661533
[0m16:11:25.661830 [debug] [Thread-1 (]: Began executing node model.foodingo.user_funnel
[0m16:11:25.664255 [debug] [Thread-1 (]: Writing runtime sql for node "model.foodingo.user_funnel"
[0m16:11:25.664646 [debug] [Thread-1 (]: Using postgres connection "model.foodingo.user_funnel"
[0m16:11:25.664822 [debug] [Thread-1 (]: On model.foodingo.user_funnel: BEGIN
[0m16:11:25.664992 [debug] [Thread-1 (]: Opening a new connection, currently in state closed
[0m16:11:25.667072 [debug] [Thread-1 (]: SQL status: BEGIN in 0.0 seconds
[0m16:11:25.667246 [debug] [Thread-1 (]: Using postgres connection "model.foodingo.user_funnel"
[0m16:11:25.667466 [debug] [Thread-1 (]: On model.foodingo.user_funnel: /* {"app": "dbt", "dbt_version": "1.7.9", "profile_name": "foodingo", "target_name": "dev", "node_id": "model.foodingo.user_funnel"} */

  
    

  create  table "foodingo_warehouse"."analytics_analytics"."user_funnel__dbt_tmp"
  
  
    as
  
  (
    -- models/marts/user_funnel.sql
-- Daily funnel: registered → logged in → added to cart → placed order



WITH daily_registrations AS (
    SELECT DATE(event_timestamp) AS d, COUNT(DISTINCT user_id) AS registered_users
    FROM "foodingo_warehouse"."analytics_analytics"."stg_users"
    WHERE event_type = 'user.registered'
    GROUP BY 1
),

daily_logins AS (
    SELECT DATE(event_timestamp) AS d, COUNT(DISTINCT user_id) AS logged_in_users
    FROM "foodingo_warehouse"."analytics_analytics"."stg_users"
    WHERE event_type = 'user.login'
    GROUP BY 1
),

daily_cart AS (
    SELECT event_date AS d, COUNT(DISTINCT user_id) AS cart_added_users
    FROM "foodingo_warehouse"."analytics_analytics"."fact_cart_events"
    WHERE event_type = 'cart.item_added'
    GROUP BY 1
),

daily_orders AS (
    SELECT order_date AS d, COUNT(DISTINCT user_id) AS ordered_users
    FROM "foodingo_warehouse"."analytics_analytics"."fact_orders"
    WHERE payment_status = 'paid'
    GROUP BY 1
)

SELECT
    r.d                         AS funnel_date,
    r.registered_users,
    COALESCE(l.logged_in_users, 0) AS logged_in_users,
    COALESCE(c.cart_added_users, 0) AS cart_added_users,
    COALESCE(o.ordered_users, 0)    AS ordered_users,
    CASE
        WHEN r.registered_users = 0 THEN 0
        ELSE ROUND(
            100.0 * COALESCE(o.ordered_users, 0) / r.registered_users, 2
        )
    END                         AS reg_to_order_rate
FROM daily_registrations r
LEFT JOIN daily_logins l  ON r.d = l.d
LEFT JOIN daily_cart c    ON r.d = c.d
LEFT JOIN daily_orders o  ON r.d = o.d
ORDER BY funnel_date DESC
  );
  
[0m16:11:25.670996 [debug] [Thread-1 (]: SQL status: SELECT 1 in 0.0 seconds
[0m16:11:25.692840 [debug] [Thread-1 (]: Using postgres connection "model.foodingo.user_funnel"
[0m16:11:25.693132 [debug] [Thread-1 (]: On model.foodingo.user_funnel: /* {"app": "dbt", "dbt_version": "1.7.9", "profile_name": "foodingo", "target_name": "dev", "node_id": "model.foodingo.user_funnel"} */
alter table "foodingo_warehouse"."analytics_analytics"."user_funnel" rename to "user_funnel__dbt_backup"
[0m16:11:25.693589 [debug] [Thread-1 (]: SQL status: ALTER TABLE in 0.0 seconds
[0m16:11:25.694801 [debug] [Thread-1 (]: Using postgres connection "model.foodingo.user_funnel"
[0m16:11:25.695008 [debug] [Thread-1 (]: On model.foodingo.user_funnel: /* {"app": "dbt", "dbt_version": "1.7.9", "profile_name": "foodingo", "target_name": "dev", "node_id": "model.foodingo.user_funnel"} */
alter table "foodingo_warehouse"."analytics_analytics"."user_funnel__dbt_tmp" rename to "user_funnel"
[0m16:11:25.695406 [debug] [Thread-1 (]: SQL status: ALTER TABLE in 0.0 seconds
[0m16:11:25.696281 [debug] [Thread-1 (]: On model.foodingo.user_funnel: COMMIT
[0m16:11:25.696497 [debug] [Thread-1 (]: Using postgres connection "model.foodingo.user_funnel"
[0m16:11:25.696697 [debug] [Thread-1 (]: On model.foodingo.user_funnel: COMMIT
[0m16:11:25.697463 [debug] [Thread-1 (]: SQL status: COMMIT in 0.0 seconds
[0m16:11:25.698566 [debug] [Thread-1 (]: Applying DROP to: "foodingo_warehouse"."analytics_analytics"."user_funnel__dbt_backup"
[0m16:11:25.699053 [debug] [Thread-1 (]: Using postgres connection "model.foodingo.user_funnel"
[0m16:11:25.699290 [debug] [Thread-1 (]: On model.foodingo.user_funnel: /* {"app": "dbt", "dbt_version": "1.7.9", "profile_name": "foodingo", "target_name": "dev", "node_id": "model.foodingo.user_funnel"} */
drop table if exists "foodingo_warehouse"."analytics_analytics"."user_funnel__dbt_backup" cascade
[0m16:11:25.700428 [debug] [Thread-1 (]: SQL status: DROP TABLE in 0.0 seconds
[0m16:11:25.701054 [debug] [Thread-1 (]: Timing info for model.foodingo.user_funnel (execute): 16:11:25.661953 => 16:11:25.700972
[0m16:11:25.701238 [debug] [Thread-1 (]: On model.foodingo.user_funnel: Close
[0m16:11:25.701615 [debug] [Thread-1 (]: Sending event: {'category': 'dbt', 'action': 'run_model', 'label': '077679c1-5f9f-4b03-a851-c5475d6f739b', 'context': [<snowplow_tracker.self_describing_json.SelfDescribingJson object at 0xffffadc3c090>]}
[0m16:11:25.701929 [info ] [Thread-1 (]: 5 of 5 OK created sql table model analytics_analytics.user_funnel .............. [[32mSELECT 1[0m in 0.04s]
[0m16:11:25.702228 [debug] [Thread-1 (]: Finished running node model.foodingo.user_funnel
[0m16:11:25.702983 [debug] [MainThread]: Using postgres connection "master"
[0m16:11:25.703186 [debug] [MainThread]: On master: BEGIN
[0m16:11:25.703345 [debug] [MainThread]: Opening a new connection, currently in state closed
[0m16:11:25.705636 [debug] [MainThread]: SQL status: BEGIN in 0.0 seconds
[0m16:11:25.705797 [debug] [MainThread]: On master: COMMIT
[0m16:11:25.705959 [debug] [MainThread]: Using postgres connection "master"
[0m16:11:25.706099 [debug] [MainThread]: On master: COMMIT
[0m16:11:25.706277 [debug] [MainThread]: SQL status: COMMIT in 0.0 seconds
[0m16:11:25.706426 [debug] [MainThread]: On master: Close
[0m16:11:25.706704 [debug] [MainThread]: Connection 'master' was properly closed.
[0m16:11:25.706849 [debug] [MainThread]: Connection 'model.foodingo.user_funnel' was properly closed.
[0m16:11:25.706999 [debug] [MainThread]: Connection 'model.foodingo.food_popularity' was properly closed.
[0m16:11:25.707201 [info ] [MainThread]: 
[0m16:11:25.707379 [info ] [MainThread]: Finished running 5 table models in 0 hours 0 minutes and 0.16 seconds (0.16s).
[0m16:11:25.707792 [debug] [MainThread]: Command end result
[0m16:11:25.711714 [info ] [MainThread]: 
[0m16:11:25.711934 [info ] [MainThread]: [31mCompleted with 2 errors and 0 warnings:[0m
[0m16:11:25.712110 [info ] [MainThread]: 
[0m16:11:25.712272 [error] [MainThread]:   Database Error in model ml_user_order_matrix (models/marts/ml_user_order_matrix.sql)
  column "ordered_items" does not exist
  LINE 20:         jsonb_array_elements(ordered_items)->>'foodId' AS fo...
                                        ^
  compiled Code at target/run/foodingo/models/marts/ml_user_order_matrix.sql
[0m16:11:25.712460 [info ] [MainThread]: 
[0m16:11:25.712655 [error] [MainThread]:   Database Error in model food_popularity (models/marts/food_popularity.sql)
  column "ordered_items" does not exist
  LINE 21:         jsonb_array_elements(ordered_items) AS item
                                        ^
  compiled Code at target/run/foodingo/models/marts/food_popularity.sql
[0m16:11:25.712822 [info ] [MainThread]: 
[0m16:11:25.713003 [info ] [MainThread]: Done. PASS=3 WARN=0 ERROR=2 SKIP=0 TOTAL=5
[0m16:11:25.713468 [debug] [MainThread]: Resource report: {"command_name": "run", "command_wall_clock_time": 0.30803895, "process_user_time": 1.137327, "process_kernel_time": 0.077294, "process_mem_max_rss": "161124", "process_out_blocks": "1702", "command_success": false, "process_in_blocks": "0"}
[0m16:11:25.713730 [debug] [MainThread]: Command `dbt run` failed at 16:11:25.713675 after 0.31 seconds
[0m16:11:25.713918 [debug] [MainThread]: Sending event: {'category': 'dbt', 'action': 'invocation', 'label': 'end', 'context': [<snowplow_tracker.self_describing_json.SelfDescribingJson object at 0xffffb2a87590>, <snowplow_tracker.self_describing_json.SelfDescribingJson object at 0xffffb2a876d0>, <snowplow_tracker.self_describing_json.SelfDescribingJson object at 0xffffacd4ebd0>]}
[0m16:11:25.714083 [debug] [MainThread]: Flushing usage events
[0m16:11:27.820474 [debug] [MainThread]: Sending event: {'category': 'dbt', 'action': 'invocation', 'label': 'start', 'context': [<snowplow_tracker.self_describing_json.SelfDescribingJson object at 0xffffb52a3c50>, <snowplow_tracker.self_describing_json.SelfDescribingJson object at 0xffffb52a3b50>, <snowplow_tracker.self_describing_json.SelfDescribingJson object at 0xffffb52e90d0>]}


============================== 16:11:27.822907 | f3fb8129-03f0-4cd7-bb16-7272c8fd0862 ==============================
[0m16:11:27.822907 [info ] [MainThread]: Running with dbt=1.7.9
[0m16:11:27.823233 [debug] [MainThread]: running dbt with arguments {'printer_width': '80', 'indirect_selection': 'eager', 'log_cache_events': 'False', 'write_json': 'True', 'partial_parse': 'True', 'cache_selected_only': 'False', 'profiles_dir': '/opt/airflow/dbt', 'fail_fast': 'False', 'debug': 'False', 'log_path': '/opt/airflow/dbt/logs', 'version_check': 'True', 'warn_error': 'None', 'use_colors': 'True', 'use_experimental_parser': 'False', 'no_print': 'None', 'quiet': 'False', 'warn_error_options': 'WarnErrorOptions(include=[], exclude=[])', 'introspect': 'True', 'invocation_command': 'dbt run --profiles-dir /opt/airflow/dbt --project-dir /opt/airflow/dbt --select marts', 'static_parser': 'True', 'target_path': 'None', 'log_format': 'default', 'send_anonymous_usage_stats': 'True'}
[0m16:11:27.883018 [debug] [MainThread]: Sending event: {'category': 'dbt', 'action': 'project_id', 'label': 'f3fb8129-03f0-4cd7-bb16-7272c8fd0862', 'context': [<snowplow_tracker.self_describing_json.SelfDescribingJson object at 0xffffb462bed0>]}
[0m16:11:27.911410 [debug] [MainThread]: Sending event: {'category': 'dbt', 'action': 'adapter_info', 'label': 'f3fb8129-03f0-4cd7-bb16-7272c8fd0862', 'context': [<snowplow_tracker.self_describing_json.SelfDescribingJson object at 0xffffb47984d0>]}
[0m16:11:27.911817 [info ] [MainThread]: Registered adapter: postgres=1.7.9
[0m16:11:27.914614 [debug] [MainThread]: checksum: 6ff0d83c3b46f350064523b4e08d9241403ad71d606ba49c4e670afba3668b39, vars: {}, profile: , target: , version: 1.7.9
[0m16:11:27.925389 [debug] [MainThread]: Partial parsing enabled: 0 files deleted, 0 files added, 0 files changed.
[0m16:11:27.925595 [debug] [MainThread]: Partial parsing enabled, no changes found, skipping parsing
[0m16:11:27.927709 [debug] [MainThread]: Sending event: {'category': 'dbt', 'action': 'load_project', 'label': 'f3fb8129-03f0-4cd7-bb16-7272c8fd0862', 'context': [<snowplow_tracker.self_describing_json.SelfDescribingJson object at 0xffffb44328d0>]}
[0m16:11:27.933490 [debug] [MainThread]: Sending event: {'category': 'dbt', 'action': 'resource_counts', 'label': 'f3fb8129-03f0-4cd7-bb16-7272c8fd0862', 'context': [<snowplow_tracker.self_describing_json.SelfDescribingJson object at 0xffffb443ef90>]}
[0m16:11:27.933723 [info ] [MainThread]: Found 10 models, 0 sources, 0 exposures, 0 metrics, 401 macros, 0 groups, 0 semantic models
[0m16:11:27.934130 [debug] [MainThread]: Sending event: {'category': 'dbt', 'action': 'runnable_timing', 'label': 'f3fb8129-03f0-4cd7-bb16-7272c8fd0862', 'context': [<snowplow_tracker.self_describing_json.SelfDescribingJson object at 0xffffb5331590>]}
[0m16:11:27.934935 [info ] [MainThread]: 
[0m16:11:27.935299 [debug] [MainThread]: Acquiring new postgres connection 'master'
[0m16:11:27.935884 [debug] [ThreadPool]: Acquiring new postgres connection 'list_foodingo_warehouse'
[0m16:11:27.939719 [debug] [ThreadPool]: Using postgres connection "list_foodingo_warehouse"
[0m16:11:27.939912 [debug] [ThreadPool]: On list_foodingo_warehouse: /* {"app": "dbt", "dbt_version": "1.7.9", "profile_name": "foodingo", "target_name": "dev", "connection_name": "list_foodingo_warehouse"} */

    select distinct nspname from pg_namespace
  
[0m16:11:27.940082 [debug] [ThreadPool]: Opening a new connection, currently in state init
[0m16:11:27.943436 [debug] [ThreadPool]: SQL status: SELECT 7 in 0.0 seconds
[0m16:11:27.944026 [debug] [ThreadPool]: On list_foodingo_warehouse: Close
[0m16:11:27.944886 [debug] [ThreadPool]: Re-using an available connection from the pool (formerly list_foodingo_warehouse, now list_foodingo_warehouse_analytics_analytics)
[0m16:11:27.946988 [debug] [ThreadPool]: Using postgres connection "list_foodingo_warehouse_analytics_analytics"
[0m16:11:27.947157 [debug] [ThreadPool]: On list_foodingo_warehouse_analytics_analytics: BEGIN
[0m16:11:27.947316 [debug] [ThreadPool]: Opening a new connection, currently in state closed
[0m16:11:27.949370 [debug] [ThreadPool]: SQL status: BEGIN in 0.0 seconds
[0m16:11:27.949574 [debug] [ThreadPool]: Using postgres connection "list_foodingo_warehouse_analytics_analytics"
[0m16:11:27.949737 [debug] [ThreadPool]: On list_foodingo_warehouse_analytics_analytics: /* {"app": "dbt", "dbt_version": "1.7.9", "profile_name": "foodingo", "target_name": "dev", "connection_name": "list_foodingo_warehouse_analytics_analytics"} */
select
      'foodingo_warehouse' as database,
      tablename as name,
      schemaname as schema,
      'table' as type
    from pg_tables
    where schemaname ilike 'analytics_analytics'
    union all
    select
      'foodingo_warehouse' as database,
      viewname as name,
      schemaname as schema,
      'view' as type
    from pg_views
    where schemaname ilike 'analytics_analytics'
    union all
    select
      'foodingo_warehouse' as database,
      matviewname as name,
      schemaname as schema,
      'materialized_view' as type
    from pg_matviews
    where schemaname ilike 'analytics_analytics'
  
[0m16:11:27.951671 [debug] [ThreadPool]: SQL status: SELECT 8 in 0.0 seconds
[0m16:11:27.952169 [debug] [ThreadPool]: On list_foodingo_warehouse_analytics_analytics: ROLLBACK
[0m16:11:27.952384 [debug] [ThreadPool]: On list_foodingo_warehouse_analytics_analytics: Close
[0m16:11:27.954565 [debug] [MainThread]: Using postgres connection "master"
[0m16:11:27.954764 [debug] [MainThread]: On master: BEGIN
[0m16:11:27.954937 [debug] [MainThread]: Opening a new connection, currently in state init
[0m16:11:27.957256 [debug] [MainThread]: SQL status: BEGIN in 0.0 seconds
[0m16:11:27.957452 [debug] [MainThread]: Using postgres connection "master"
[0m16:11:27.957673 [debug] [MainThread]: On master: /* {"app": "dbt", "dbt_version": "1.7.9", "profile_name": "foodingo", "target_name": "dev", "connection_name": "master"} */
with relation as (
        select
            pg_rewrite.ev_class as class,
            pg_rewrite.oid as id
        from pg_rewrite
    ),
    class as (
        select
            oid as id,
            relname as name,
            relnamespace as schema,
            relkind as kind
        from pg_class
    ),
    dependency as (
        select distinct
            pg_depend.objid as id,
            pg_depend.refobjid as ref
        from pg_depend
    ),
    schema as (
        select
            pg_namespace.oid as id,
            pg_namespace.nspname as name
        from pg_namespace
        where nspname != 'information_schema' and nspname not like 'pg\_%'
    ),
    referenced as (
        select
            relation.id AS id,
            referenced_class.name ,
            referenced_class.schema ,
            referenced_class.kind
        from relation
        join class as referenced_class on relation.class=referenced_class.id
        where referenced_class.kind in ('r', 'v', 'm')
    ),
    relationships as (
        select
            referenced.name as referenced_name,
            referenced.schema as referenced_schema_id,
            dependent_class.name as dependent_name,
            dependent_class.schema as dependent_schema_id,
            referenced.kind as kind
        from referenced
        join dependency on referenced.id=dependency.id
        join class as dependent_class on dependency.ref=dependent_class.id
        where
            (referenced.name != dependent_class.name or
             referenced.schema != dependent_class.schema)
    )

    select
        referenced_schema.name as referenced_schema,
        relationships.referenced_name as referenced_name,
        dependent_schema.name as dependent_schema,
        relationships.dependent_name as dependent_name
    from relationships
    join schema as dependent_schema on relationships.dependent_schema_id=dependent_schema.id
    join schema as referenced_schema on relationships.referenced_schema_id=referenced_schema.id
    group by referenced_schema, referenced_name, dependent_schema, dependent_name
    order by referenced_schema, referenced_name, dependent_schema, dependent_name;
[0m16:11:27.961683 [debug] [MainThread]: SQL status: SELECT 51 in 0.0 seconds
[0m16:11:27.962400 [debug] [MainThread]: Sending event: {'category': 'dbt', 'action': 'runnable_timing', 'label': 'f3fb8129-03f0-4cd7-bb16-7272c8fd0862', 'context': [<snowplow_tracker.self_describing_json.SelfDescribingJson object at 0xffffb52d4950>]}
[0m16:11:27.962613 [debug] [MainThread]: On master: ROLLBACK
[0m16:11:27.962819 [debug] [MainThread]: Using postgres connection "master"
[0m16:11:27.962963 [debug] [MainThread]: On master: BEGIN
[0m16:11:27.963234 [debug] [MainThread]: SQL status: BEGIN in 0.0 seconds
[0m16:11:27.963420 [debug] [MainThread]: On master: COMMIT
[0m16:11:27.963578 [debug] [MainThread]: Using postgres connection "master"
[0m16:11:27.963723 [debug] [MainThread]: On master: COMMIT
[0m16:11:27.963906 [debug] [MainThread]: SQL status: COMMIT in 0.0 seconds
[0m16:11:27.964060 [debug] [MainThread]: On master: Close
[0m16:11:27.964327 [info ] [MainThread]: Concurrency: 2 threads (target='dev')
[0m16:11:27.964556 [info ] [MainThread]: 
[0m16:11:27.967890 [debug] [Thread-1 (]: Began running node model.foodingo.cart_abandonment
[0m16:11:27.968086 [debug] [Thread-2 (]: Began running node model.foodingo.daily_revenue
[0m16:11:27.968333 [info ] [Thread-1 (]: 1 of 5 START sql table model analytics_analytics.cart_abandonment .............. [RUN]
[0m16:11:27.968653 [info ] [Thread-2 (]: 2 of 5 START sql table model analytics_analytics.daily_revenue ................. [RUN]
[0m16:11:27.968981 [debug] [Thread-1 (]: Re-using an available connection from the pool (formerly list_foodingo_warehouse_analytics_analytics, now model.foodingo.cart_abandonment)
[0m16:11:27.969373 [debug] [Thread-2 (]: Acquiring new postgres connection 'model.foodingo.daily_revenue'
[0m16:11:27.969586 [debug] [Thread-1 (]: Began compiling node model.foodingo.cart_abandonment
[0m16:11:27.969805 [debug] [Thread-2 (]: Began compiling node model.foodingo.daily_revenue
[0m16:11:27.972531 [debug] [Thread-1 (]: Writing injected SQL for node "model.foodingo.cart_abandonment"
[0m16:11:27.973662 [debug] [Thread-2 (]: Writing injected SQL for node "model.foodingo.daily_revenue"
[0m16:11:27.974248 [debug] [Thread-1 (]: Timing info for model.foodingo.cart_abandonment (compile): 16:11:27.969936 => 16:11:27.974124
[0m16:11:27.974502 [debug] [Thread-1 (]: Began executing node model.foodingo.cart_abandonment
[0m16:11:27.974735 [debug] [Thread-2 (]: Timing info for model.foodingo.daily_revenue (compile): 16:11:27.972715 => 16:11:27.974657
[0m16:11:27.988497 [debug] [Thread-2 (]: Began executing node model.foodingo.daily_revenue
[0m16:11:27.990105 [debug] [Thread-2 (]: Writing runtime sql for node "model.foodingo.daily_revenue"
[0m16:11:27.988287 [debug] [Thread-1 (]: Writing runtime sql for node "model.foodingo.cart_abandonment"
[0m16:11:27.990644 [debug] [Thread-2 (]: Using postgres connection "model.foodingo.daily_revenue"
[0m16:11:27.990988 [debug] [Thread-2 (]: On model.foodingo.daily_revenue: BEGIN
[0m16:11:27.990833 [debug] [Thread-1 (]: Using postgres connection "model.foodingo.cart_abandonment"
[0m16:11:27.991340 [debug] [Thread-1 (]: On model.foodingo.cart_abandonment: BEGIN
[0m16:11:27.991156 [debug] [Thread-2 (]: Opening a new connection, currently in state init
[0m16:11:27.991512 [debug] [Thread-1 (]: Opening a new connection, currently in state closed
[0m16:11:27.994390 [debug] [Thread-2 (]: SQL status: BEGIN in 0.0 seconds
[0m16:11:27.994607 [debug] [Thread-2 (]: Using postgres connection "model.foodingo.daily_revenue"
[0m16:11:27.994845 [debug] [Thread-2 (]: On model.foodingo.daily_revenue: /* {"app": "dbt", "dbt_version": "1.7.9", "profile_name": "foodingo", "target_name": "dev", "node_id": "model.foodingo.daily_revenue"} */

  
    

  create  table "foodingo_warehouse"."analytics_analytics"."daily_revenue__dbt_tmp"
  
  
    as
  
  (
    -- models/marts/daily_revenue.sql


SELECT
    order_date                          AS revenue_date,
    SUM(amount)                         AS total_revenue,
    COUNT(order_id)                     AS order_count,
    AVG(amount)                         AS avg_order_value,
    COUNT(DISTINCT user_id)             AS unique_users
FROM "foodingo_warehouse"."analytics_analytics"."fact_orders"
WHERE payment_status = 'paid'
GROUP BY order_date
ORDER BY order_date DESC
  );
  
[0m16:11:27.994989 [debug] [Thread-1 (]: SQL status: BEGIN in 0.0 seconds
[0m16:11:27.995232 [debug] [Thread-1 (]: Using postgres connection "model.foodingo.cart_abandonment"
[0m16:11:27.995472 [debug] [Thread-1 (]: On model.foodingo.cart_abandonment: /* {"app": "dbt", "dbt_version": "1.7.9", "profile_name": "foodingo", "target_name": "dev", "node_id": "model.foodingo.cart_abandonment"} */

  
    

  create  table "foodingo_warehouse"."analytics_analytics"."cart_abandonment__dbt_tmp"
  
  
    as
  
  (
    -- models/marts/cart_abandonment.sql
-- Identifies users who added to cart but did NOT place an order within 24 hours



WITH cart_users AS (
    SELECT
        user_id,
        MAX(event_time)                 AS last_cart_time,
        COUNT(DISTINCT food_id)         AS cart_item_count
    FROM "foodingo_warehouse"."analytics_analytics"."fact_cart_events"
    WHERE event_type = 'cart.item_added'
    GROUP BY user_id
),

order_users AS (
    SELECT DISTINCT user_id
    FROM "foodingo_warehouse"."analytics_analytics"."fact_orders"
    WHERE payment_status = 'paid'
)

SELECT
    c.user_id,
    c.last_cart_time,
    c.cart_item_count,
    EXTRACT(DAY FROM NOW() - c.last_cart_time)::INT     AS days_since_cart,
    (o.user_id IS NOT NULL)                             AS has_ordered_after
FROM cart_users c
LEFT JOIN order_users o ON c.user_id = o.user_id
ORDER BY days_since_cart DESC
  );
  
[0m16:11:27.997455 [debug] [Thread-1 (]: SQL status: SELECT 3 in 0.0 seconds
[0m16:11:28.000390 [debug] [Thread-1 (]: Using postgres connection "model.foodingo.cart_abandonment"
[0m16:11:28.000533 [debug] [Thread-2 (]: SQL status: SELECT 0 in 0.0 seconds
[0m16:11:28.000724 [debug] [Thread-1 (]: On model.foodingo.cart_abandonment: /* {"app": "dbt", "dbt_version": "1.7.9", "profile_name": "foodingo", "target_name": "dev", "node_id": "model.foodingo.cart_abandonment"} */
alter table "foodingo_warehouse"."analytics_analytics"."cart_abandonment" rename to "cart_abandonment__dbt_backup"
[0m16:11:28.001950 [debug] [Thread-2 (]: Using postgres connection "model.foodingo.daily_revenue"
[0m16:11:28.002349 [debug] [Thread-2 (]: On model.foodingo.daily_revenue: /* {"app": "dbt", "dbt_version": "1.7.9", "profile_name": "foodingo", "target_name": "dev", "node_id": "model.foodingo.daily_revenue"} */
alter table "foodingo_warehouse"."analytics_analytics"."daily_revenue" rename to "daily_revenue__dbt_backup"
[0m16:11:28.002535 [debug] [Thread-1 (]: SQL status: ALTER TABLE in 0.0 seconds
[0m16:11:28.003743 [debug] [Thread-1 (]: Using postgres connection "model.foodingo.cart_abandonment"
[0m16:11:28.003884 [debug] [Thread-2 (]: SQL status: ALTER TABLE in 0.0 seconds
[0m16:11:28.004042 [debug] [Thread-1 (]: On model.foodingo.cart_abandonment: /* {"app": "dbt", "dbt_version": "1.7.9", "profile_name": "foodingo", "target_name": "dev", "node_id": "model.foodingo.cart_abandonment"} */
alter table "foodingo_warehouse"."analytics_analytics"."cart_abandonment__dbt_tmp" rename to "cart_abandonment"
[0m16:11:28.005072 [debug] [Thread-2 (]: Using postgres connection "model.foodingo.daily_revenue"
[0m16:11:28.005328 [debug] [Thread-2 (]: On model.foodingo.daily_revenue: /* {"app": "dbt", "dbt_version": "1.7.9", "profile_name": "foodingo", "target_name": "dev", "node_id": "model.foodingo.daily_revenue"} */
alter table "foodingo_warehouse"."analytics_analytics"."daily_revenue__dbt_tmp" rename to "daily_revenue"
[0m16:11:28.005494 [debug] [Thread-1 (]: SQL status: ALTER TABLE in 0.0 seconds
[0m16:11:28.012447 [debug] [Thread-2 (]: SQL status: ALTER TABLE in 0.0 seconds
[0m16:11:28.012874 [debug] [Thread-1 (]: On model.foodingo.cart_abandonment: COMMIT
[0m16:11:28.013949 [debug] [Thread-1 (]: Using postgres connection "model.foodingo.cart_abandonment"
[0m16:11:28.013741 [debug] [Thread-2 (]: On model.foodingo.daily_revenue: COMMIT
[0m16:11:28.014129 [debug] [Thread-1 (]: On model.foodingo.cart_abandonment: COMMIT
[0m16:11:28.014304 [debug] [Thread-2 (]: Using postgres connection "model.foodingo.daily_revenue"
[0m16:11:28.014573 [debug] [Thread-2 (]: On model.foodingo.daily_revenue: COMMIT
[0m16:11:28.015003 [debug] [Thread-1 (]: SQL status: COMMIT in 0.0 seconds
[0m16:11:28.015137 [debug] [Thread-2 (]: SQL status: COMMIT in 0.0 seconds
[0m16:11:28.017368 [debug] [Thread-1 (]: Applying DROP to: "foodingo_warehouse"."analytics_analytics"."cart_abandonment__dbt_backup"
[0m16:11:28.018327 [debug] [Thread-2 (]: Applying DROP to: "foodingo_warehouse"."analytics_analytics"."daily_revenue__dbt_backup"
[0m16:11:28.020166 [debug] [Thread-1 (]: Using postgres connection "model.foodingo.cart_abandonment"
[0m16:11:28.020738 [debug] [Thread-1 (]: On model.foodingo.cart_abandonment: /* {"app": "dbt", "dbt_version": "1.7.9", "profile_name": "foodingo", "target_name": "dev", "node_id": "model.foodingo.cart_abandonment"} */
drop table if exists "foodingo_warehouse"."analytics_analytics"."cart_abandonment__dbt_backup" cascade
[0m16:11:28.020563 [debug] [Thread-2 (]: Using postgres connection "model.foodingo.daily_revenue"
[0m16:11:28.020968 [debug] [Thread-2 (]: On model.foodingo.daily_revenue: /* {"app": "dbt", "dbt_version": "1.7.9", "profile_name": "foodingo", "target_name": "dev", "node_id": "model.foodingo.daily_revenue"} */
drop table if exists "foodingo_warehouse"."analytics_analytics"."daily_revenue__dbt_backup" cascade
[0m16:11:28.021690 [debug] [Thread-1 (]: SQL status: DROP TABLE in 0.0 seconds
[0m16:11:28.022302 [debug] [Thread-1 (]: Timing info for model.foodingo.cart_abandonment (execute): 16:11:27.974807 => 16:11:28.022216
[0m16:11:28.022458 [debug] [Thread-2 (]: SQL status: DROP TABLE in 0.0 seconds
[0m16:11:28.023165 [debug] [Thread-2 (]: Timing info for model.foodingo.daily_revenue (execute): 16:11:27.988633 => 16:11:28.023095
[0m16:11:28.022651 [debug] [Thread-1 (]: On model.foodingo.cart_abandonment: Close
[0m16:11:28.023734 [debug] [Thread-1 (]: Sending event: {'category': 'dbt', 'action': 'run_model', 'label': 'f3fb8129-03f0-4cd7-bb16-7272c8fd0862', 'context': [<snowplow_tracker.self_describing_json.SelfDescribingJson object at 0xffffb461a550>]}
[0m16:11:28.023338 [debug] [Thread-2 (]: On model.foodingo.daily_revenue: Close
[0m16:11:28.024064 [info ] [Thread-1 (]: 1 of 5 OK created sql table model analytics_analytics.cart_abandonment ......... [[32mSELECT 3[0m in 0.05s]
[0m16:11:28.024823 [debug] [Thread-1 (]: Finished running node model.foodingo.cart_abandonment
[0m16:11:28.024510 [debug] [Thread-2 (]: Sending event: {'category': 'dbt', 'action': 'run_model', 'label': 'f3fb8129-03f0-4cd7-bb16-7272c8fd0862', 'context': [<snowplow_tracker.self_describing_json.SelfDescribingJson object at 0xffffb4320790>]}
[0m16:11:28.025063 [debug] [Thread-1 (]: Began running node model.foodingo.food_popularity
[0m16:11:28.025587 [info ] [Thread-1 (]: 3 of 5 START sql table model analytics_analytics.food_popularity ............... [RUN]
[0m16:11:28.025356 [info ] [Thread-2 (]: 2 of 5 OK created sql table model analytics_analytics.daily_revenue ............ [[32mSELECT 0[0m in 0.06s]
[0m16:11:28.026116 [debug] [Thread-2 (]: Finished running node model.foodingo.daily_revenue
[0m16:11:28.025889 [debug] [Thread-1 (]: Re-using an available connection from the pool (formerly model.foodingo.cart_abandonment, now model.foodingo.food_popularity)
[0m16:11:28.026519 [debug] [Thread-1 (]: Began compiling node model.foodingo.food_popularity
[0m16:11:28.026296 [debug] [Thread-2 (]: Began running node model.foodingo.ml_user_order_matrix
[0m16:11:28.027854 [info ] [Thread-2 (]: 4 of 5 START sql table model analytics_analytics.ml_user_order_matrix .......... [RUN]
[0m16:11:28.027659 [debug] [Thread-1 (]: Writing injected SQL for node "model.foodingo.food_popularity"
[0m16:11:28.028141 [debug] [Thread-2 (]: Re-using an available connection from the pool (formerly model.foodingo.daily_revenue, now model.foodingo.ml_user_order_matrix)
[0m16:11:28.028508 [debug] [Thread-2 (]: Began compiling node model.foodingo.ml_user_order_matrix
[0m16:11:28.029748 [debug] [Thread-2 (]: Writing injected SQL for node "model.foodingo.ml_user_order_matrix"
[0m16:11:28.029977 [debug] [Thread-1 (]: Timing info for model.foodingo.food_popularity (compile): 16:11:28.026656 => 16:11:28.029889
[0m16:11:28.030195 [debug] [Thread-1 (]: Began executing node model.foodingo.food_popularity
[0m16:11:28.031795 [debug] [Thread-1 (]: Writing runtime sql for node "model.foodingo.food_popularity"
[0m16:11:28.032173 [debug] [Thread-2 (]: Timing info for model.foodingo.ml_user_order_matrix (compile): 16:11:28.028703 => 16:11:28.031887
[0m16:11:28.032442 [debug] [Thread-2 (]: Began executing node model.foodingo.ml_user_order_matrix
[0m16:11:28.034048 [debug] [Thread-2 (]: Writing runtime sql for node "model.foodingo.ml_user_order_matrix"
[0m16:11:28.034248 [debug] [Thread-1 (]: Using postgres connection "model.foodingo.food_popularity"
[0m16:11:28.034522 [debug] [Thread-1 (]: On model.foodingo.food_popularity: BEGIN
[0m16:11:28.034857 [debug] [Thread-1 (]: Opening a new connection, currently in state closed
[0m16:11:28.034728 [debug] [Thread-2 (]: Using postgres connection "model.foodingo.ml_user_order_matrix"
[0m16:11:28.035197 [debug] [Thread-2 (]: On model.foodingo.ml_user_order_matrix: BEGIN
[0m16:11:28.035513 [debug] [Thread-2 (]: Opening a new connection, currently in state closed
[0m16:11:28.037652 [debug] [Thread-1 (]: SQL status: BEGIN in 0.0 seconds
[0m16:11:28.037857 [debug] [Thread-1 (]: Using postgres connection "model.foodingo.food_popularity"
[0m16:11:28.038080 [debug] [Thread-1 (]: On model.foodingo.food_popularity: /* {"app": "dbt", "dbt_version": "1.7.9", "profile_name": "foodingo", "target_name": "dev", "node_id": "model.foodingo.food_popularity"} */

  
    

  create  table "foodingo_warehouse"."analytics_analytics"."food_popularity__dbt_tmp"
  
  
    as
  
  (
    -- models/marts/food_popularity.sql
-- Explodes the ordered_items JSONB array to get per-food-item order counts



WITH exploded AS (
    SELECT
        order_id,
        amount,
        jsonb_array_elements(ordered_items) AS item
    FROM "foodingo_warehouse"."analytics_analytics"."fact_orders"
    WHERE payment_status = 'paid'
)

SELECT
    item->>'foodId'       AS food_id,
    item->>'name'         AS food_name,
    item->>'category'     AS category,
    COUNT(*)              AS order_count,
    SUM(
        (item->>'price')::DECIMAL * (item->>'quantity')::INT
    )                     AS total_revenue,
    AVG((item->>'price')::DECIMAL) AS avg_price
FROM exploded
WHERE item->>'foodId' IS NOT NULL
GROUP BY food_id, food_name, category
ORDER BY order_count DESC
  );
  
[0m16:11:28.038225 [debug] [Thread-2 (]: SQL status: BEGIN in 0.0 seconds
[0m16:11:28.038465 [debug] [Thread-2 (]: Using postgres connection "model.foodingo.ml_user_order_matrix"
[0m16:11:28.038807 [debug] [Thread-2 (]: On model.foodingo.ml_user_order_matrix: /* {"app": "dbt", "dbt_version": "1.7.9", "profile_name": "foodingo", "target_name": "dev", "node_id": "model.foodingo.ml_user_order_matrix"} */

  
    

  create  table "foodingo_warehouse"."analytics_analytics"."ml_user_order_matrix__dbt_tmp"
  
  
    as
  
  (
    -- models/marts/ml_user_order_matrix.sql
-- User × Food order count matrix — input for collaborative filtering recommender



WITH exploded AS (
    SELECT
        user_id,
        jsonb_array_elements(ordered_items)->>'foodId' AS food_id
    FROM "foodingo_warehouse"."analytics_analytics"."fact_orders"
    WHERE payment_status = 'paid'
      AND user_id IS NOT NULL
)

SELECT
    user_id,
    food_id,
    COUNT(*)   AS order_count
FROM exploded
WHERE food_id IS NOT NULL
GROUP BY user_id, food_id
  );
  
[0m16:11:28.038638 [debug] [Thread-1 (]: Postgres adapter: Postgres error: column "ordered_items" does not exist
LINE 21:         jsonb_array_elements(ordered_items) AS item
                                      ^

[0m16:11:28.039070 [debug] [Thread-1 (]: On model.foodingo.food_popularity: ROLLBACK
[0m16:11:28.039295 [debug] [Thread-2 (]: Postgres adapter: Postgres error: column "ordered_items" does not exist
LINE 20:         jsonb_array_elements(ordered_items)->>'foodId' AS fo...
                                      ^

[0m16:11:28.039856 [debug] [Thread-2 (]: On model.foodingo.ml_user_order_matrix: ROLLBACK
[0m16:11:28.039726 [debug] [Thread-1 (]: Timing info for model.foodingo.food_popularity (execute): 16:11:28.030326 => 16:11:28.039640
[0m16:11:28.040260 [debug] [Thread-1 (]: On model.foodingo.food_popularity: Close
[0m16:11:28.040128 [debug] [Thread-2 (]: Timing info for model.foodingo.ml_user_order_matrix (execute): 16:11:28.032567 => 16:11:28.040053
[0m16:11:28.041085 [debug] [Thread-2 (]: On model.foodingo.ml_user_order_matrix: Close
[0m16:11:28.042080 [debug] [Thread-1 (]: Database Error in model food_popularity (models/marts/food_popularity.sql)
  column "ordered_items" does not exist
  LINE 21:         jsonb_array_elements(ordered_items) AS item
                                        ^
  compiled Code at target/run/foodingo/models/marts/food_popularity.sql
[0m16:11:28.043282 [debug] [Thread-1 (]: Sending event: {'category': 'dbt', 'action': 'run_model', 'label': 'f3fb8129-03f0-4cd7-bb16-7272c8fd0862', 'context': [<snowplow_tracker.self_describing_json.SelfDescribingJson object at 0xffffb4552990>]}
[0m16:11:28.043079 [debug] [Thread-2 (]: Database Error in model ml_user_order_matrix (models/marts/ml_user_order_matrix.sql)
  column "ordered_items" does not exist
  LINE 20:         jsonb_array_elements(ordered_items)->>'foodId' AS fo...
                                        ^
  compiled Code at target/run/foodingo/models/marts/ml_user_order_matrix.sql
[0m16:11:28.043772 [debug] [Thread-2 (]: Sending event: {'category': 'dbt', 'action': 'run_model', 'label': 'f3fb8129-03f0-4cd7-bb16-7272c8fd0862', 'context': [<snowplow_tracker.self_describing_json.SelfDescribingJson object at 0xffffb44f1b10>]}
[0m16:11:28.043558 [error] [Thread-1 (]: 3 of 5 ERROR creating sql table model analytics_analytics.food_popularity ...... [[31mERROR[0m in 0.02s]
[0m16:11:28.044250 [debug] [Thread-1 (]: Finished running node model.foodingo.food_popularity
[0m16:11:28.044023 [error] [Thread-2 (]: 4 of 5 ERROR creating sql table model analytics_analytics.ml_user_order_matrix . [[31mERROR[0m in 0.02s]
[0m16:11:28.044938 [debug] [Thread-2 (]: Finished running node model.foodingo.ml_user_order_matrix
[0m16:11:28.044450 [debug] [Thread-1 (]: Began running node model.foodingo.user_funnel
[0m16:11:28.045235 [info ] [Thread-1 (]: 5 of 5 START sql table model analytics_analytics.user_funnel ................... [RUN]
[0m16:11:28.045555 [debug] [Thread-1 (]: Re-using an available connection from the pool (formerly model.foodingo.food_popularity, now model.foodingo.user_funnel)
[0m16:11:28.045745 [debug] [Thread-1 (]: Began compiling node model.foodingo.user_funnel
[0m16:11:28.047131 [debug] [Thread-1 (]: Writing injected SQL for node "model.foodingo.user_funnel"
[0m16:11:28.047530 [debug] [Thread-1 (]: Timing info for model.foodingo.user_funnel (compile): 16:11:28.045880 => 16:11:28.047443
[0m16:11:28.047710 [debug] [Thread-1 (]: Began executing node model.foodingo.user_funnel
[0m16:11:28.071667 [debug] [Thread-1 (]: Writing runtime sql for node "model.foodingo.user_funnel"
[0m16:11:28.072247 [debug] [Thread-1 (]: Using postgres connection "model.foodingo.user_funnel"
[0m16:11:28.072414 [debug] [Thread-1 (]: On model.foodingo.user_funnel: BEGIN
[0m16:11:28.072590 [debug] [Thread-1 (]: Opening a new connection, currently in state closed
[0m16:11:28.075183 [debug] [Thread-1 (]: SQL status: BEGIN in 0.0 seconds
[0m16:11:28.075386 [debug] [Thread-1 (]: Using postgres connection "model.foodingo.user_funnel"
[0m16:11:28.075593 [debug] [Thread-1 (]: On model.foodingo.user_funnel: /* {"app": "dbt", "dbt_version": "1.7.9", "profile_name": "foodingo", "target_name": "dev", "node_id": "model.foodingo.user_funnel"} */

  
    

  create  table "foodingo_warehouse"."analytics_analytics"."user_funnel__dbt_tmp"
  
  
    as
  
  (
    -- models/marts/user_funnel.sql
-- Daily funnel: registered → logged in → added to cart → placed order



WITH daily_registrations AS (
    SELECT DATE(event_timestamp) AS d, COUNT(DISTINCT user_id) AS registered_users
    FROM "foodingo_warehouse"."analytics_analytics"."stg_users"
    WHERE event_type = 'user.registered'
    GROUP BY 1
),

daily_logins AS (
    SELECT DATE(event_timestamp) AS d, COUNT(DISTINCT user_id) AS logged_in_users
    FROM "foodingo_warehouse"."analytics_analytics"."stg_users"
    WHERE event_type = 'user.login'
    GROUP BY 1
),

daily_cart AS (
    SELECT event_date AS d, COUNT(DISTINCT user_id) AS cart_added_users
    FROM "foodingo_warehouse"."analytics_analytics"."fact_cart_events"
    WHERE event_type = 'cart.item_added'
    GROUP BY 1
),

daily_orders AS (
    SELECT order_date AS d, COUNT(DISTINCT user_id) AS ordered_users
    FROM "foodingo_warehouse"."analytics_analytics"."fact_orders"
    WHERE payment_status = 'paid'
    GROUP BY 1
)

SELECT
    r.d                         AS funnel_date,
    r.registered_users,
    COALESCE(l.logged_in_users, 0) AS logged_in_users,
    COALESCE(c.cart_added_users, 0) AS cart_added_users,
    COALESCE(o.ordered_users, 0)    AS ordered_users,
    CASE
        WHEN r.registered_users = 0 THEN 0
        ELSE ROUND(
            100.0 * COALESCE(o.ordered_users, 0) / r.registered_users, 2
        )
    END                         AS reg_to_order_rate
FROM daily_registrations r
LEFT JOIN daily_logins l  ON r.d = l.d
LEFT JOIN daily_cart c    ON r.d = c.d
LEFT JOIN daily_orders o  ON r.d = o.d
ORDER BY funnel_date DESC
  );
  
[0m16:11:28.079550 [debug] [Thread-1 (]: SQL status: SELECT 1 in 0.0 seconds
[0m16:11:28.080812 [debug] [Thread-1 (]: Using postgres connection "model.foodingo.user_funnel"
[0m16:11:28.080973 [debug] [Thread-1 (]: On model.foodingo.user_funnel: /* {"app": "dbt", "dbt_version": "1.7.9", "profile_name": "foodingo", "target_name": "dev", "node_id": "model.foodingo.user_funnel"} */
alter table "foodingo_warehouse"."analytics_analytics"."user_funnel" rename to "user_funnel__dbt_backup"
[0m16:11:28.081276 [debug] [Thread-1 (]: SQL status: ALTER TABLE in 0.0 seconds
[0m16:11:28.082354 [debug] [Thread-1 (]: Using postgres connection "model.foodingo.user_funnel"
[0m16:11:28.082528 [debug] [Thread-1 (]: On model.foodingo.user_funnel: /* {"app": "dbt", "dbt_version": "1.7.9", "profile_name": "foodingo", "target_name": "dev", "node_id": "model.foodingo.user_funnel"} */
alter table "foodingo_warehouse"."analytics_analytics"."user_funnel__dbt_tmp" rename to "user_funnel"
[0m16:11:28.082801 [debug] [Thread-1 (]: SQL status: ALTER TABLE in 0.0 seconds
[0m16:11:28.083655 [debug] [Thread-1 (]: On model.foodingo.user_funnel: COMMIT
[0m16:11:28.083871 [debug] [Thread-1 (]: Using postgres connection "model.foodingo.user_funnel"
[0m16:11:28.084027 [debug] [Thread-1 (]: On model.foodingo.user_funnel: COMMIT
[0m16:11:28.084454 [debug] [Thread-1 (]: SQL status: COMMIT in 0.0 seconds
[0m16:11:28.085525 [debug] [Thread-1 (]: Applying DROP to: "foodingo_warehouse"."analytics_analytics"."user_funnel__dbt_backup"
[0m16:11:28.085881 [debug] [Thread-1 (]: Using postgres connection "model.foodingo.user_funnel"
[0m16:11:28.086054 [debug] [Thread-1 (]: On model.foodingo.user_funnel: /* {"app": "dbt", "dbt_version": "1.7.9", "profile_name": "foodingo", "target_name": "dev", "node_id": "model.foodingo.user_funnel"} */
drop table if exists "foodingo_warehouse"."analytics_analytics"."user_funnel__dbt_backup" cascade
[0m16:11:28.086974 [debug] [Thread-1 (]: SQL status: DROP TABLE in 0.0 seconds
[0m16:11:28.087513 [debug] [Thread-1 (]: Timing info for model.foodingo.user_funnel (execute): 16:11:28.047835 => 16:11:28.087433
[0m16:11:28.087694 [debug] [Thread-1 (]: On model.foodingo.user_funnel: Close
[0m16:11:28.088030 [debug] [Thread-1 (]: Sending event: {'category': 'dbt', 'action': 'run_model', 'label': 'f3fb8129-03f0-4cd7-bb16-7272c8fd0862', 'context': [<snowplow_tracker.self_describing_json.SelfDescribingJson object at 0xffffb53d8750>]}
[0m16:11:28.088295 [info ] [Thread-1 (]: 5 of 5 OK created sql table model analytics_analytics.user_funnel .............. [[32mSELECT 1[0m in 0.04s]
[0m16:11:28.088575 [debug] [Thread-1 (]: Finished running node model.foodingo.user_funnel
[0m16:11:28.089215 [debug] [MainThread]: Using postgres connection "master"
[0m16:11:28.089402 [debug] [MainThread]: On master: BEGIN
[0m16:11:28.089586 [debug] [MainThread]: Opening a new connection, currently in state closed
[0m16:11:28.091683 [debug] [MainThread]: SQL status: BEGIN in 0.0 seconds
[0m16:11:28.091843 [debug] [MainThread]: On master: COMMIT
[0m16:11:28.092002 [debug] [MainThread]: Using postgres connection "master"
[0m16:11:28.092139 [debug] [MainThread]: On master: COMMIT
[0m16:11:28.092301 [debug] [MainThread]: SQL status: COMMIT in 0.0 seconds
[0m16:11:28.092453 [debug] [MainThread]: On master: Close
[0m16:11:28.092729 [debug] [MainThread]: Connection 'master' was properly closed.
[0m16:11:28.092876 [debug] [MainThread]: Connection 'model.foodingo.user_funnel' was properly closed.
[0m16:11:28.093012 [debug] [MainThread]: Connection 'model.foodingo.ml_user_order_matrix' was properly closed.
[0m16:11:28.093208 [info ] [MainThread]: 
[0m16:11:28.093403 [info ] [MainThread]: Finished running 5 table models in 0 hours 0 minutes and 0.16 seconds (0.16s).
[0m16:11:28.093825 [debug] [MainThread]: Command end result
[0m16:11:28.097861 [info ] [MainThread]: 
[0m16:11:28.098065 [info ] [MainThread]: [31mCompleted with 2 errors and 0 warnings:[0m
[0m16:11:28.098241 [info ] [MainThread]: 
[0m16:11:28.098425 [error] [MainThread]:   Database Error in model food_popularity (models/marts/food_popularity.sql)
  column "ordered_items" does not exist
  LINE 21:         jsonb_array_elements(ordered_items) AS item
                                        ^
  compiled Code at target/run/foodingo/models/marts/food_popularity.sql
[0m16:11:28.098581 [info ] [MainThread]: 
[0m16:11:28.098721 [error] [MainThread]:   Database Error in model ml_user_order_matrix (models/marts/ml_user_order_matrix.sql)
  column "ordered_items" does not exist
  LINE 20:         jsonb_array_elements(ordered_items)->>'foodId' AS fo...
                                        ^
  compiled Code at target/run/foodingo/models/marts/ml_user_order_matrix.sql
[0m16:11:28.098871 [info ] [MainThread]: 
[0m16:11:28.099026 [info ] [MainThread]: Done. PASS=3 WARN=0 ERROR=2 SKIP=0 TOTAL=5
[0m16:11:28.099420 [debug] [MainThread]: Resource report: {"command_name": "run", "command_wall_clock_time": 0.29387188, "process_user_time": 1.140931, "process_kernel_time": 0.115499, "process_mem_max_rss": "161144", "process_out_blocks": "1701", "command_success": false, "process_in_blocks": "0"}
[0m16:11:28.099656 [debug] [MainThread]: Command `dbt run` failed at 16:11:28.099604 after 0.29 seconds
[0m16:11:28.099851 [debug] [MainThread]: Sending event: {'category': 'dbt', 'action': 'invocation', 'label': 'end', 'context': [<snowplow_tracker.self_describing_json.SelfDescribingJson object at 0xffffb52a1510>, <snowplow_tracker.self_describing_json.SelfDescribingJson object at 0xffffb45af510>, <snowplow_tracker.self_describing_json.SelfDescribingJson object at 0xffffb5d07f50>]}
[0m16:11:28.100029 [debug] [MainThread]: Flushing usage events
[0m16:16:29.149901 [debug] [MainThread]: Sending event: {'category': 'dbt', 'action': 'invocation', 'label': 'start', 'context': [<snowplow_tracker.self_describing_json.SelfDescribingJson object at 0xffff7e16c550>, <snowplow_tracker.self_describing_json.SelfDescribingJson object at 0xffff7f51acd0>, <snowplow_tracker.self_describing_json.SelfDescribingJson object at 0xffff7e8dc150>]}


============================== 16:16:29.152467 | 81e77f7d-d06d-4f0d-8dec-e0f69038b456 ==============================
[0m16:16:29.152467 [info ] [MainThread]: Running with dbt=1.7.9
[0m16:16:29.152838 [debug] [MainThread]: running dbt with arguments {'printer_width': '80', 'indirect_selection': 'eager', 'log_cache_events': 'False', 'write_json': 'True', 'partial_parse': 'True', 'cache_selected_only': 'False', 'profiles_dir': '/opt/airflow/dbt', 'version_check': 'True', 'debug': 'False', 'log_path': '/opt/airflow/dbt/logs', 'warn_error': 'None', 'fail_fast': 'False', 'use_colors': 'True', 'use_experimental_parser': 'False', 'no_print': 'None', 'quiet': 'False', 'log_format': 'default', 'introspect': 'True', 'static_parser': 'True', 'invocation_command': 'dbt run --profiles-dir /opt/airflow/dbt --project-dir /opt/airflow/dbt --select marts', 'target_path': 'None', 'warn_error_options': 'WarnErrorOptions(include=[], exclude=[])', 'send_anonymous_usage_stats': 'True'}
[0m16:16:29.216307 [debug] [MainThread]: Sending event: {'category': 'dbt', 'action': 'project_id', 'label': '81e77f7d-d06d-4f0d-8dec-e0f69038b456', 'context': [<snowplow_tracker.self_describing_json.SelfDescribingJson object at 0xffff7d4d7cd0>]}
[0m16:16:29.244820 [debug] [MainThread]: Sending event: {'category': 'dbt', 'action': 'adapter_info', 'label': '81e77f7d-d06d-4f0d-8dec-e0f69038b456', 'context': [<snowplow_tracker.self_describing_json.SelfDescribingJson object at 0xffff7e5a7f90>]}
[0m16:16:29.245199 [info ] [MainThread]: Registered adapter: postgres=1.7.9
[0m16:16:29.248006 [debug] [MainThread]: checksum: 6ff0d83c3b46f350064523b4e08d9241403ad71d606ba49c4e670afba3668b39, vars: {}, profile: , target: , version: 1.7.9
[0m16:16:29.260819 [debug] [MainThread]: Partial parsing enabled: 0 files deleted, 0 files added, 0 files changed.
[0m16:16:29.261049 [debug] [MainThread]: Partial parsing enabled, no changes found, skipping parsing
[0m16:16:29.263211 [debug] [MainThread]: Sending event: {'category': 'dbt', 'action': 'load_project', 'label': '81e77f7d-d06d-4f0d-8dec-e0f69038b456', 'context': [<snowplow_tracker.self_describing_json.SelfDescribingJson object at 0xffff7d4a6e90>]}
[0m16:16:29.269593 [debug] [MainThread]: Sending event: {'category': 'dbt', 'action': 'resource_counts', 'label': '81e77f7d-d06d-4f0d-8dec-e0f69038b456', 'context': [<snowplow_tracker.self_describing_json.SelfDescribingJson object at 0xffff7d2fd890>]}
[0m16:16:29.269808 [info ] [MainThread]: Found 10 models, 0 sources, 0 exposures, 0 metrics, 401 macros, 0 groups, 0 semantic models
[0m16:16:29.269996 [debug] [MainThread]: Sending event: {'category': 'dbt', 'action': 'runnable_timing', 'label': '81e77f7d-d06d-4f0d-8dec-e0f69038b456', 'context': [<snowplow_tracker.self_describing_json.SelfDescribingJson object at 0xffff7e1dd7d0>]}
[0m16:16:29.270734 [info ] [MainThread]: 
[0m16:16:29.271085 [debug] [MainThread]: Acquiring new postgres connection 'master'
[0m16:16:29.271685 [debug] [ThreadPool]: Acquiring new postgres connection 'list_foodingo_warehouse'
[0m16:16:29.275451 [debug] [ThreadPool]: Using postgres connection "list_foodingo_warehouse"
[0m16:16:29.275664 [debug] [ThreadPool]: On list_foodingo_warehouse: /* {"app": "dbt", "dbt_version": "1.7.9", "profile_name": "foodingo", "target_name": "dev", "connection_name": "list_foodingo_warehouse"} */

    select distinct nspname from pg_namespace
  
[0m16:16:29.275840 [debug] [ThreadPool]: Opening a new connection, currently in state init
[0m16:16:29.279743 [debug] [ThreadPool]: SQL status: SELECT 7 in 0.0 seconds
[0m16:16:29.280310 [debug] [ThreadPool]: On list_foodingo_warehouse: Close
[0m16:16:29.281158 [debug] [ThreadPool]: Re-using an available connection from the pool (formerly list_foodingo_warehouse, now list_foodingo_warehouse_analytics_analytics)
[0m16:16:29.283362 [debug] [ThreadPool]: Using postgres connection "list_foodingo_warehouse_analytics_analytics"
[0m16:16:29.283554 [debug] [ThreadPool]: On list_foodingo_warehouse_analytics_analytics: BEGIN
[0m16:16:29.283722 [debug] [ThreadPool]: Opening a new connection, currently in state closed
[0m16:16:29.286042 [debug] [ThreadPool]: SQL status: BEGIN in 0.0 seconds
[0m16:16:29.286241 [debug] [ThreadPool]: Using postgres connection "list_foodingo_warehouse_analytics_analytics"
[0m16:16:29.286424 [debug] [ThreadPool]: On list_foodingo_warehouse_analytics_analytics: /* {"app": "dbt", "dbt_version": "1.7.9", "profile_name": "foodingo", "target_name": "dev", "connection_name": "list_foodingo_warehouse_analytics_analytics"} */
select
      'foodingo_warehouse' as database,
      tablename as name,
      schemaname as schema,
      'table' as type
    from pg_tables
    where schemaname ilike 'analytics_analytics'
    union all
    select
      'foodingo_warehouse' as database,
      viewname as name,
      schemaname as schema,
      'view' as type
    from pg_views
    where schemaname ilike 'analytics_analytics'
    union all
    select
      'foodingo_warehouse' as database,
      matviewname as name,
      schemaname as schema,
      'materialized_view' as type
    from pg_matviews
    where schemaname ilike 'analytics_analytics'
  
[0m16:16:29.288613 [debug] [ThreadPool]: SQL status: SELECT 8 in 0.0 seconds
[0m16:16:29.289138 [debug] [ThreadPool]: On list_foodingo_warehouse_analytics_analytics: ROLLBACK
[0m16:16:29.289359 [debug] [ThreadPool]: On list_foodingo_warehouse_analytics_analytics: Close
[0m16:16:29.291571 [debug] [MainThread]: Using postgres connection "master"
[0m16:16:29.291768 [debug] [MainThread]: On master: BEGIN
[0m16:16:29.291948 [debug] [MainThread]: Opening a new connection, currently in state init
[0m16:16:29.293912 [debug] [MainThread]: SQL status: BEGIN in 0.0 seconds
[0m16:16:29.294082 [debug] [MainThread]: Using postgres connection "master"
[0m16:16:29.294273 [debug] [MainThread]: On master: /* {"app": "dbt", "dbt_version": "1.7.9", "profile_name": "foodingo", "target_name": "dev", "connection_name": "master"} */
with relation as (
        select
            pg_rewrite.ev_class as class,
            pg_rewrite.oid as id
        from pg_rewrite
    ),
    class as (
        select
            oid as id,
            relname as name,
            relnamespace as schema,
            relkind as kind
        from pg_class
    ),
    dependency as (
        select distinct
            pg_depend.objid as id,
            pg_depend.refobjid as ref
        from pg_depend
    ),
    schema as (
        select
            pg_namespace.oid as id,
            pg_namespace.nspname as name
        from pg_namespace
        where nspname != 'information_schema' and nspname not like 'pg\_%'
    ),
    referenced as (
        select
            relation.id AS id,
            referenced_class.name ,
            referenced_class.schema ,
            referenced_class.kind
        from relation
        join class as referenced_class on relation.class=referenced_class.id
        where referenced_class.kind in ('r', 'v', 'm')
    ),
    relationships as (
        select
            referenced.name as referenced_name,
            referenced.schema as referenced_schema_id,
            dependent_class.name as dependent_name,
            dependent_class.schema as dependent_schema_id,
            referenced.kind as kind
        from referenced
        join dependency on referenced.id=dependency.id
        join class as dependent_class on dependency.ref=dependent_class.id
        where
            (referenced.name != dependent_class.name or
             referenced.schema != dependent_class.schema)
    )

    select
        referenced_schema.name as referenced_schema,
        relationships.referenced_name as referenced_name,
        dependent_schema.name as dependent_schema,
        relationships.dependent_name as dependent_name
    from relationships
    join schema as dependent_schema on relationships.dependent_schema_id=dependent_schema.id
    join schema as referenced_schema on relationships.referenced_schema_id=referenced_schema.id
    group by referenced_schema, referenced_name, dependent_schema, dependent_name
    order by referenced_schema, referenced_name, dependent_schema, dependent_name;
[0m16:16:29.298856 [debug] [MainThread]: SQL status: SELECT 51 in 0.0 seconds
[0m16:16:29.299634 [debug] [MainThread]: Sending event: {'category': 'dbt', 'action': 'runnable_timing', 'label': '81e77f7d-d06d-4f0d-8dec-e0f69038b456', 'context': [<snowplow_tracker.self_describing_json.SelfDescribingJson object at 0xffff7d50add0>]}
[0m16:16:29.299859 [debug] [MainThread]: On master: ROLLBACK
[0m16:16:29.300073 [debug] [MainThread]: Using postgres connection "master"
[0m16:16:29.300234 [debug] [MainThread]: On master: BEGIN
[0m16:16:29.300505 [debug] [MainThread]: SQL status: BEGIN in 0.0 seconds
[0m16:16:29.300716 [debug] [MainThread]: On master: COMMIT
[0m16:16:29.300886 [debug] [MainThread]: Using postgres connection "master"
[0m16:16:29.301046 [debug] [MainThread]: On master: COMMIT
[0m16:16:29.301250 [debug] [MainThread]: SQL status: COMMIT in 0.0 seconds
[0m16:16:29.301428 [debug] [MainThread]: On master: Close
[0m16:16:29.301749 [info ] [MainThread]: Concurrency: 2 threads (target='dev')
[0m16:16:29.302006 [info ] [MainThread]: 
[0m16:16:29.305407 [debug] [Thread-1 (]: Began running node model.foodingo.cart_abandonment
[0m16:16:29.305590 [debug] [Thread-2 (]: Began running node model.foodingo.daily_revenue
[0m16:16:29.305854 [info ] [Thread-1 (]: 1 of 5 START sql table model analytics_analytics.cart_abandonment .............. [RUN]
[0m16:16:29.306151 [info ] [Thread-2 (]: 2 of 5 START sql table model analytics_analytics.daily_revenue ................. [RUN]
[0m16:16:29.306495 [debug] [Thread-1 (]: Re-using an available connection from the pool (formerly list_foodingo_warehouse_analytics_analytics, now model.foodingo.cart_abandonment)
[0m16:16:29.306881 [debug] [Thread-2 (]: Acquiring new postgres connection 'model.foodingo.daily_revenue'
[0m16:16:29.307089 [debug] [Thread-1 (]: Began compiling node model.foodingo.cart_abandonment
[0m16:16:29.307322 [debug] [Thread-2 (]: Began compiling node model.foodingo.daily_revenue
[0m16:16:29.310062 [debug] [Thread-1 (]: Writing injected SQL for node "model.foodingo.cart_abandonment"
[0m16:16:29.311240 [debug] [Thread-2 (]: Writing injected SQL for node "model.foodingo.daily_revenue"
[0m16:16:29.312177 [debug] [Thread-1 (]: Timing info for model.foodingo.cart_abandonment (compile): 16:16:29.307466 => 16:16:29.312053
[0m16:16:29.312559 [debug] [Thread-1 (]: Began executing node model.foodingo.cart_abandonment
[0m16:16:29.312430 [debug] [Thread-2 (]: Timing info for model.foodingo.daily_revenue (compile): 16:16:29.310248 => 16:16:29.312326
[0m16:16:29.326661 [debug] [Thread-2 (]: Began executing node model.foodingo.daily_revenue
[0m16:16:29.326410 [debug] [Thread-1 (]: Writing runtime sql for node "model.foodingo.cart_abandonment"
[0m16:16:29.328456 [debug] [Thread-2 (]: Writing runtime sql for node "model.foodingo.daily_revenue"
[0m16:16:29.329114 [debug] [Thread-1 (]: Using postgres connection "model.foodingo.cart_abandonment"
[0m16:16:29.329473 [debug] [Thread-1 (]: On model.foodingo.cart_abandonment: BEGIN
[0m16:16:29.329312 [debug] [Thread-2 (]: Using postgres connection "model.foodingo.daily_revenue"
[0m16:16:29.329829 [debug] [Thread-2 (]: On model.foodingo.daily_revenue: BEGIN
[0m16:16:29.329651 [debug] [Thread-1 (]: Opening a new connection, currently in state closed
[0m16:16:29.330002 [debug] [Thread-2 (]: Opening a new connection, currently in state init
[0m16:16:29.332597 [debug] [Thread-2 (]: SQL status: BEGIN in 0.0 seconds
[0m16:16:29.332804 [debug] [Thread-2 (]: Using postgres connection "model.foodingo.daily_revenue"
[0m16:16:29.333015 [debug] [Thread-2 (]: On model.foodingo.daily_revenue: /* {"app": "dbt", "dbt_version": "1.7.9", "profile_name": "foodingo", "target_name": "dev", "node_id": "model.foodingo.daily_revenue"} */

  
    

  create  table "foodingo_warehouse"."analytics_analytics"."daily_revenue__dbt_tmp"
  
  
    as
  
  (
    -- models/marts/daily_revenue.sql


SELECT
    order_date                          AS revenue_date,
    SUM(amount)                         AS total_revenue,
    COUNT(order_id)                     AS order_count,
    AVG(amount)                         AS avg_order_value,
    COUNT(DISTINCT user_id)             AS unique_users
FROM "foodingo_warehouse"."analytics_analytics"."fact_orders"
WHERE payment_status = 'paid'
GROUP BY order_date
ORDER BY order_date DESC
  );
  
[0m16:16:29.333232 [debug] [Thread-1 (]: SQL status: BEGIN in 0.0 seconds
[0m16:16:29.333435 [debug] [Thread-1 (]: Using postgres connection "model.foodingo.cart_abandonment"
[0m16:16:29.333678 [debug] [Thread-1 (]: On model.foodingo.cart_abandonment: /* {"app": "dbt", "dbt_version": "1.7.9", "profile_name": "foodingo", "target_name": "dev", "node_id": "model.foodingo.cart_abandonment"} */

  
    

  create  table "foodingo_warehouse"."analytics_analytics"."cart_abandonment__dbt_tmp"
  
  
    as
  
  (
    -- models/marts/cart_abandonment.sql
-- Identifies users who added to cart but did NOT place an order within 24 hours



WITH cart_users AS (
    SELECT
        user_id,
        MAX(event_time)                 AS last_cart_time,
        COUNT(DISTINCT food_id)         AS cart_item_count
    FROM "foodingo_warehouse"."analytics_analytics"."fact_cart_events"
    WHERE event_type = 'cart.item_added'
    GROUP BY user_id
),

order_users AS (
    SELECT DISTINCT user_id
    FROM "foodingo_warehouse"."analytics_analytics"."fact_orders"
    WHERE payment_status = 'paid'
)

SELECT
    c.user_id,
    c.last_cart_time,
    c.cart_item_count,
    EXTRACT(DAY FROM NOW() - c.last_cart_time)::INT     AS days_since_cart,
    (o.user_id IS NOT NULL)                             AS has_ordered_after
FROM cart_users c
LEFT JOIN order_users o ON c.user_id = o.user_id
ORDER BY days_since_cart DESC
  );
  
[0m16:16:29.336067 [debug] [Thread-1 (]: SQL status: SELECT 3 in 0.0 seconds
[0m16:16:29.339103 [debug] [Thread-1 (]: Using postgres connection "model.foodingo.cart_abandonment"
[0m16:16:29.339234 [debug] [Thread-2 (]: SQL status: SELECT 0 in 0.0 seconds
[0m16:16:29.339401 [debug] [Thread-1 (]: On model.foodingo.cart_abandonment: /* {"app": "dbt", "dbt_version": "1.7.9", "profile_name": "foodingo", "target_name": "dev", "node_id": "model.foodingo.cart_abandonment"} */
alter table "foodingo_warehouse"."analytics_analytics"."cart_abandonment" rename to "cart_abandonment__dbt_backup"
[0m16:16:29.340704 [debug] [Thread-2 (]: Using postgres connection "model.foodingo.daily_revenue"
[0m16:16:29.341113 [debug] [Thread-2 (]: On model.foodingo.daily_revenue: /* {"app": "dbt", "dbt_version": "1.7.9", "profile_name": "foodingo", "target_name": "dev", "node_id": "model.foodingo.daily_revenue"} */
alter table "foodingo_warehouse"."analytics_analytics"."daily_revenue" rename to "daily_revenue__dbt_backup"
[0m16:16:29.341299 [debug] [Thread-1 (]: SQL status: ALTER TABLE in 0.0 seconds
[0m16:16:29.342495 [debug] [Thread-1 (]: Using postgres connection "model.foodingo.cart_abandonment"
[0m16:16:29.342787 [debug] [Thread-1 (]: On model.foodingo.cart_abandonment: /* {"app": "dbt", "dbt_version": "1.7.9", "profile_name": "foodingo", "target_name": "dev", "node_id": "model.foodingo.cart_abandonment"} */
alter table "foodingo_warehouse"."analytics_analytics"."cart_abandonment__dbt_tmp" rename to "cart_abandonment"
[0m16:16:29.342638 [debug] [Thread-2 (]: SQL status: ALTER TABLE in 0.0 seconds
[0m16:16:29.344064 [debug] [Thread-2 (]: Using postgres connection "model.foodingo.daily_revenue"
[0m16:16:29.344192 [debug] [Thread-1 (]: SQL status: ALTER TABLE in 0.0 seconds
[0m16:16:29.344355 [debug] [Thread-2 (]: On model.foodingo.daily_revenue: /* {"app": "dbt", "dbt_version": "1.7.9", "profile_name": "foodingo", "target_name": "dev", "node_id": "model.foodingo.daily_revenue"} */
alter table "foodingo_warehouse"."analytics_analytics"."daily_revenue__dbt_tmp" rename to "daily_revenue"
[0m16:16:29.351519 [debug] [Thread-1 (]: On model.foodingo.cart_abandonment: COMMIT
[0m16:16:29.351799 [debug] [Thread-1 (]: Using postgres connection "model.foodingo.cart_abandonment"
[0m16:16:29.352119 [debug] [Thread-1 (]: On model.foodingo.cart_abandonment: COMMIT
[0m16:16:29.351954 [debug] [Thread-2 (]: SQL status: ALTER TABLE in 0.0 seconds
[0m16:16:29.353180 [debug] [Thread-2 (]: On model.foodingo.daily_revenue: COMMIT
[0m16:16:29.353334 [debug] [Thread-1 (]: SQL status: COMMIT in 0.0 seconds
[0m16:16:29.353473 [debug] [Thread-2 (]: Using postgres connection "model.foodingo.daily_revenue"
[0m16:16:29.355872 [debug] [Thread-2 (]: On model.foodingo.daily_revenue: COMMIT
[0m16:16:29.355693 [debug] [Thread-1 (]: Applying DROP to: "foodingo_warehouse"."analytics_analytics"."cart_abandonment__dbt_backup"
[0m16:16:29.357763 [debug] [Thread-1 (]: Using postgres connection "model.foodingo.cart_abandonment"
[0m16:16:29.357902 [debug] [Thread-2 (]: SQL status: COMMIT in 0.0 seconds
[0m16:16:29.358083 [debug] [Thread-1 (]: On model.foodingo.cart_abandonment: /* {"app": "dbt", "dbt_version": "1.7.9", "profile_name": "foodingo", "target_name": "dev", "node_id": "model.foodingo.cart_abandonment"} */
drop table if exists "foodingo_warehouse"."analytics_analytics"."cart_abandonment__dbt_backup" cascade
[0m16:16:29.359070 [debug] [Thread-2 (]: Applying DROP to: "foodingo_warehouse"."analytics_analytics"."daily_revenue__dbt_backup"
[0m16:16:29.359534 [debug] [Thread-2 (]: Using postgres connection "model.foodingo.daily_revenue"
[0m16:16:29.359738 [debug] [Thread-2 (]: On model.foodingo.daily_revenue: /* {"app": "dbt", "dbt_version": "1.7.9", "profile_name": "foodingo", "target_name": "dev", "node_id": "model.foodingo.daily_revenue"} */
drop table if exists "foodingo_warehouse"."analytics_analytics"."daily_revenue__dbt_backup" cascade
[0m16:16:29.360316 [debug] [Thread-1 (]: SQL status: DROP TABLE in 0.0 seconds
[0m16:16:29.360924 [debug] [Thread-1 (]: Timing info for model.foodingo.cart_abandonment (execute): 16:16:29.312684 => 16:16:29.360845
[0m16:16:29.361057 [debug] [Thread-2 (]: SQL status: DROP TABLE in 0.0 seconds
[0m16:16:29.361221 [debug] [Thread-1 (]: On model.foodingo.cart_abandonment: Close
[0m16:16:29.362114 [debug] [Thread-1 (]: Sending event: {'category': 'dbt', 'action': 'run_model', 'label': '81e77f7d-d06d-4f0d-8dec-e0f69038b456', 'context': [<snowplow_tracker.self_describing_json.SelfDescribingJson object at 0xffff7d39b2d0>]}
[0m16:16:29.361724 [debug] [Thread-2 (]: Timing info for model.foodingo.daily_revenue (execute): 16:16:29.326836 => 16:16:29.361649
[0m16:16:29.362424 [info ] [Thread-1 (]: 1 of 5 OK created sql table model analytics_analytics.cart_abandonment ......... [[32mSELECT 3[0m in 0.06s]
[0m16:16:29.362905 [debug] [Thread-1 (]: Finished running node model.foodingo.cart_abandonment
[0m16:16:29.362639 [debug] [Thread-2 (]: On model.foodingo.daily_revenue: Close
[0m16:16:29.363504 [debug] [Thread-2 (]: Sending event: {'category': 'dbt', 'action': 'run_model', 'label': '81e77f7d-d06d-4f0d-8dec-e0f69038b456', 'context': [<snowplow_tracker.self_describing_json.SelfDescribingJson object at 0xffff7d38dc90>]}
[0m16:16:29.363127 [debug] [Thread-1 (]: Began running node model.foodingo.food_popularity
[0m16:16:29.363988 [info ] [Thread-1 (]: 3 of 5 START sql table model analytics_analytics.food_popularity ............... [RUN]
[0m16:16:29.363778 [info ] [Thread-2 (]: 2 of 5 OK created sql table model analytics_analytics.daily_revenue ............ [[32mSELECT 0[0m in 0.06s]
[0m16:16:29.364500 [debug] [Thread-2 (]: Finished running node model.foodingo.daily_revenue
[0m16:16:29.364276 [debug] [Thread-1 (]: Re-using an available connection from the pool (formerly model.foodingo.cart_abandonment, now model.foodingo.food_popularity)
[0m16:16:29.364856 [debug] [Thread-1 (]: Began compiling node model.foodingo.food_popularity
[0m16:16:29.364675 [debug] [Thread-2 (]: Began running node model.foodingo.ml_user_order_matrix
[0m16:16:29.366334 [info ] [Thread-2 (]: 4 of 5 START sql table model analytics_analytics.ml_user_order_matrix .......... [RUN]
[0m16:16:29.366105 [debug] [Thread-1 (]: Writing injected SQL for node "model.foodingo.food_popularity"
[0m16:16:29.366653 [debug] [Thread-2 (]: Re-using an available connection from the pool (formerly model.foodingo.daily_revenue, now model.foodingo.ml_user_order_matrix)
[0m16:16:29.366944 [debug] [Thread-2 (]: Began compiling node model.foodingo.ml_user_order_matrix
[0m16:16:29.368073 [debug] [Thread-2 (]: Writing injected SQL for node "model.foodingo.ml_user_order_matrix"
[0m16:16:29.368293 [debug] [Thread-1 (]: Timing info for model.foodingo.food_popularity (compile): 16:16:29.364987 => 16:16:29.368212
[0m16:16:29.368536 [debug] [Thread-1 (]: Began executing node model.foodingo.food_popularity
[0m16:16:29.370203 [debug] [Thread-1 (]: Writing runtime sql for node "model.foodingo.food_popularity"
[0m16:16:29.370419 [debug] [Thread-2 (]: Timing info for model.foodingo.ml_user_order_matrix (compile): 16:16:29.367123 => 16:16:29.370330
[0m16:16:29.370676 [debug] [Thread-2 (]: Began executing node model.foodingo.ml_user_order_matrix
[0m16:16:29.372219 [debug] [Thread-2 (]: Writing runtime sql for node "model.foodingo.ml_user_order_matrix"
[0m16:16:29.372417 [debug] [Thread-1 (]: Using postgres connection "model.foodingo.food_popularity"
[0m16:16:29.372655 [debug] [Thread-1 (]: On model.foodingo.food_popularity: BEGIN
[0m16:16:29.372836 [debug] [Thread-1 (]: Opening a new connection, currently in state closed
[0m16:16:29.372990 [debug] [Thread-2 (]: Using postgres connection "model.foodingo.ml_user_order_matrix"
[0m16:16:29.373292 [debug] [Thread-2 (]: On model.foodingo.ml_user_order_matrix: BEGIN
[0m16:16:29.373567 [debug] [Thread-2 (]: Opening a new connection, currently in state closed
[0m16:16:29.375761 [debug] [Thread-1 (]: SQL status: BEGIN in 0.0 seconds
[0m16:16:29.375942 [debug] [Thread-1 (]: Using postgres connection "model.foodingo.food_popularity"
[0m16:16:29.376146 [debug] [Thread-1 (]: On model.foodingo.food_popularity: /* {"app": "dbt", "dbt_version": "1.7.9", "profile_name": "foodingo", "target_name": "dev", "node_id": "model.foodingo.food_popularity"} */

  
    

  create  table "foodingo_warehouse"."analytics_analytics"."food_popularity__dbt_tmp"
  
  
    as
  
  (
    -- models/marts/food_popularity.sql
-- Explodes the ordered_items JSONB array to get per-food-item order counts



WITH exploded AS (
    SELECT
        order_id,
        amount,
        jsonb_array_elements(ordered_items) AS item
    FROM "foodingo_warehouse"."analytics_analytics"."fact_orders"
    WHERE payment_status = 'paid'
)

SELECT
    item->>'foodId'       AS food_id,
    item->>'name'         AS food_name,
    item->>'category'     AS category,
    COUNT(*)              AS order_count,
    SUM(
        (item->>'price')::DECIMAL * (item->>'quantity')::INT
    )                     AS total_revenue,
    AVG((item->>'price')::DECIMAL) AS avg_price
FROM exploded
WHERE item->>'foodId' IS NOT NULL
GROUP BY food_id, food_name, category
ORDER BY order_count DESC
  );
  
[0m16:16:29.376335 [debug] [Thread-2 (]: SQL status: BEGIN in 0.0 seconds
[0m16:16:29.376536 [debug] [Thread-2 (]: Using postgres connection "model.foodingo.ml_user_order_matrix"
[0m16:16:29.376872 [debug] [Thread-2 (]: On model.foodingo.ml_user_order_matrix: /* {"app": "dbt", "dbt_version": "1.7.9", "profile_name": "foodingo", "target_name": "dev", "node_id": "model.foodingo.ml_user_order_matrix"} */

  
    

  create  table "foodingo_warehouse"."analytics_analytics"."ml_user_order_matrix__dbt_tmp"
  
  
    as
  
  (
    -- models/marts/ml_user_order_matrix.sql
-- User × Food order count matrix — input for collaborative filtering recommender



WITH exploded AS (
    SELECT
        user_id,
        jsonb_array_elements(ordered_items)->>'foodId' AS food_id
    FROM "foodingo_warehouse"."analytics_analytics"."fact_orders"
    WHERE payment_status = 'paid'
      AND user_id IS NOT NULL
)

SELECT
    user_id,
    food_id,
    COUNT(*)   AS order_count
FROM exploded
WHERE food_id IS NOT NULL
GROUP BY user_id, food_id
  );
  
[0m16:16:29.376695 [debug] [Thread-1 (]: Postgres adapter: Postgres error: column "ordered_items" does not exist
LINE 21:         jsonb_array_elements(ordered_items) AS item
                                      ^

[0m16:16:29.377096 [debug] [Thread-1 (]: On model.foodingo.food_popularity: ROLLBACK
[0m16:16:29.377270 [debug] [Thread-2 (]: Postgres adapter: Postgres error: column "ordered_items" does not exist
LINE 20:         jsonb_array_elements(ordered_items)->>'foodId' AS fo...
                                      ^

[0m16:16:29.377709 [debug] [Thread-2 (]: On model.foodingo.ml_user_order_matrix: ROLLBACK
[0m16:16:29.377566 [debug] [Thread-1 (]: Timing info for model.foodingo.food_popularity (execute): 16:16:29.368691 => 16:16:29.377479
[0m16:16:29.378124 [debug] [Thread-1 (]: On model.foodingo.food_popularity: Close
[0m16:16:29.377993 [debug] [Thread-2 (]: Timing info for model.foodingo.ml_user_order_matrix (execute): 16:16:29.370812 => 16:16:29.377913
[0m16:16:29.379024 [debug] [Thread-2 (]: On model.foodingo.ml_user_order_matrix: Close
[0m16:16:29.380077 [debug] [Thread-1 (]: Database Error in model food_popularity (models/marts/food_popularity.sql)
  column "ordered_items" does not exist
  LINE 21:         jsonb_array_elements(ordered_items) AS item
                                        ^
  compiled Code at target/run/foodingo/models/marts/food_popularity.sql
[0m16:16:29.381301 [debug] [Thread-1 (]: Sending event: {'category': 'dbt', 'action': 'run_model', 'label': '81e77f7d-d06d-4f0d-8dec-e0f69038b456', 'context': [<snowplow_tracker.self_describing_json.SelfDescribingJson object at 0xffff7d274510>]}
[0m16:16:29.381096 [debug] [Thread-2 (]: Database Error in model ml_user_order_matrix (models/marts/ml_user_order_matrix.sql)
  column "ordered_items" does not exist
  LINE 20:         jsonb_array_elements(ordered_items)->>'foodId' AS fo...
                                        ^
  compiled Code at target/run/foodingo/models/marts/ml_user_order_matrix.sql
[0m16:16:29.381851 [debug] [Thread-2 (]: Sending event: {'category': 'dbt', 'action': 'run_model', 'label': '81e77f7d-d06d-4f0d-8dec-e0f69038b456', 'context': [<snowplow_tracker.self_describing_json.SelfDescribingJson object at 0xffff7d1d4e90>]}
[0m16:16:29.381585 [error] [Thread-1 (]: 3 of 5 ERROR creating sql table model analytics_analytics.food_popularity ...... [[31mERROR[0m in 0.02s]
[0m16:16:29.382356 [debug] [Thread-1 (]: Finished running node model.foodingo.food_popularity
[0m16:16:29.382119 [error] [Thread-2 (]: 4 of 5 ERROR creating sql table model analytics_analytics.ml_user_order_matrix . [[31mERROR[0m in 0.02s]
[0m16:16:29.383038 [debug] [Thread-2 (]: Finished running node model.foodingo.ml_user_order_matrix
[0m16:16:29.382551 [debug] [Thread-1 (]: Began running node model.foodingo.user_funnel
[0m16:16:29.383312 [info ] [Thread-1 (]: 5 of 5 START sql table model analytics_analytics.user_funnel ................... [RUN]
[0m16:16:29.383607 [debug] [Thread-1 (]: Re-using an available connection from the pool (formerly model.foodingo.food_popularity, now model.foodingo.user_funnel)
[0m16:16:29.383795 [debug] [Thread-1 (]: Began compiling node model.foodingo.user_funnel
[0m16:16:29.385269 [debug] [Thread-1 (]: Writing injected SQL for node "model.foodingo.user_funnel"
[0m16:16:29.385769 [debug] [Thread-1 (]: Timing info for model.foodingo.user_funnel (compile): 16:16:29.383920 => 16:16:29.385660
[0m16:16:29.385974 [debug] [Thread-1 (]: Began executing node model.foodingo.user_funnel
[0m16:16:29.388373 [debug] [Thread-1 (]: Writing runtime sql for node "model.foodingo.user_funnel"
[0m16:16:29.388783 [debug] [Thread-1 (]: Using postgres connection "model.foodingo.user_funnel"
[0m16:16:29.388979 [debug] [Thread-1 (]: On model.foodingo.user_funnel: BEGIN
[0m16:16:29.389152 [debug] [Thread-1 (]: Opening a new connection, currently in state closed
[0m16:16:29.391379 [debug] [Thread-1 (]: SQL status: BEGIN in 0.0 seconds
[0m16:16:29.391552 [debug] [Thread-1 (]: Using postgres connection "model.foodingo.user_funnel"
[0m16:16:29.391792 [debug] [Thread-1 (]: On model.foodingo.user_funnel: /* {"app": "dbt", "dbt_version": "1.7.9", "profile_name": "foodingo", "target_name": "dev", "node_id": "model.foodingo.user_funnel"} */

  
    

  create  table "foodingo_warehouse"."analytics_analytics"."user_funnel__dbt_tmp"
  
  
    as
  
  (
    -- models/marts/user_funnel.sql
-- Daily funnel: registered → logged in → added to cart → placed order



WITH daily_registrations AS (
    SELECT DATE(event_timestamp) AS d, COUNT(DISTINCT user_id) AS registered_users
    FROM "foodingo_warehouse"."analytics_analytics"."stg_users"
    WHERE event_type = 'user.registered'
    GROUP BY 1
),

daily_logins AS (
    SELECT DATE(event_timestamp) AS d, COUNT(DISTINCT user_id) AS logged_in_users
    FROM "foodingo_warehouse"."analytics_analytics"."stg_users"
    WHERE event_type = 'user.login'
    GROUP BY 1
),

daily_cart AS (
    SELECT event_date AS d, COUNT(DISTINCT user_id) AS cart_added_users
    FROM "foodingo_warehouse"."analytics_analytics"."fact_cart_events"
    WHERE event_type = 'cart.item_added'
    GROUP BY 1
),

daily_orders AS (
    SELECT order_date AS d, COUNT(DISTINCT user_id) AS ordered_users
    FROM "foodingo_warehouse"."analytics_analytics"."fact_orders"
    WHERE payment_status = 'paid'
    GROUP BY 1
)

SELECT
    r.d                         AS funnel_date,
    r.registered_users,
    COALESCE(l.logged_in_users, 0) AS logged_in_users,
    COALESCE(c.cart_added_users, 0) AS cart_added_users,
    COALESCE(o.ordered_users, 0)    AS ordered_users,
    CASE
        WHEN r.registered_users = 0 THEN 0
        ELSE ROUND(
            100.0 * COALESCE(o.ordered_users, 0) / r.registered_users, 2
        )
    END                         AS reg_to_order_rate
FROM daily_registrations r
LEFT JOIN daily_logins l  ON r.d = l.d
LEFT JOIN daily_cart c    ON r.d = c.d
LEFT JOIN daily_orders o  ON r.d = o.d
ORDER BY funnel_date DESC
  );
  
[0m16:16:29.395132 [debug] [Thread-1 (]: SQL status: SELECT 1 in 0.0 seconds
[0m16:16:29.417263 [debug] [Thread-1 (]: Using postgres connection "model.foodingo.user_funnel"
[0m16:16:29.417588 [debug] [Thread-1 (]: On model.foodingo.user_funnel: /* {"app": "dbt", "dbt_version": "1.7.9", "profile_name": "foodingo", "target_name": "dev", "node_id": "model.foodingo.user_funnel"} */
alter table "foodingo_warehouse"."analytics_analytics"."user_funnel" rename to "user_funnel__dbt_backup"
[0m16:16:29.418041 [debug] [Thread-1 (]: SQL status: ALTER TABLE in 0.0 seconds
[0m16:16:29.419197 [debug] [Thread-1 (]: Using postgres connection "model.foodingo.user_funnel"
[0m16:16:29.419388 [debug] [Thread-1 (]: On model.foodingo.user_funnel: /* {"app": "dbt", "dbt_version": "1.7.9", "profile_name": "foodingo", "target_name": "dev", "node_id": "model.foodingo.user_funnel"} */
alter table "foodingo_warehouse"."analytics_analytics"."user_funnel__dbt_tmp" rename to "user_funnel"
[0m16:16:29.419713 [debug] [Thread-1 (]: SQL status: ALTER TABLE in 0.0 seconds
[0m16:16:29.420518 [debug] [Thread-1 (]: On model.foodingo.user_funnel: COMMIT
[0m16:16:29.420692 [debug] [Thread-1 (]: Using postgres connection "model.foodingo.user_funnel"
[0m16:16:29.420861 [debug] [Thread-1 (]: On model.foodingo.user_funnel: COMMIT
[0m16:16:29.421485 [debug] [Thread-1 (]: SQL status: COMMIT in 0.0 seconds
[0m16:16:29.422380 [debug] [Thread-1 (]: Applying DROP to: "foodingo_warehouse"."analytics_analytics"."user_funnel__dbt_backup"
[0m16:16:29.422749 [debug] [Thread-1 (]: Using postgres connection "model.foodingo.user_funnel"
[0m16:16:29.422971 [debug] [Thread-1 (]: On model.foodingo.user_funnel: /* {"app": "dbt", "dbt_version": "1.7.9", "profile_name": "foodingo", "target_name": "dev", "node_id": "model.foodingo.user_funnel"} */
drop table if exists "foodingo_warehouse"."analytics_analytics"."user_funnel__dbt_backup" cascade
[0m16:16:29.424020 [debug] [Thread-1 (]: SQL status: DROP TABLE in 0.0 seconds
[0m16:16:29.424529 [debug] [Thread-1 (]: Timing info for model.foodingo.user_funnel (execute): 16:16:29.386101 => 16:16:29.424459
[0m16:16:29.424707 [debug] [Thread-1 (]: On model.foodingo.user_funnel: Close
[0m16:16:29.425039 [debug] [Thread-1 (]: Sending event: {'category': 'dbt', 'action': 'run_model', 'label': '81e77f7d-d06d-4f0d-8dec-e0f69038b456', 'context': [<snowplow_tracker.self_describing_json.SelfDescribingJson object at 0xffff7d274690>]}
[0m16:16:29.425313 [info ] [Thread-1 (]: 5 of 5 OK created sql table model analytics_analytics.user_funnel .............. [[32mSELECT 1[0m in 0.04s]
[0m16:16:29.425574 [debug] [Thread-1 (]: Finished running node model.foodingo.user_funnel
[0m16:16:29.426292 [debug] [MainThread]: Using postgres connection "master"
[0m16:16:29.426488 [debug] [MainThread]: On master: BEGIN
[0m16:16:29.426656 [debug] [MainThread]: Opening a new connection, currently in state closed
[0m16:16:29.428799 [debug] [MainThread]: SQL status: BEGIN in 0.0 seconds
[0m16:16:29.428972 [debug] [MainThread]: On master: COMMIT
[0m16:16:29.429142 [debug] [MainThread]: Using postgres connection "master"
[0m16:16:29.429313 [debug] [MainThread]: On master: COMMIT
[0m16:16:29.429494 [debug] [MainThread]: SQL status: COMMIT in 0.0 seconds
[0m16:16:29.429639 [debug] [MainThread]: On master: Close
[0m16:16:29.429918 [debug] [MainThread]: Connection 'master' was properly closed.
[0m16:16:29.430069 [debug] [MainThread]: Connection 'model.foodingo.user_funnel' was properly closed.
[0m16:16:29.430225 [debug] [MainThread]: Connection 'model.foodingo.ml_user_order_matrix' was properly closed.
[0m16:16:29.430407 [info ] [MainThread]: 
[0m16:16:29.430572 [info ] [MainThread]: Finished running 5 table models in 0 hours 0 minutes and 0.16 seconds (0.16s).
[0m16:16:29.431034 [debug] [MainThread]: Command end result
[0m16:16:29.434880 [info ] [MainThread]: 
[0m16:16:29.435107 [info ] [MainThread]: [31mCompleted with 2 errors and 0 warnings:[0m
[0m16:16:29.435278 [info ] [MainThread]: 
[0m16:16:29.435450 [error] [MainThread]:   Database Error in model food_popularity (models/marts/food_popularity.sql)
  column "ordered_items" does not exist
  LINE 21:         jsonb_array_elements(ordered_items) AS item
                                        ^
  compiled Code at target/run/foodingo/models/marts/food_popularity.sql
[0m16:16:29.435634 [info ] [MainThread]: 
[0m16:16:29.435810 [error] [MainThread]:   Database Error in model ml_user_order_matrix (models/marts/ml_user_order_matrix.sql)
  column "ordered_items" does not exist
  LINE 20:         jsonb_array_elements(ordered_items)->>'foodId' AS fo...
                                        ^
  compiled Code at target/run/foodingo/models/marts/ml_user_order_matrix.sql
[0m16:16:29.435979 [info ] [MainThread]: 
[0m16:16:29.436164 [info ] [MainThread]: Done. PASS=3 WARN=0 ERROR=2 SKIP=0 TOTAL=5
[0m16:16:29.436538 [debug] [MainThread]: Resource report: {"command_name": "run", "command_wall_clock_time": 0.3019338, "process_user_time": 1.171937, "process_kernel_time": 0.077525, "process_mem_max_rss": "161116", "process_out_blocks": "1701", "command_success": false, "process_in_blocks": "0"}
[0m16:16:29.436807 [debug] [MainThread]: Command `dbt run` failed at 16:16:29.436744 after 0.30 seconds
[0m16:16:29.437006 [debug] [MainThread]: Sending event: {'category': 'dbt', 'action': 'invocation', 'label': 'end', 'context': [<snowplow_tracker.self_describing_json.SelfDescribingJson object at 0xffff7e14d890>, <snowplow_tracker.self_describing_json.SelfDescribingJson object at 0xffff7e1be650>, <snowplow_tracker.self_describing_json.SelfDescribingJson object at 0xffff7e1bea90>]}
[0m16:16:29.437184 [debug] [MainThread]: Flushing usage events
[0m16:16:31.561986 [debug] [MainThread]: Sending event: {'category': 'dbt', 'action': 'invocation', 'label': 'start', 'context': [<snowplow_tracker.self_describing_json.SelfDescribingJson object at 0xffff8ee89650>, <snowplow_tracker.self_describing_json.SelfDescribingJson object at 0xffff8f1a67d0>, <snowplow_tracker.self_describing_json.SelfDescribingJson object at 0xffff8f1a6d10>]}


============================== 16:16:31.564443 | 30978e65-e5ca-4ca9-903e-a78a33e00f38 ==============================
[0m16:16:31.564443 [info ] [MainThread]: Running with dbt=1.7.9
[0m16:16:31.564768 [debug] [MainThread]: running dbt with arguments {'printer_width': '80', 'indirect_selection': 'eager', 'log_cache_events': 'False', 'write_json': 'True', 'partial_parse': 'True', 'cache_selected_only': 'False', 'warn_error': 'None', 'debug': 'False', 'fail_fast': 'False', 'log_path': '/opt/airflow/dbt/logs', 'version_check': 'True', 'profiles_dir': '/opt/airflow/dbt', 'use_colors': 'True', 'use_experimental_parser': 'False', 'no_print': 'None', 'quiet': 'False', 'warn_error_options': 'WarnErrorOptions(include=[], exclude=[])', 'invocation_command': 'dbt run --profiles-dir /opt/airflow/dbt --project-dir /opt/airflow/dbt --select marts', 'introspect': 'True', 'log_format': 'default', 'target_path': 'None', 'static_parser': 'True', 'send_anonymous_usage_stats': 'True'}
[0m16:16:31.625526 [debug] [MainThread]: Sending event: {'category': 'dbt', 'action': 'project_id', 'label': '30978e65-e5ca-4ca9-903e-a78a33e00f38', 'context': [<snowplow_tracker.self_describing_json.SelfDescribingJson object at 0xffff8e360990>]}
[0m16:16:31.654368 [debug] [MainThread]: Sending event: {'category': 'dbt', 'action': 'adapter_info', 'label': '30978e65-e5ca-4ca9-903e-a78a33e00f38', 'context': [<snowplow_tracker.self_describing_json.SelfDescribingJson object at 0xffff8f1a68d0>]}
[0m16:16:31.654752 [info ] [MainThread]: Registered adapter: postgres=1.7.9
[0m16:16:31.657559 [debug] [MainThread]: checksum: 6ff0d83c3b46f350064523b4e08d9241403ad71d606ba49c4e670afba3668b39, vars: {}, profile: , target: , version: 1.7.9
[0m16:16:31.668391 [debug] [MainThread]: Partial parsing enabled: 0 files deleted, 0 files added, 0 files changed.
[0m16:16:31.668642 [debug] [MainThread]: Partial parsing enabled, no changes found, skipping parsing
[0m16:16:31.670811 [debug] [MainThread]: Sending event: {'category': 'dbt', 'action': 'load_project', 'label': '30978e65-e5ca-4ca9-903e-a78a33e00f38', 'context': [<snowplow_tracker.self_describing_json.SelfDescribingJson object at 0xffff8e0028d0>]}
[0m16:16:31.676950 [debug] [MainThread]: Sending event: {'category': 'dbt', 'action': 'resource_counts', 'label': '30978e65-e5ca-4ca9-903e-a78a33e00f38', 'context': [<snowplow_tracker.self_describing_json.SelfDescribingJson object at 0xffff8e000250>]}
[0m16:16:31.677174 [info ] [MainThread]: Found 10 models, 0 sources, 0 exposures, 0 metrics, 401 macros, 0 groups, 0 semantic models
[0m16:16:31.677380 [debug] [MainThread]: Sending event: {'category': 'dbt', 'action': 'runnable_timing', 'label': '30978e65-e5ca-4ca9-903e-a78a33e00f38', 'context': [<snowplow_tracker.self_describing_json.SelfDescribingJson object at 0xffff8e258cd0>]}
[0m16:16:31.678139 [info ] [MainThread]: 
[0m16:16:31.678512 [debug] [MainThread]: Acquiring new postgres connection 'master'
[0m16:16:31.679126 [debug] [ThreadPool]: Acquiring new postgres connection 'list_foodingo_warehouse'
[0m16:16:31.682846 [debug] [ThreadPool]: Using postgres connection "list_foodingo_warehouse"
[0m16:16:31.683034 [debug] [ThreadPool]: On list_foodingo_warehouse: /* {"app": "dbt", "dbt_version": "1.7.9", "profile_name": "foodingo", "target_name": "dev", "connection_name": "list_foodingo_warehouse"} */

    select distinct nspname from pg_namespace
  
[0m16:16:31.683187 [debug] [ThreadPool]: Opening a new connection, currently in state init
[0m16:16:31.686981 [debug] [ThreadPool]: SQL status: SELECT 7 in 0.0 seconds
[0m16:16:31.687514 [debug] [ThreadPool]: On list_foodingo_warehouse: Close
[0m16:16:31.688348 [debug] [ThreadPool]: Re-using an available connection from the pool (formerly list_foodingo_warehouse, now list_foodingo_warehouse_analytics_analytics)
[0m16:16:31.690520 [debug] [ThreadPool]: Using postgres connection "list_foodingo_warehouse_analytics_analytics"
[0m16:16:31.690720 [debug] [ThreadPool]: On list_foodingo_warehouse_analytics_analytics: BEGIN
[0m16:16:31.690880 [debug] [ThreadPool]: Opening a new connection, currently in state closed
[0m16:16:31.693031 [debug] [ThreadPool]: SQL status: BEGIN in 0.0 seconds
[0m16:16:31.693250 [debug] [ThreadPool]: Using postgres connection "list_foodingo_warehouse_analytics_analytics"
[0m16:16:31.693418 [debug] [ThreadPool]: On list_foodingo_warehouse_analytics_analytics: /* {"app": "dbt", "dbt_version": "1.7.9", "profile_name": "foodingo", "target_name": "dev", "connection_name": "list_foodingo_warehouse_analytics_analytics"} */
select
      'foodingo_warehouse' as database,
      tablename as name,
      schemaname as schema,
      'table' as type
    from pg_tables
    where schemaname ilike 'analytics_analytics'
    union all
    select
      'foodingo_warehouse' as database,
      viewname as name,
      schemaname as schema,
      'view' as type
    from pg_views
    where schemaname ilike 'analytics_analytics'
    union all
    select
      'foodingo_warehouse' as database,
      matviewname as name,
      schemaname as schema,
      'materialized_view' as type
    from pg_matviews
    where schemaname ilike 'analytics_analytics'
  
[0m16:16:31.695303 [debug] [ThreadPool]: SQL status: SELECT 8 in 0.0 seconds
[0m16:16:31.695886 [debug] [ThreadPool]: On list_foodingo_warehouse_analytics_analytics: ROLLBACK
[0m16:16:31.696120 [debug] [ThreadPool]: On list_foodingo_warehouse_analytics_analytics: Close
[0m16:16:31.698990 [debug] [MainThread]: Using postgres connection "master"
[0m16:16:31.699190 [debug] [MainThread]: On master: BEGIN
[0m16:16:31.699358 [debug] [MainThread]: Opening a new connection, currently in state init
[0m16:16:31.701441 [debug] [MainThread]: SQL status: BEGIN in 0.0 seconds
[0m16:16:31.701640 [debug] [MainThread]: Using postgres connection "master"
[0m16:16:31.701838 [debug] [MainThread]: On master: /* {"app": "dbt", "dbt_version": "1.7.9", "profile_name": "foodingo", "target_name": "dev", "connection_name": "master"} */
with relation as (
        select
            pg_rewrite.ev_class as class,
            pg_rewrite.oid as id
        from pg_rewrite
    ),
    class as (
        select
            oid as id,
            relname as name,
            relnamespace as schema,
            relkind as kind
        from pg_class
    ),
    dependency as (
        select distinct
            pg_depend.objid as id,
            pg_depend.refobjid as ref
        from pg_depend
    ),
    schema as (
        select
            pg_namespace.oid as id,
            pg_namespace.nspname as name
        from pg_namespace
        where nspname != 'information_schema' and nspname not like 'pg\_%'
    ),
    referenced as (
        select
            relation.id AS id,
            referenced_class.name ,
            referenced_class.schema ,
            referenced_class.kind
        from relation
        join class as referenced_class on relation.class=referenced_class.id
        where referenced_class.kind in ('r', 'v', 'm')
    ),
    relationships as (
        select
            referenced.name as referenced_name,
            referenced.schema as referenced_schema_id,
            dependent_class.name as dependent_name,
            dependent_class.schema as dependent_schema_id,
            referenced.kind as kind
        from referenced
        join dependency on referenced.id=dependency.id
        join class as dependent_class on dependency.ref=dependent_class.id
        where
            (referenced.name != dependent_class.name or
             referenced.schema != dependent_class.schema)
    )

    select
        referenced_schema.name as referenced_schema,
        relationships.referenced_name as referenced_name,
        dependent_schema.name as dependent_schema,
        relationships.dependent_name as dependent_name
    from relationships
    join schema as dependent_schema on relationships.dependent_schema_id=dependent_schema.id
    join schema as referenced_schema on relationships.referenced_schema_id=referenced_schema.id
    group by referenced_schema, referenced_name, dependent_schema, dependent_name
    order by referenced_schema, referenced_name, dependent_schema, dependent_name;
[0m16:16:31.705746 [debug] [MainThread]: SQL status: SELECT 51 in 0.0 seconds
[0m16:16:31.706499 [debug] [MainThread]: Sending event: {'category': 'dbt', 'action': 'runnable_timing', 'label': '30978e65-e5ca-4ca9-903e-a78a33e00f38', 'context': [<snowplow_tracker.self_describing_json.SelfDescribingJson object at 0xffff8ef16650>]}
[0m16:16:31.706720 [debug] [MainThread]: On master: ROLLBACK
[0m16:16:31.706967 [debug] [MainThread]: Using postgres connection "master"
[0m16:16:31.707135 [debug] [MainThread]: On master: BEGIN
[0m16:16:31.707414 [debug] [MainThread]: SQL status: BEGIN in 0.0 seconds
[0m16:16:31.707574 [debug] [MainThread]: On master: COMMIT
[0m16:16:31.707774 [debug] [MainThread]: Using postgres connection "master"
[0m16:16:31.707974 [debug] [MainThread]: On master: COMMIT
[0m16:16:31.708189 [debug] [MainThread]: SQL status: COMMIT in 0.0 seconds
[0m16:16:31.708352 [debug] [MainThread]: On master: Close
[0m16:16:31.708664 [info ] [MainThread]: Concurrency: 2 threads (target='dev')
[0m16:16:31.708866 [info ] [MainThread]: 
[0m16:16:31.712073 [debug] [Thread-1 (]: Began running node model.foodingo.cart_abandonment
[0m16:16:31.712257 [debug] [Thread-2 (]: Began running node model.foodingo.daily_revenue
[0m16:16:31.712521 [info ] [Thread-1 (]: 1 of 5 START sql table model analytics_analytics.cart_abandonment .............. [RUN]
[0m16:16:31.712821 [info ] [Thread-2 (]: 2 of 5 START sql table model analytics_analytics.daily_revenue ................. [RUN]
[0m16:16:31.713199 [debug] [Thread-1 (]: Re-using an available connection from the pool (formerly list_foodingo_warehouse_analytics_analytics, now model.foodingo.cart_abandonment)
[0m16:16:31.713550 [debug] [Thread-2 (]: Acquiring new postgres connection 'model.foodingo.daily_revenue'
[0m16:16:31.713801 [debug] [Thread-1 (]: Began compiling node model.foodingo.cart_abandonment
[0m16:16:31.714038 [debug] [Thread-2 (]: Began compiling node model.foodingo.daily_revenue
[0m16:16:31.716744 [debug] [Thread-1 (]: Writing injected SQL for node "model.foodingo.cart_abandonment"
[0m16:16:31.718008 [debug] [Thread-2 (]: Writing injected SQL for node "model.foodingo.daily_revenue"
[0m16:16:31.718692 [debug] [Thread-1 (]: Timing info for model.foodingo.cart_abandonment (compile): 16:16:31.714196 => 16:16:31.718580
[0m16:16:31.718917 [debug] [Thread-1 (]: Began executing node model.foodingo.cart_abandonment
[0m16:16:31.719160 [debug] [Thread-2 (]: Timing info for model.foodingo.daily_revenue (compile): 16:16:31.716943 => 16:16:31.719071
[0m16:16:31.732916 [debug] [Thread-2 (]: Began executing node model.foodingo.daily_revenue
[0m16:16:31.734562 [debug] [Thread-2 (]: Writing runtime sql for node "model.foodingo.daily_revenue"
[0m16:16:31.732740 [debug] [Thread-1 (]: Writing runtime sql for node "model.foodingo.cart_abandonment"
[0m16:16:31.735096 [debug] [Thread-2 (]: Using postgres connection "model.foodingo.daily_revenue"
[0m16:16:31.735293 [debug] [Thread-2 (]: On model.foodingo.daily_revenue: BEGIN
[0m16:16:31.735625 [debug] [Thread-2 (]: Opening a new connection, currently in state init
[0m16:16:31.735462 [debug] [Thread-1 (]: Using postgres connection "model.foodingo.cart_abandonment"
[0m16:16:31.735975 [debug] [Thread-1 (]: On model.foodingo.cart_abandonment: BEGIN
[0m16:16:31.736291 [debug] [Thread-1 (]: Opening a new connection, currently in state closed
[0m16:16:31.738625 [debug] [Thread-2 (]: SQL status: BEGIN in 0.0 seconds
[0m16:16:31.738829 [debug] [Thread-2 (]: Using postgres connection "model.foodingo.daily_revenue"
[0m16:16:31.739056 [debug] [Thread-2 (]: On model.foodingo.daily_revenue: /* {"app": "dbt", "dbt_version": "1.7.9", "profile_name": "foodingo", "target_name": "dev", "node_id": "model.foodingo.daily_revenue"} */

  
    

  create  table "foodingo_warehouse"."analytics_analytics"."daily_revenue__dbt_tmp"
  
  
    as
  
  (
    -- models/marts/daily_revenue.sql


SELECT
    order_date                          AS revenue_date,
    SUM(amount)                         AS total_revenue,
    COUNT(order_id)                     AS order_count,
    AVG(amount)                         AS avg_order_value,
    COUNT(DISTINCT user_id)             AS unique_users
FROM "foodingo_warehouse"."analytics_analytics"."fact_orders"
WHERE payment_status = 'paid'
GROUP BY order_date
ORDER BY order_date DESC
  );
  
[0m16:16:31.739199 [debug] [Thread-1 (]: SQL status: BEGIN in 0.0 seconds
[0m16:16:31.739428 [debug] [Thread-1 (]: Using postgres connection "model.foodingo.cart_abandonment"
[0m16:16:31.739643 [debug] [Thread-1 (]: On model.foodingo.cart_abandonment: /* {"app": "dbt", "dbt_version": "1.7.9", "profile_name": "foodingo", "target_name": "dev", "node_id": "model.foodingo.cart_abandonment"} */

  
    

  create  table "foodingo_warehouse"."analytics_analytics"."cart_abandonment__dbt_tmp"
  
  
    as
  
  (
    -- models/marts/cart_abandonment.sql
-- Identifies users who added to cart but did NOT place an order within 24 hours



WITH cart_users AS (
    SELECT
        user_id,
        MAX(event_time)                 AS last_cart_time,
        COUNT(DISTINCT food_id)         AS cart_item_count
    FROM "foodingo_warehouse"."analytics_analytics"."fact_cart_events"
    WHERE event_type = 'cart.item_added'
    GROUP BY user_id
),

order_users AS (
    SELECT DISTINCT user_id
    FROM "foodingo_warehouse"."analytics_analytics"."fact_orders"
    WHERE payment_status = 'paid'
)

SELECT
    c.user_id,
    c.last_cart_time,
    c.cart_item_count,
    EXTRACT(DAY FROM NOW() - c.last_cart_time)::INT     AS days_since_cart,
    (o.user_id IS NOT NULL)                             AS has_ordered_after
FROM cart_users c
LEFT JOIN order_users o ON c.user_id = o.user_id
ORDER BY days_since_cart DESC
  );
  
[0m16:16:31.741768 [debug] [Thread-1 (]: SQL status: SELECT 3 in 0.0 seconds
[0m16:16:31.744884 [debug] [Thread-1 (]: Using postgres connection "model.foodingo.cart_abandonment"
[0m16:16:31.745213 [debug] [Thread-1 (]: On model.foodingo.cart_abandonment: /* {"app": "dbt", "dbt_version": "1.7.9", "profile_name": "foodingo", "target_name": "dev", "node_id": "model.foodingo.cart_abandonment"} */
alter table "foodingo_warehouse"."analytics_analytics"."cart_abandonment" rename to "cart_abandonment__dbt_backup"
[0m16:16:31.745050 [debug] [Thread-2 (]: SQL status: SELECT 0 in 0.0 seconds
[0m16:16:31.746584 [debug] [Thread-2 (]: Using postgres connection "model.foodingo.daily_revenue"
[0m16:16:31.746738 [debug] [Thread-1 (]: SQL status: ALTER TABLE in 0.0 seconds
[0m16:16:31.747998 [debug] [Thread-1 (]: Using postgres connection "model.foodingo.cart_abandonment"
[0m16:16:31.746905 [debug] [Thread-2 (]: On model.foodingo.daily_revenue: /* {"app": "dbt", "dbt_version": "1.7.9", "profile_name": "foodingo", "target_name": "dev", "node_id": "model.foodingo.daily_revenue"} */
alter table "foodingo_warehouse"."analytics_analytics"."daily_revenue" rename to "daily_revenue__dbt_backup"
[0m16:16:31.748177 [debug] [Thread-1 (]: On model.foodingo.cart_abandonment: /* {"app": "dbt", "dbt_version": "1.7.9", "profile_name": "foodingo", "target_name": "dev", "node_id": "model.foodingo.cart_abandonment"} */
alter table "foodingo_warehouse"."analytics_analytics"."cart_abandonment__dbt_tmp" rename to "cart_abandonment"
[0m16:16:31.748506 [debug] [Thread-2 (]: SQL status: ALTER TABLE in 0.0 seconds
[0m16:16:31.748667 [debug] [Thread-1 (]: SQL status: ALTER TABLE in 0.0 seconds
[0m16:16:31.749768 [debug] [Thread-2 (]: Using postgres connection "model.foodingo.daily_revenue"
[0m16:16:31.757229 [debug] [Thread-2 (]: On model.foodingo.daily_revenue: /* {"app": "dbt", "dbt_version": "1.7.9", "profile_name": "foodingo", "target_name": "dev", "node_id": "model.foodingo.daily_revenue"} */
alter table "foodingo_warehouse"."analytics_analytics"."daily_revenue__dbt_tmp" rename to "daily_revenue"
[0m16:16:31.756954 [debug] [Thread-1 (]: On model.foodingo.cart_abandonment: COMMIT
[0m16:16:31.757510 [debug] [Thread-1 (]: Using postgres connection "model.foodingo.cart_abandonment"
[0m16:16:31.757828 [debug] [Thread-1 (]: On model.foodingo.cart_abandonment: COMMIT
[0m16:16:31.757660 [debug] [Thread-2 (]: SQL status: ALTER TABLE in 0.0 seconds
[0m16:16:31.758789 [debug] [Thread-2 (]: On model.foodingo.daily_revenue: COMMIT
[0m16:16:31.758920 [debug] [Thread-1 (]: SQL status: COMMIT in 0.0 seconds
[0m16:16:31.759099 [debug] [Thread-2 (]: Using postgres connection "model.foodingo.daily_revenue"
[0m16:16:31.761581 [debug] [Thread-2 (]: On model.foodingo.daily_revenue: COMMIT
[0m16:16:31.761394 [debug] [Thread-1 (]: Applying DROP to: "foodingo_warehouse"."analytics_analytics"."cart_abandonment__dbt_backup"
[0m16:16:31.763466 [debug] [Thread-1 (]: Using postgres connection "model.foodingo.cart_abandonment"
[0m16:16:31.763784 [debug] [Thread-1 (]: On model.foodingo.cart_abandonment: /* {"app": "dbt", "dbt_version": "1.7.9", "profile_name": "foodingo", "target_name": "dev", "node_id": "model.foodingo.cart_abandonment"} */
drop table if exists "foodingo_warehouse"."analytics_analytics"."cart_abandonment__dbt_backup" cascade
[0m16:16:31.763627 [debug] [Thread-2 (]: SQL status: COMMIT in 0.0 seconds
[0m16:16:31.764878 [debug] [Thread-2 (]: Applying DROP to: "foodingo_warehouse"."analytics_analytics"."daily_revenue__dbt_backup"
[0m16:16:31.765031 [debug] [Thread-1 (]: SQL status: DROP TABLE in 0.0 seconds
[0m16:16:31.765948 [debug] [Thread-1 (]: Timing info for model.foodingo.cart_abandonment (execute): 16:16:31.719235 => 16:16:31.765866
[0m16:16:31.765371 [debug] [Thread-2 (]: Using postgres connection "model.foodingo.daily_revenue"
[0m16:16:31.766326 [debug] [Thread-2 (]: On model.foodingo.daily_revenue: /* {"app": "dbt", "dbt_version": "1.7.9", "profile_name": "foodingo", "target_name": "dev", "node_id": "model.foodingo.daily_revenue"} */
drop table if exists "foodingo_warehouse"."analytics_analytics"."daily_revenue__dbt_backup" cascade
[0m16:16:31.766137 [debug] [Thread-1 (]: On model.foodingo.cart_abandonment: Close
[0m16:16:31.766754 [debug] [Thread-1 (]: Sending event: {'category': 'dbt', 'action': 'run_model', 'label': '30978e65-e5ca-4ca9-903e-a78a33e00f38', 'context': [<snowplow_tracker.self_describing_json.SelfDescribingJson object at 0xffff8df27fd0>]}
[0m16:16:31.767075 [info ] [Thread-1 (]: 1 of 5 OK created sql table model analytics_analytics.cart_abandonment ......... [[32mSELECT 3[0m in 0.05s]
[0m16:16:31.767379 [debug] [Thread-1 (]: Finished running node model.foodingo.cart_abandonment
[0m16:16:31.767757 [debug] [Thread-1 (]: Began running node model.foodingo.food_popularity
[0m16:16:31.767530 [debug] [Thread-2 (]: SQL status: DROP TABLE in 0.0 seconds
[0m16:16:31.768657 [debug] [Thread-2 (]: Timing info for model.foodingo.daily_revenue (execute): 16:16:31.733064 => 16:16:31.768561
[0m16:16:31.768030 [info ] [Thread-1 (]: 3 of 5 START sql table model analytics_analytics.food_popularity ............... [RUN]
[0m16:16:31.769112 [debug] [Thread-1 (]: Re-using an available connection from the pool (formerly model.foodingo.cart_abandonment, now model.foodingo.food_popularity)
[0m16:16:31.768852 [debug] [Thread-2 (]: On model.foodingo.daily_revenue: Close
[0m16:16:31.769631 [debug] [Thread-2 (]: Sending event: {'category': 'dbt', 'action': 'run_model', 'label': '30978e65-e5ca-4ca9-903e-a78a33e00f38', 'context': [<snowplow_tracker.self_describing_json.SelfDescribingJson object at 0xffff8e1caf90>]}
[0m16:16:31.769279 [debug] [Thread-1 (]: Began compiling node model.foodingo.food_popularity
[0m16:16:31.769930 [info ] [Thread-2 (]: 2 of 5 OK created sql table model analytics_analytics.daily_revenue ............ [[32mSELECT 0[0m in 0.06s]
[0m16:16:31.771937 [debug] [Thread-2 (]: Finished running node model.foodingo.daily_revenue
[0m16:16:31.771562 [debug] [Thread-1 (]: Writing injected SQL for node "model.foodingo.food_popularity"
[0m16:16:31.772300 [debug] [Thread-2 (]: Began running node model.foodingo.ml_user_order_matrix
[0m16:16:31.772897 [info ] [Thread-2 (]: 4 of 5 START sql table model analytics_analytics.ml_user_order_matrix .......... [RUN]
[0m16:16:31.773463 [debug] [Thread-2 (]: Re-using an available connection from the pool (formerly model.foodingo.daily_revenue, now model.foodingo.ml_user_order_matrix)
[0m16:16:31.773776 [debug] [Thread-1 (]: Timing info for model.foodingo.food_popularity (compile): 16:16:31.770075 => 16:16:31.773619
[0m16:16:31.774266 [debug] [Thread-1 (]: Began executing node model.foodingo.food_popularity
[0m16:16:31.774034 [debug] [Thread-2 (]: Began compiling node model.foodingo.ml_user_order_matrix
[0m16:16:31.776866 [debug] [Thread-1 (]: Writing runtime sql for node "model.foodingo.food_popularity"
[0m16:16:31.778565 [debug] [Thread-2 (]: Writing injected SQL for node "model.foodingo.ml_user_order_matrix"
[0m16:16:31.779056 [debug] [Thread-1 (]: Using postgres connection "model.foodingo.food_popularity"
[0m16:16:31.779404 [debug] [Thread-1 (]: On model.foodingo.food_popularity: BEGIN
[0m16:16:31.779281 [debug] [Thread-2 (]: Timing info for model.foodingo.ml_user_order_matrix (compile): 16:16:31.777064 => 16:16:31.779178
[0m16:16:31.779754 [debug] [Thread-2 (]: Began executing node model.foodingo.ml_user_order_matrix
[0m16:16:31.779559 [debug] [Thread-1 (]: Opening a new connection, currently in state closed
[0m16:16:31.781339 [debug] [Thread-2 (]: Writing runtime sql for node "model.foodingo.ml_user_order_matrix"
[0m16:16:31.782093 [debug] [Thread-2 (]: Using postgres connection "model.foodingo.ml_user_order_matrix"
[0m16:16:31.782272 [debug] [Thread-2 (]: On model.foodingo.ml_user_order_matrix: BEGIN
[0m16:16:31.783092 [debug] [Thread-2 (]: Opening a new connection, currently in state closed
[0m16:16:31.783807 [debug] [Thread-1 (]: SQL status: BEGIN in 0.0 seconds
[0m16:16:31.784217 [debug] [Thread-1 (]: Using postgres connection "model.foodingo.food_popularity"
[0m16:16:31.784409 [debug] [Thread-1 (]: On model.foodingo.food_popularity: /* {"app": "dbt", "dbt_version": "1.7.9", "profile_name": "foodingo", "target_name": "dev", "node_id": "model.foodingo.food_popularity"} */

  
    

  create  table "foodingo_warehouse"."analytics_analytics"."food_popularity__dbt_tmp"
  
  
    as
  
  (
    -- models/marts/food_popularity.sql
-- Explodes the ordered_items JSONB array to get per-food-item order counts



WITH exploded AS (
    SELECT
        order_id,
        amount,
        jsonb_array_elements(ordered_items) AS item
    FROM "foodingo_warehouse"."analytics_analytics"."fact_orders"
    WHERE payment_status = 'paid'
)

SELECT
    item->>'foodId'       AS food_id,
    item->>'name'         AS food_name,
    item->>'category'     AS category,
    COUNT(*)              AS order_count,
    SUM(
        (item->>'price')::DECIMAL * (item->>'quantity')::INT
    )                     AS total_revenue,
    AVG((item->>'price')::DECIMAL) AS avg_price
FROM exploded
WHERE item->>'foodId' IS NOT NULL
GROUP BY food_id, food_name, category
ORDER BY order_count DESC
  );
  
[0m16:16:31.785123 [debug] [Thread-1 (]: Postgres adapter: Postgres error: column "ordered_items" does not exist
LINE 21:         jsonb_array_elements(ordered_items) AS item
                                      ^

[0m16:16:31.785451 [debug] [Thread-1 (]: On model.foodingo.food_popularity: ROLLBACK
[0m16:16:31.785723 [debug] [Thread-1 (]: Timing info for model.foodingo.food_popularity (execute): 16:16:31.774417 => 16:16:31.785645
[0m16:16:31.785913 [debug] [Thread-1 (]: On model.foodingo.food_popularity: Close
[0m16:16:31.786087 [debug] [Thread-2 (]: SQL status: BEGIN in 0.0 seconds
[0m16:16:31.787955 [debug] [Thread-2 (]: Using postgres connection "model.foodingo.ml_user_order_matrix"
[0m16:16:31.787744 [debug] [Thread-1 (]: Database Error in model food_popularity (models/marts/food_popularity.sql)
  column "ordered_items" does not exist
  LINE 21:         jsonb_array_elements(ordered_items) AS item
                                        ^
  compiled Code at target/run/foodingo/models/marts/food_popularity.sql
[0m16:16:31.788375 [debug] [Thread-1 (]: Sending event: {'category': 'dbt', 'action': 'run_model', 'label': '30978e65-e5ca-4ca9-903e-a78a33e00f38', 'context': [<snowplow_tracker.self_describing_json.SelfDescribingJson object at 0xffff8e0c07d0>]}
[0m16:16:31.788135 [debug] [Thread-2 (]: On model.foodingo.ml_user_order_matrix: /* {"app": "dbt", "dbt_version": "1.7.9", "profile_name": "foodingo", "target_name": "dev", "node_id": "model.foodingo.ml_user_order_matrix"} */

  
    

  create  table "foodingo_warehouse"."analytics_analytics"."ml_user_order_matrix__dbt_tmp"
  
  
    as
  
  (
    -- models/marts/ml_user_order_matrix.sql
-- User × Food order count matrix — input for collaborative filtering recommender



WITH exploded AS (
    SELECT
        user_id,
        jsonb_array_elements(ordered_items)->>'foodId' AS food_id
    FROM "foodingo_warehouse"."analytics_analytics"."fact_orders"
    WHERE payment_status = 'paid'
      AND user_id IS NOT NULL
)

SELECT
    user_id,
    food_id,
    COUNT(*)   AS order_count
FROM exploded
WHERE food_id IS NOT NULL
GROUP BY user_id, food_id
  );
  
[0m16:16:31.788675 [error] [Thread-1 (]: 3 of 5 ERROR creating sql table model analytics_analytics.food_popularity ...... [[31mERROR[0m in 0.02s]
[0m16:16:31.789018 [debug] [Thread-1 (]: Finished running node model.foodingo.food_popularity
[0m16:16:31.789369 [debug] [Thread-1 (]: Began running node model.foodingo.user_funnel
[0m16:16:31.789166 [debug] [Thread-2 (]: Postgres adapter: Postgres error: column "ordered_items" does not exist
LINE 20:         jsonb_array_elements(ordered_items)->>'foodId' AS fo...
                                      ^

[0m16:16:31.790076 [debug] [Thread-2 (]: On model.foodingo.ml_user_order_matrix: ROLLBACK
[0m16:16:31.789874 [info ] [Thread-1 (]: 5 of 5 START sql table model analytics_analytics.user_funnel ................... [RUN]
[0m16:16:31.790579 [debug] [Thread-1 (]: Re-using an available connection from the pool (formerly model.foodingo.food_popularity, now model.foodingo.user_funnel)
[0m16:16:31.790355 [debug] [Thread-2 (]: Timing info for model.foodingo.ml_user_order_matrix (execute): 16:16:31.779877 => 16:16:31.790274
[0m16:16:31.790961 [debug] [Thread-2 (]: On model.foodingo.ml_user_order_matrix: Close
[0m16:16:31.790743 [debug] [Thread-1 (]: Began compiling node model.foodingo.user_funnel
[0m16:16:31.793313 [debug] [Thread-1 (]: Writing injected SQL for node "model.foodingo.user_funnel"
[0m16:16:31.793768 [debug] [Thread-2 (]: Database Error in model ml_user_order_matrix (models/marts/ml_user_order_matrix.sql)
  column "ordered_items" does not exist
  LINE 20:         jsonb_array_elements(ordered_items)->>'foodId' AS fo...
                                        ^
  compiled Code at target/run/foodingo/models/marts/ml_user_order_matrix.sql
[0m16:16:31.794082 [debug] [Thread-2 (]: Sending event: {'category': 'dbt', 'action': 'run_model', 'label': '30978e65-e5ca-4ca9-903e-a78a33e00f38', 'context': [<snowplow_tracker.self_describing_json.SelfDescribingJson object at 0xffff8df20d50>]}
[0m16:16:31.794379 [error] [Thread-2 (]: 4 of 5 ERROR creating sql table model analytics_analytics.ml_user_order_matrix . [[31mERROR[0m in 0.02s]
[0m16:16:31.794922 [debug] [Thread-2 (]: Finished running node model.foodingo.ml_user_order_matrix
[0m16:16:31.794681 [debug] [Thread-1 (]: Timing info for model.foodingo.user_funnel (compile): 16:16:31.791862 => 16:16:31.794563
[0m16:16:31.795220 [debug] [Thread-1 (]: Began executing node model.foodingo.user_funnel
[0m16:16:31.797526 [debug] [Thread-1 (]: Writing runtime sql for node "model.foodingo.user_funnel"
[0m16:16:31.797974 [debug] [Thread-1 (]: Using postgres connection "model.foodingo.user_funnel"
[0m16:16:31.798162 [debug] [Thread-1 (]: On model.foodingo.user_funnel: BEGIN
[0m16:16:31.798325 [debug] [Thread-1 (]: Opening a new connection, currently in state closed
[0m16:16:31.800758 [debug] [Thread-1 (]: SQL status: BEGIN in 0.0 seconds
[0m16:16:31.800927 [debug] [Thread-1 (]: Using postgres connection "model.foodingo.user_funnel"
[0m16:16:31.801119 [debug] [Thread-1 (]: On model.foodingo.user_funnel: /* {"app": "dbt", "dbt_version": "1.7.9", "profile_name": "foodingo", "target_name": "dev", "node_id": "model.foodingo.user_funnel"} */

  
    

  create  table "foodingo_warehouse"."analytics_analytics"."user_funnel__dbt_tmp"
  
  
    as
  
  (
    -- models/marts/user_funnel.sql
-- Daily funnel: registered → logged in → added to cart → placed order



WITH daily_registrations AS (
    SELECT DATE(event_timestamp) AS d, COUNT(DISTINCT user_id) AS registered_users
    FROM "foodingo_warehouse"."analytics_analytics"."stg_users"
    WHERE event_type = 'user.registered'
    GROUP BY 1
),

daily_logins AS (
    SELECT DATE(event_timestamp) AS d, COUNT(DISTINCT user_id) AS logged_in_users
    FROM "foodingo_warehouse"."analytics_analytics"."stg_users"
    WHERE event_type = 'user.login'
    GROUP BY 1
),

daily_cart AS (
    SELECT event_date AS d, COUNT(DISTINCT user_id) AS cart_added_users
    FROM "foodingo_warehouse"."analytics_analytics"."fact_cart_events"
    WHERE event_type = 'cart.item_added'
    GROUP BY 1
),

daily_orders AS (
    SELECT order_date AS d, COUNT(DISTINCT user_id) AS ordered_users
    FROM "foodingo_warehouse"."analytics_analytics"."fact_orders"
    WHERE payment_status = 'paid'
    GROUP BY 1
)

SELECT
    r.d                         AS funnel_date,
    r.registered_users,
    COALESCE(l.logged_in_users, 0) AS logged_in_users,
    COALESCE(c.cart_added_users, 0) AS cart_added_users,
    COALESCE(o.ordered_users, 0)    AS ordered_users,
    CASE
        WHEN r.registered_users = 0 THEN 0
        ELSE ROUND(
            100.0 * COALESCE(o.ordered_users, 0) / r.registered_users, 2
        )
    END                         AS reg_to_order_rate
FROM daily_registrations r
LEFT JOIN daily_logins l  ON r.d = l.d
LEFT JOIN daily_cart c    ON r.d = c.d
LEFT JOIN daily_orders o  ON r.d = o.d
ORDER BY funnel_date DESC
  );
  
[0m16:16:31.804818 [debug] [Thread-1 (]: SQL status: SELECT 1 in 0.0 seconds
[0m16:16:31.828347 [debug] [Thread-1 (]: Using postgres connection "model.foodingo.user_funnel"
[0m16:16:31.828684 [debug] [Thread-1 (]: On model.foodingo.user_funnel: /* {"app": "dbt", "dbt_version": "1.7.9", "profile_name": "foodingo", "target_name": "dev", "node_id": "model.foodingo.user_funnel"} */
alter table "foodingo_warehouse"."analytics_analytics"."user_funnel" rename to "user_funnel__dbt_backup"
[0m16:16:31.829172 [debug] [Thread-1 (]: SQL status: ALTER TABLE in 0.0 seconds
[0m16:16:31.830296 [debug] [Thread-1 (]: Using postgres connection "model.foodingo.user_funnel"
[0m16:16:31.830472 [debug] [Thread-1 (]: On model.foodingo.user_funnel: /* {"app": "dbt", "dbt_version": "1.7.9", "profile_name": "foodingo", "target_name": "dev", "node_id": "model.foodingo.user_funnel"} */
alter table "foodingo_warehouse"."analytics_analytics"."user_funnel__dbt_tmp" rename to "user_funnel"
[0m16:16:31.830773 [debug] [Thread-1 (]: SQL status: ALTER TABLE in 0.0 seconds
[0m16:16:31.831622 [debug] [Thread-1 (]: On model.foodingo.user_funnel: COMMIT
[0m16:16:31.831818 [debug] [Thread-1 (]: Using postgres connection "model.foodingo.user_funnel"
[0m16:16:31.831984 [debug] [Thread-1 (]: On model.foodingo.user_funnel: COMMIT
[0m16:16:31.832372 [debug] [Thread-1 (]: SQL status: COMMIT in 0.0 seconds
[0m16:16:31.833301 [debug] [Thread-1 (]: Applying DROP to: "foodingo_warehouse"."analytics_analytics"."user_funnel__dbt_backup"
[0m16:16:31.833672 [debug] [Thread-1 (]: Using postgres connection "model.foodingo.user_funnel"
[0m16:16:31.833841 [debug] [Thread-1 (]: On model.foodingo.user_funnel: /* {"app": "dbt", "dbt_version": "1.7.9", "profile_name": "foodingo", "target_name": "dev", "node_id": "model.foodingo.user_funnel"} */
drop table if exists "foodingo_warehouse"."analytics_analytics"."user_funnel__dbt_backup" cascade
[0m16:16:31.834924 [debug] [Thread-1 (]: SQL status: DROP TABLE in 0.0 seconds
[0m16:16:31.835445 [debug] [Thread-1 (]: Timing info for model.foodingo.user_funnel (execute): 16:16:31.795348 => 16:16:31.835366
[0m16:16:31.835614 [debug] [Thread-1 (]: On model.foodingo.user_funnel: Close
[0m16:16:31.835963 [debug] [Thread-1 (]: Sending event: {'category': 'dbt', 'action': 'run_model', 'label': '30978e65-e5ca-4ca9-903e-a78a33e00f38', 'context': [<snowplow_tracker.self_describing_json.SelfDescribingJson object at 0xffff8f5e3910>]}
[0m16:16:31.836246 [info ] [Thread-1 (]: 5 of 5 OK created sql table model analytics_analytics.user_funnel .............. [[32mSELECT 1[0m in 0.05s]
[0m16:16:31.836526 [debug] [Thread-1 (]: Finished running node model.foodingo.user_funnel
[0m16:16:31.837310 [debug] [MainThread]: Using postgres connection "master"
[0m16:16:31.837501 [debug] [MainThread]: On master: BEGIN
[0m16:16:31.837665 [debug] [MainThread]: Opening a new connection, currently in state closed
[0m16:16:31.839958 [debug] [MainThread]: SQL status: BEGIN in 0.0 seconds
[0m16:16:31.840118 [debug] [MainThread]: On master: COMMIT
[0m16:16:31.840277 [debug] [MainThread]: Using postgres connection "master"
[0m16:16:31.840450 [debug] [MainThread]: On master: COMMIT
[0m16:16:31.840665 [debug] [MainThread]: SQL status: COMMIT in 0.0 seconds
[0m16:16:31.840816 [debug] [MainThread]: On master: Close
[0m16:16:31.841086 [debug] [MainThread]: Connection 'master' was properly closed.
[0m16:16:31.841233 [debug] [MainThread]: Connection 'model.foodingo.user_funnel' was properly closed.
[0m16:16:31.841388 [debug] [MainThread]: Connection 'model.foodingo.ml_user_order_matrix' was properly closed.
[0m16:16:31.841583 [info ] [MainThread]: 
[0m16:16:31.841779 [info ] [MainThread]: Finished running 5 table models in 0 hours 0 minutes and 0.16 seconds (0.16s).
[0m16:16:31.842198 [debug] [MainThread]: Command end result
[0m16:16:31.846015 [info ] [MainThread]: 
[0m16:16:31.846235 [info ] [MainThread]: [31mCompleted with 2 errors and 0 warnings:[0m
[0m16:16:31.846423 [info ] [MainThread]: 
[0m16:16:31.846599 [error] [MainThread]:   Database Error in model food_popularity (models/marts/food_popularity.sql)
  column "ordered_items" does not exist
  LINE 21:         jsonb_array_elements(ordered_items) AS item
                                        ^
  compiled Code at target/run/foodingo/models/marts/food_popularity.sql
[0m16:16:31.846762 [info ] [MainThread]: 
[0m16:16:31.846903 [error] [MainThread]:   Database Error in model ml_user_order_matrix (models/marts/ml_user_order_matrix.sql)
  column "ordered_items" does not exist
  LINE 20:         jsonb_array_elements(ordered_items)->>'foodId' AS fo...
                                        ^
  compiled Code at target/run/foodingo/models/marts/ml_user_order_matrix.sql
[0m16:16:31.847091 [info ] [MainThread]: 
[0m16:16:31.847263 [info ] [MainThread]: Done. PASS=3 WARN=0 ERROR=2 SKIP=0 TOTAL=5
[0m16:16:31.847665 [debug] [MainThread]: Resource report: {"command_name": "run", "command_wall_clock_time": 0.30064526, "process_user_time": 1.188228, "process_kernel_time": 0.062959, "process_mem_max_rss": "161148", "process_in_blocks": "24", "process_out_blocks": "1701", "command_success": false}
[0m16:16:31.847901 [debug] [MainThread]: Command `dbt run` failed at 16:16:31.847850 after 0.30 seconds
[0m16:16:31.848084 [debug] [MainThread]: Sending event: {'category': 'dbt', 'action': 'invocation', 'label': 'end', 'context': [<snowplow_tracker.self_describing_json.SelfDescribingJson object at 0xffff8ee71c10>, <snowplow_tracker.self_describing_json.SelfDescribingJson object at 0xffff93d47590>, <snowplow_tracker.self_describing_json.SelfDescribingJson object at 0xffff8e3ac210>]}
[0m16:16:31.848259 [debug] [MainThread]: Flushing usage events
[0m16:17:33.389139 [debug] [MainThread]: Sending event: {'category': 'dbt', 'action': 'invocation', 'label': 'start', 'context': [<snowplow_tracker.self_describing_json.SelfDescribingJson object at 0xffffa6906850>, <snowplow_tracker.self_describing_json.SelfDescribingJson object at 0xffffa6ee4490>, <snowplow_tracker.self_describing_json.SelfDescribingJson object at 0xffffa6906310>]}


============================== 16:17:33.391784 | a0c7702a-8082-430e-ba3f-751bbdeb2c6f ==============================
[0m16:17:33.391784 [info ] [MainThread]: Running with dbt=1.7.9
[0m16:17:33.392165 [debug] [MainThread]: running dbt with arguments {'printer_width': '80', 'indirect_selection': 'eager', 'log_cache_events': 'False', 'write_json': 'True', 'partial_parse': 'True', 'cache_selected_only': 'False', 'profiles_dir': '/opt/airflow/dbt', 'fail_fast': 'False', 'version_check': 'True', 'log_path': '/opt/airflow/dbt/logs', 'warn_error': 'None', 'debug': 'False', 'use_colors': 'True', 'use_experimental_parser': 'False', 'no_print': 'None', 'quiet': 'False', 'warn_error_options': 'WarnErrorOptions(include=[], exclude=[])', 'static_parser': 'True', 'introspect': 'True', 'invocation_command': 'dbt run --profiles-dir /opt/airflow/dbt --project-dir /opt/airflow/dbt --select staging', 'target_path': 'None', 'log_format': 'default', 'send_anonymous_usage_stats': 'True'}
[0m16:17:33.471172 [debug] [MainThread]: Sending event: {'category': 'dbt', 'action': 'project_id', 'label': 'a0c7702a-8082-430e-ba3f-751bbdeb2c6f', 'context': [<snowplow_tracker.self_describing_json.SelfDescribingJson object at 0xffffa5caccd0>]}
[0m16:17:33.499658 [debug] [MainThread]: Sending event: {'category': 'dbt', 'action': 'adapter_info', 'label': 'a0c7702a-8082-430e-ba3f-751bbdeb2c6f', 'context': [<snowplow_tracker.self_describing_json.SelfDescribingJson object at 0xffffa6851050>]}
[0m16:17:33.500091 [info ] [MainThread]: Registered adapter: postgres=1.7.9
[0m16:17:33.503018 [debug] [MainThread]: checksum: 6ff0d83c3b46f350064523b4e08d9241403ad71d606ba49c4e670afba3668b39, vars: {}, profile: , target: , version: 1.7.9
[0m16:17:33.507076 [info ] [MainThread]: Unable to do partial parsing because env vars used in profiles.yml have changed
[0m16:17:33.507374 [debug] [MainThread]: Sending event: {'category': 'dbt', 'action': 'partial_parser', 'label': 'a0c7702a-8082-430e-ba3f-751bbdeb2c6f', 'context': [<snowplow_tracker.self_describing_json.SelfDescribingJson object at 0xffffa681dfd0>]}
[0m16:17:33.844943 [debug] [MainThread]: Sending event: {'category': 'dbt', 'action': 'load_project', 'label': 'a0c7702a-8082-430e-ba3f-751bbdeb2c6f', 'context': [<snowplow_tracker.self_describing_json.SelfDescribingJson object at 0xffffa5c2a710>]}
[0m16:17:33.856324 [debug] [MainThread]: Sending event: {'category': 'dbt', 'action': 'resource_counts', 'label': 'a0c7702a-8082-430e-ba3f-751bbdeb2c6f', 'context': [<snowplow_tracker.self_describing_json.SelfDescribingJson object at 0xffffa598e650>]}
[0m16:17:33.856764 [info ] [MainThread]: Found 10 models, 0 sources, 0 exposures, 0 metrics, 401 macros, 0 groups, 0 semantic models
[0m16:17:33.857115 [debug] [MainThread]: Sending event: {'category': 'dbt', 'action': 'runnable_timing', 'label': 'a0c7702a-8082-430e-ba3f-751bbdeb2c6f', 'context': [<snowplow_tracker.self_describing_json.SelfDescribingJson object at 0xffffa5cde550>]}
[0m16:17:33.858424 [info ] [MainThread]: 
[0m16:17:33.859027 [debug] [MainThread]: Acquiring new postgres connection 'master'
[0m16:17:33.859845 [debug] [ThreadPool]: Acquiring new postgres connection 'list_foodingo_warehouse'
[0m16:17:33.865118 [debug] [ThreadPool]: Using postgres connection "list_foodingo_warehouse"
[0m16:17:33.865475 [debug] [ThreadPool]: On list_foodingo_warehouse: /* {"app": "dbt", "dbt_version": "1.7.9", "profile_name": "foodingo", "target_name": "dev", "connection_name": "list_foodingo_warehouse"} */

    select distinct nspname from pg_namespace
  
[0m16:17:33.865688 [debug] [ThreadPool]: Opening a new connection, currently in state init
[0m16:17:33.867808 [debug] [ThreadPool]: Postgres adapter: Got a retryable error when attempting to open a postgres connection.
1 attempts remaining. Retrying in 0 seconds.
Error:
connection to server at "localhost" (::1), port 5432 failed: Connection refused
	Is the server running on that host and accepting TCP/IP connections?
connection to server at "localhost" (127.0.0.1), port 5432 failed: Connection refused
	Is the server running on that host and accepting TCP/IP connections?

[0m16:17:33.869326 [debug] [ThreadPool]: Postgres adapter: Error running SQL: /* {"app": "dbt", "dbt_version": "1.7.9", "profile_name": "foodingo", "target_name": "dev", "connection_name": "list_foodingo_warehouse"} */

    select distinct nspname from pg_namespace
  
[0m16:17:33.869627 [debug] [ThreadPool]: Postgres adapter: Rolling back transaction.
[0m16:17:33.869934 [debug] [ThreadPool]: Postgres adapter: Error running SQL: macro list_schemas
[0m16:17:33.870226 [debug] [ThreadPool]: Postgres adapter: Rolling back transaction.
[0m16:17:33.870432 [debug] [ThreadPool]: On list_foodingo_warehouse: No close available on handle
[0m16:17:33.871261 [debug] [MainThread]: Connection 'master' was properly closed.
[0m16:17:33.871474 [debug] [MainThread]: Connection 'list_foodingo_warehouse' was properly closed.
[0m16:17:33.871724 [info ] [MainThread]: 
[0m16:17:33.872147 [info ] [MainThread]: Finished running  in 0 hours 0 minutes and 0.01 seconds (0.01s).
[0m16:17:33.872847 [error] [MainThread]: Encountered an error:
Database Error
  connection to server at "localhost" (::1), port 5432 failed: Connection refused
  	Is the server running on that host and accepting TCP/IP connections?
  connection to server at "localhost" (127.0.0.1), port 5432 failed: Connection refused
  	Is the server running on that host and accepting TCP/IP connections?
  
[0m16:17:33.873736 [debug] [MainThread]: Resource report: {"command_name": "run", "command_wall_clock_time": 0.49978533, "process_user_time": 1.452856, "process_kernel_time": 0.115749, "process_mem_max_rss": "119520", "process_in_blocks": "6184", "process_out_blocks": "4038", "command_success": false}
[0m16:17:33.874125 [debug] [MainThread]: Command `dbt run` failed at 16:17:33.874031 after 0.50 seconds
[0m16:17:33.875592 [debug] [MainThread]: Sending event: {'category': 'dbt', 'action': 'invocation', 'label': 'end', 'context': [<snowplow_tracker.self_describing_json.SelfDescribingJson object at 0xffffa6905e10>, <snowplow_tracker.self_describing_json.SelfDescribingJson object at 0xffffa6c1ab90>, <snowplow_tracker.self_describing_json.SelfDescribingJson object at 0xffffa5cafb90>]}
[0m16:17:33.876640 [debug] [MainThread]: Flushing usage events
[0m16:17:52.057928 [debug] [MainThread]: Sending event: {'category': 'dbt', 'action': 'invocation', 'label': 'start', 'context': [<snowplow_tracker.self_describing_json.SelfDescribingJson object at 0xffff830c68d0>, <snowplow_tracker.self_describing_json.SelfDescribingJson object at 0xffff83887ad0>, <snowplow_tracker.self_describing_json.SelfDescribingJson object at 0xffff83887b50>]}


============================== 16:17:52.060329 | 1d589d96-42f0-40a0-98c9-59ba79ee2cd4 ==============================
[0m16:17:52.060329 [info ] [MainThread]: Running with dbt=1.7.9
[0m16:17:52.060700 [debug] [MainThread]: running dbt with arguments {'printer_width': '80', 'indirect_selection': 'eager', 'write_json': 'True', 'log_cache_events': 'False', 'partial_parse': 'True', 'cache_selected_only': 'False', 'warn_error': 'None', 'fail_fast': 'False', 'profiles_dir': '/opt/airflow/dbt', 'log_path': '/opt/airflow/dbt/logs', 'debug': 'False', 'version_check': 'True', 'use_colors': 'True', 'use_experimental_parser': 'False', 'no_print': 'None', 'quiet': 'False', 'warn_error_options': 'WarnErrorOptions(include=[], exclude=[])', 'introspect': 'True', 'log_format': 'default', 'static_parser': 'True', 'target_path': 'None', 'invocation_command': 'dbt run --profiles-dir /opt/airflow/dbt --project-dir /opt/airflow/dbt --select staging', 'send_anonymous_usage_stats': 'True'}
[0m16:17:52.120527 [debug] [MainThread]: Sending event: {'category': 'dbt', 'action': 'project_id', 'label': '1d589d96-42f0-40a0-98c9-59ba79ee2cd4', 'context': [<snowplow_tracker.self_describing_json.SelfDescribingJson object at 0xffff8225b4d0>]}
[0m16:17:52.149267 [debug] [MainThread]: Sending event: {'category': 'dbt', 'action': 'adapter_info', 'label': '1d589d96-42f0-40a0-98c9-59ba79ee2cd4', 'context': [<snowplow_tracker.self_describing_json.SelfDescribingJson object at 0xffff82dd9750>]}
[0m16:17:52.149628 [info ] [MainThread]: Registered adapter: postgres=1.7.9
[0m16:17:52.152499 [debug] [MainThread]: checksum: 6ff0d83c3b46f350064523b4e08d9241403ad71d606ba49c4e670afba3668b39, vars: {}, profile: , target: , version: 1.7.9
[0m16:17:52.158242 [info ] [MainThread]: Unable to do partial parsing because env vars used in profiles.yml have changed
[0m16:17:52.158529 [debug] [MainThread]: Sending event: {'category': 'dbt', 'action': 'partial_parser', 'label': '1d589d96-42f0-40a0-98c9-59ba79ee2cd4', 'context': [<snowplow_tracker.self_describing_json.SelfDescribingJson object at 0xffff81f3d9d0>]}
[0m16:17:52.456037 [debug] [MainThread]: Sending event: {'category': 'dbt', 'action': 'load_project', 'label': '1d589d96-42f0-40a0-98c9-59ba79ee2cd4', 'context': [<snowplow_tracker.self_describing_json.SelfDescribingJson object at 0xffff81f29010>]}
[0m16:17:52.461868 [debug] [MainThread]: Sending event: {'category': 'dbt', 'action': 'resource_counts', 'label': '1d589d96-42f0-40a0-98c9-59ba79ee2cd4', 'context': [<snowplow_tracker.self_describing_json.SelfDescribingJson object at 0xffff80bb46d0>]}
[0m16:17:52.462106 [info ] [MainThread]: Found 10 models, 0 sources, 0 exposures, 0 metrics, 401 macros, 0 groups, 0 semantic models
[0m16:17:52.462362 [debug] [MainThread]: Sending event: {'category': 'dbt', 'action': 'runnable_timing', 'label': '1d589d96-42f0-40a0-98c9-59ba79ee2cd4', 'context': [<snowplow_tracker.self_describing_json.SelfDescribingJson object at 0xffff822f1210>]}
[0m16:17:52.463113 [info ] [MainThread]: 
[0m16:17:52.463510 [debug] [MainThread]: Acquiring new postgres connection 'master'
[0m16:17:52.464120 [debug] [ThreadPool]: Acquiring new postgres connection 'list_foodingo_warehouse'
[0m16:17:52.467955 [debug] [ThreadPool]: Using postgres connection "list_foodingo_warehouse"
[0m16:17:52.468162 [debug] [ThreadPool]: On list_foodingo_warehouse: /* {"app": "dbt", "dbt_version": "1.7.9", "profile_name": "foodingo", "target_name": "dev", "connection_name": "list_foodingo_warehouse"} */

    select distinct nspname from pg_namespace
  
[0m16:17:52.468335 [debug] [ThreadPool]: Opening a new connection, currently in state init
[0m16:17:52.471805 [debug] [ThreadPool]: SQL status: SELECT 7 in 0.0 seconds
[0m16:17:52.472345 [debug] [ThreadPool]: On list_foodingo_warehouse: Close
[0m16:17:52.473195 [debug] [ThreadPool]: Re-using an available connection from the pool (formerly list_foodingo_warehouse, now list_foodingo_warehouse_analytics_analytics)
[0m16:17:52.475395 [debug] [ThreadPool]: Using postgres connection "list_foodingo_warehouse_analytics_analytics"
[0m16:17:52.475576 [debug] [ThreadPool]: On list_foodingo_warehouse_analytics_analytics: BEGIN
[0m16:17:52.475740 [debug] [ThreadPool]: Opening a new connection, currently in state closed
[0m16:17:52.477784 [debug] [ThreadPool]: SQL status: BEGIN in 0.0 seconds
[0m16:17:52.477984 [debug] [ThreadPool]: Using postgres connection "list_foodingo_warehouse_analytics_analytics"
[0m16:17:52.478150 [debug] [ThreadPool]: On list_foodingo_warehouse_analytics_analytics: /* {"app": "dbt", "dbt_version": "1.7.9", "profile_name": "foodingo", "target_name": "dev", "connection_name": "list_foodingo_warehouse_analytics_analytics"} */
select
      'foodingo_warehouse' as database,
      tablename as name,
      schemaname as schema,
      'table' as type
    from pg_tables
    where schemaname ilike 'analytics_analytics'
    union all
    select
      'foodingo_warehouse' as database,
      viewname as name,
      schemaname as schema,
      'view' as type
    from pg_views
    where schemaname ilike 'analytics_analytics'
    union all
    select
      'foodingo_warehouse' as database,
      matviewname as name,
      schemaname as schema,
      'materialized_view' as type
    from pg_matviews
    where schemaname ilike 'analytics_analytics'
  
[0m16:17:52.480167 [debug] [ThreadPool]: SQL status: SELECT 8 in 0.0 seconds
[0m16:17:52.480691 [debug] [ThreadPool]: On list_foodingo_warehouse_analytics_analytics: ROLLBACK
[0m16:17:52.480938 [debug] [ThreadPool]: On list_foodingo_warehouse_analytics_analytics: Close
[0m16:17:52.483213 [debug] [MainThread]: Using postgres connection "master"
[0m16:17:52.483390 [debug] [MainThread]: On master: BEGIN
[0m16:17:52.483549 [debug] [MainThread]: Opening a new connection, currently in state init
[0m16:17:52.485708 [debug] [MainThread]: SQL status: BEGIN in 0.0 seconds
[0m16:17:52.485924 [debug] [MainThread]: Using postgres connection "master"
[0m16:17:52.486114 [debug] [MainThread]: On master: /* {"app": "dbt", "dbt_version": "1.7.9", "profile_name": "foodingo", "target_name": "dev", "connection_name": "master"} */
with relation as (
        select
            pg_rewrite.ev_class as class,
            pg_rewrite.oid as id
        from pg_rewrite
    ),
    class as (
        select
            oid as id,
            relname as name,
            relnamespace as schema,
            relkind as kind
        from pg_class
    ),
    dependency as (
        select distinct
            pg_depend.objid as id,
            pg_depend.refobjid as ref
        from pg_depend
    ),
    schema as (
        select
            pg_namespace.oid as id,
            pg_namespace.nspname as name
        from pg_namespace
        where nspname != 'information_schema' and nspname not like 'pg\_%'
    ),
    referenced as (
        select
            relation.id AS id,
            referenced_class.name ,
            referenced_class.schema ,
            referenced_class.kind
        from relation
        join class as referenced_class on relation.class=referenced_class.id
        where referenced_class.kind in ('r', 'v', 'm')
    ),
    relationships as (
        select
            referenced.name as referenced_name,
            referenced.schema as referenced_schema_id,
            dependent_class.name as dependent_name,
            dependent_class.schema as dependent_schema_id,
            referenced.kind as kind
        from referenced
        join dependency on referenced.id=dependency.id
        join class as dependent_class on dependency.ref=dependent_class.id
        where
            (referenced.name != dependent_class.name or
             referenced.schema != dependent_class.schema)
    )

    select
        referenced_schema.name as referenced_schema,
        relationships.referenced_name as referenced_name,
        dependent_schema.name as dependent_schema,
        relationships.dependent_name as dependent_name
    from relationships
    join schema as dependent_schema on relationships.dependent_schema_id=dependent_schema.id
    join schema as referenced_schema on relationships.referenced_schema_id=referenced_schema.id
    group by referenced_schema, referenced_name, dependent_schema, dependent_name
    order by referenced_schema, referenced_name, dependent_schema, dependent_name;
[0m16:17:52.490404 [debug] [MainThread]: SQL status: SELECT 51 in 0.0 seconds
[0m16:17:52.491148 [debug] [MainThread]: Sending event: {'category': 'dbt', 'action': 'runnable_timing', 'label': '1d589d96-42f0-40a0-98c9-59ba79ee2cd4', 'context': [<snowplow_tracker.self_describing_json.SelfDescribingJson object at 0xffff820c5410>]}
[0m16:17:52.491370 [debug] [MainThread]: On master: ROLLBACK
[0m16:17:52.491582 [debug] [MainThread]: Using postgres connection "master"
[0m16:17:52.491748 [debug] [MainThread]: On master: BEGIN
[0m16:17:52.492004 [debug] [MainThread]: SQL status: BEGIN in 0.0 seconds
[0m16:17:52.492162 [debug] [MainThread]: On master: COMMIT
[0m16:17:52.492325 [debug] [MainThread]: Using postgres connection "master"
[0m16:17:52.492459 [debug] [MainThread]: On master: COMMIT
[0m16:17:52.492642 [debug] [MainThread]: SQL status: COMMIT in 0.0 seconds
[0m16:17:52.492790 [debug] [MainThread]: On master: Close
[0m16:17:52.493098 [info ] [MainThread]: Concurrency: 2 threads (target='dev')
[0m16:17:52.493364 [info ] [MainThread]: 
[0m16:17:52.496911 [debug] [Thread-1 (]: Began running node model.foodingo.stg_cart
[0m16:17:52.497081 [debug] [Thread-2 (]: Began running node model.foodingo.stg_orders
[0m16:17:52.497301 [info ] [Thread-1 (]: 1 of 3 START sql view model analytics_analytics.stg_cart ....................... [RUN]
[0m16:17:52.497625 [info ] [Thread-2 (]: 2 of 3 START sql view model analytics_analytics.stg_orders ..................... [RUN]
[0m16:17:52.498022 [debug] [Thread-1 (]: Re-using an available connection from the pool (formerly list_foodingo_warehouse_analytics_analytics, now model.foodingo.stg_cart)
[0m16:17:52.498326 [debug] [Thread-2 (]: Acquiring new postgres connection 'model.foodingo.stg_orders'
[0m16:17:52.498530 [debug] [Thread-1 (]: Began compiling node model.foodingo.stg_cart
[0m16:17:52.498704 [debug] [Thread-2 (]: Began compiling node model.foodingo.stg_orders
[0m16:17:52.501606 [debug] [Thread-1 (]: Writing injected SQL for node "model.foodingo.stg_cart"
[0m16:17:52.502608 [debug] [Thread-2 (]: Writing injected SQL for node "model.foodingo.stg_orders"
[0m16:17:52.503572 [debug] [Thread-2 (]: Timing info for model.foodingo.stg_orders (compile): 16:17:52.501745 => 16:17:52.503469
[0m16:17:52.503783 [debug] [Thread-1 (]: Timing info for model.foodingo.stg_cart (compile): 16:17:52.498862 => 16:17:52.503661
[0m16:17:52.504235 [debug] [Thread-1 (]: Began executing node model.foodingo.stg_cart
[0m16:17:52.503992 [debug] [Thread-2 (]: Began executing node model.foodingo.stg_orders
[0m16:17:52.519563 [debug] [Thread-2 (]: Writing runtime sql for node "model.foodingo.stg_orders"
[0m16:17:52.517869 [debug] [Thread-1 (]: Writing runtime sql for node "model.foodingo.stg_cart"
[0m16:17:52.520305 [debug] [Thread-2 (]: Using postgres connection "model.foodingo.stg_orders"
[0m16:17:52.520637 [debug] [Thread-2 (]: On model.foodingo.stg_orders: BEGIN
[0m16:17:52.520476 [debug] [Thread-1 (]: Using postgres connection "model.foodingo.stg_cart"
[0m16:17:52.521045 [debug] [Thread-1 (]: On model.foodingo.stg_cart: BEGIN
[0m16:17:52.520844 [debug] [Thread-2 (]: Opening a new connection, currently in state init
[0m16:17:52.521202 [debug] [Thread-1 (]: Opening a new connection, currently in state closed
[0m16:17:52.524087 [debug] [Thread-2 (]: SQL status: BEGIN in 0.0 seconds
[0m16:17:52.524299 [debug] [Thread-2 (]: Using postgres connection "model.foodingo.stg_orders"
[0m16:17:52.524681 [debug] [Thread-2 (]: On model.foodingo.stg_orders: /* {"app": "dbt", "dbt_version": "1.7.9", "profile_name": "foodingo", "target_name": "dev", "node_id": "model.foodingo.stg_orders"} */

  create view "foodingo_warehouse"."analytics_analytics"."stg_orders__dbt_tmp"
    
    
  as (
    -- models/staging/stg_orders.sql
-- Cleans raw order events: deduplicates, casts types, filters to paid orders only



WITH deduped AS (
    SELECT
        order_id,
        user_id,
        user_address,
        email,
        phone_number,
        amount::DECIMAL(10,2)   AS amount,
        payment_status,
        order_status,
        razorpay_order_id,
        razorpay_payment_id,
        ordered_items,
        event_type,
        event_timestamp,
        ingested_at,
        ROW_NUMBER() OVER (
            PARTITION BY order_id, event_type
            ORDER BY event_timestamp DESC
        ) AS rn
    FROM raw.order_events
    WHERE order_id IS NOT NULL
)

SELECT
    order_id,
    user_id,
    user_address,
    email,
    phone_number,
    amount,
    payment_status,
    order_status,
    razorpay_order_id,
    razorpay_payment_id,
    ordered_items,
    event_type,
    event_timestamp,
    ingested_at
FROM deduped
WHERE rn = 1
  );
[0m16:17:52.524538 [debug] [Thread-1 (]: SQL status: BEGIN in 0.0 seconds
[0m16:17:52.524965 [debug] [Thread-1 (]: Using postgres connection "model.foodingo.stg_cart"
[0m16:17:52.525167 [debug] [Thread-1 (]: On model.foodingo.stg_cart: /* {"app": "dbt", "dbt_version": "1.7.9", "profile_name": "foodingo", "target_name": "dev", "node_id": "model.foodingo.stg_cart"} */

  create view "foodingo_warehouse"."analytics_analytics"."stg_cart__dbt_tmp"
    
    
  as (
    -- models/staging/stg_cart.sql


SELECT
    user_id,
    food_id,
    quantity,
    event_type,
    event_timestamp,
    ingested_at
FROM raw.cart_events
WHERE user_id IS NOT NULL
  );
[0m16:17:52.526581 [debug] [Thread-1 (]: SQL status: CREATE VIEW in 0.0 seconds
[0m16:17:52.529017 [debug] [Thread-1 (]: Using postgres connection "model.foodingo.stg_cart"
[0m16:17:52.529294 [debug] [Thread-1 (]: On model.foodingo.stg_cart: /* {"app": "dbt", "dbt_version": "1.7.9", "profile_name": "foodingo", "target_name": "dev", "node_id": "model.foodingo.stg_cart"} */
alter table "foodingo_warehouse"."analytics_analytics"."stg_cart" rename to "stg_cart__dbt_backup"
[0m16:17:52.529163 [debug] [Thread-2 (]: SQL status: CREATE VIEW in 0.0 seconds
[0m16:17:52.530677 [debug] [Thread-2 (]: Using postgres connection "model.foodingo.stg_orders"
[0m16:17:52.530869 [debug] [Thread-1 (]: SQL status: ALTER TABLE in 0.0 seconds
[0m16:17:52.531051 [debug] [Thread-2 (]: On model.foodingo.stg_orders: /* {"app": "dbt", "dbt_version": "1.7.9", "profile_name": "foodingo", "target_name": "dev", "node_id": "model.foodingo.stg_orders"} */
alter table "foodingo_warehouse"."analytics_analytics"."stg_orders" rename to "stg_orders__dbt_backup"
[0m16:17:52.532182 [debug] [Thread-1 (]: Using postgres connection "model.foodingo.stg_cart"
[0m16:17:52.532425 [debug] [Thread-1 (]: On model.foodingo.stg_cart: /* {"app": "dbt", "dbt_version": "1.7.9", "profile_name": "foodingo", "target_name": "dev", "node_id": "model.foodingo.stg_cart"} */
alter table "foodingo_warehouse"."analytics_analytics"."stg_cart__dbt_tmp" rename to "stg_cart"
[0m16:17:52.532589 [debug] [Thread-2 (]: SQL status: ALTER TABLE in 0.0 seconds
[0m16:17:52.533662 [debug] [Thread-2 (]: Using postgres connection "model.foodingo.stg_orders"
[0m16:17:52.533988 [debug] [Thread-2 (]: On model.foodingo.stg_orders: /* {"app": "dbt", "dbt_version": "1.7.9", "profile_name": "foodingo", "target_name": "dev", "node_id": "model.foodingo.stg_orders"} */
alter table "foodingo_warehouse"."analytics_analytics"."stg_orders__dbt_tmp" rename to "stg_orders"
[0m16:17:52.533826 [debug] [Thread-1 (]: SQL status: ALTER TABLE in 0.0 seconds
[0m16:17:52.539835 [debug] [Thread-1 (]: On model.foodingo.stg_cart: COMMIT
[0m16:17:52.540159 [debug] [Thread-1 (]: Using postgres connection "model.foodingo.stg_cart"
[0m16:17:52.539993 [debug] [Thread-2 (]: SQL status: ALTER TABLE in 0.0 seconds
[0m16:17:52.541023 [debug] [Thread-2 (]: On model.foodingo.stg_orders: COMMIT
[0m16:17:52.540351 [debug] [Thread-1 (]: On model.foodingo.stg_cart: COMMIT
[0m16:17:52.541214 [debug] [Thread-2 (]: Using postgres connection "model.foodingo.stg_orders"
[0m16:17:52.541517 [debug] [Thread-2 (]: On model.foodingo.stg_orders: COMMIT
[0m16:17:52.542308 [debug] [Thread-1 (]: SQL status: COMMIT in 0.0 seconds
[0m16:17:52.542434 [debug] [Thread-2 (]: SQL status: COMMIT in 0.0 seconds
[0m16:17:52.545541 [debug] [Thread-2 (]: Applying DROP to: "foodingo_warehouse"."analytics_analytics"."stg_orders__dbt_backup"
[0m16:17:52.544599 [debug] [Thread-1 (]: Applying DROP to: "foodingo_warehouse"."analytics_analytics"."stg_cart__dbt_backup"
[0m16:17:52.548353 [debug] [Thread-1 (]: Using postgres connection "model.foodingo.stg_cart"
[0m16:17:52.547997 [debug] [Thread-2 (]: Using postgres connection "model.foodingo.stg_orders"
[0m16:17:52.548720 [debug] [Thread-2 (]: On model.foodingo.stg_orders: /* {"app": "dbt", "dbt_version": "1.7.9", "profile_name": "foodingo", "target_name": "dev", "node_id": "model.foodingo.stg_orders"} */
drop view if exists "foodingo_warehouse"."analytics_analytics"."stg_orders__dbt_backup" cascade
[0m16:17:52.548546 [debug] [Thread-1 (]: On model.foodingo.stg_cart: /* {"app": "dbt", "dbt_version": "1.7.9", "profile_name": "foodingo", "target_name": "dev", "node_id": "model.foodingo.stg_cart"} */
drop view if exists "foodingo_warehouse"."analytics_analytics"."stg_cart__dbt_backup" cascade
[0m16:17:52.549884 [debug] [Thread-1 (]: SQL status: DROP VIEW in 0.0 seconds
[0m16:17:52.550549 [debug] [Thread-1 (]: Timing info for model.foodingo.stg_cart (execute): 16:17:52.504371 => 16:17:52.550476
[0m16:17:52.550024 [debug] [Thread-2 (]: SQL status: DROP VIEW in 0.0 seconds
[0m16:17:52.551211 [debug] [Thread-2 (]: Timing info for model.foodingo.stg_orders (execute): 16:17:52.517996 => 16:17:52.551147
[0m16:17:52.550718 [debug] [Thread-1 (]: On model.foodingo.stg_cart: Close
[0m16:17:52.551363 [debug] [Thread-2 (]: On model.foodingo.stg_orders: Close
[0m16:17:52.552023 [debug] [Thread-2 (]: Sending event: {'category': 'dbt', 'action': 'run_model', 'label': '1d589d96-42f0-40a0-98c9-59ba79ee2cd4', 'context': [<snowplow_tracker.self_describing_json.SelfDescribingJson object at 0xffff80ad81d0>]}
[0m16:17:52.551702 [debug] [Thread-1 (]: Sending event: {'category': 'dbt', 'action': 'run_model', 'label': '1d589d96-42f0-40a0-98c9-59ba79ee2cd4', 'context': [<snowplow_tracker.self_describing_json.SelfDescribingJson object at 0xffff820c5a10>]}
[0m16:17:52.552552 [info ] [Thread-1 (]: 1 of 3 OK created sql view model analytics_analytics.stg_cart .................. [[32mCREATE VIEW[0m in 0.05s]
[0m16:17:52.552310 [info ] [Thread-2 (]: 2 of 3 OK created sql view model analytics_analytics.stg_orders ................ [[32mCREATE VIEW[0m in 0.05s]
[0m16:17:52.553117 [debug] [Thread-2 (]: Finished running node model.foodingo.stg_orders
[0m16:17:52.552886 [debug] [Thread-1 (]: Finished running node model.foodingo.stg_cart
[0m16:17:52.553293 [debug] [Thread-2 (]: Began running node model.foodingo.stg_users
[0m16:17:52.553560 [info ] [Thread-2 (]: 3 of 3 START sql view model analytics_analytics.stg_users ...................... [RUN]
[0m16:17:52.553918 [debug] [Thread-2 (]: Re-using an available connection from the pool (formerly model.foodingo.stg_orders, now model.foodingo.stg_users)
[0m16:17:52.554101 [debug] [Thread-2 (]: Began compiling node model.foodingo.stg_users
[0m16:17:52.555069 [debug] [Thread-2 (]: Writing injected SQL for node "model.foodingo.stg_users"
[0m16:17:52.555501 [debug] [Thread-2 (]: Timing info for model.foodingo.stg_users (compile): 16:17:52.554215 => 16:17:52.555420
[0m16:17:52.555645 [debug] [Thread-2 (]: Began executing node model.foodingo.stg_users
[0m16:17:52.557293 [debug] [Thread-2 (]: Writing runtime sql for node "model.foodingo.stg_users"
[0m16:17:52.557625 [debug] [Thread-2 (]: Using postgres connection "model.foodingo.stg_users"
[0m16:17:52.557783 [debug] [Thread-2 (]: On model.foodingo.stg_users: BEGIN
[0m16:17:52.557943 [debug] [Thread-2 (]: Opening a new connection, currently in state closed
[0m16:17:52.560409 [debug] [Thread-2 (]: SQL status: BEGIN in 0.0 seconds
[0m16:17:52.560612 [debug] [Thread-2 (]: Using postgres connection "model.foodingo.stg_users"
[0m16:17:52.560795 [debug] [Thread-2 (]: On model.foodingo.stg_users: /* {"app": "dbt", "dbt_version": "1.7.9", "profile_name": "foodingo", "target_name": "dev", "node_id": "model.foodingo.stg_users"} */

  create view "foodingo_warehouse"."analytics_analytics"."stg_users__dbt_tmp"
    
    
  as (
    -- models/staging/stg_users.sql


SELECT
    user_id,
    email,
    name,
    event_type,
    event_timestamp,
    ingested_at
FROM raw.user_events
WHERE user_id IS NOT NULL
  );
[0m16:17:52.561774 [debug] [Thread-2 (]: SQL status: CREATE VIEW in 0.0 seconds
[0m16:17:52.562871 [debug] [Thread-2 (]: Using postgres connection "model.foodingo.stg_users"
[0m16:17:52.563037 [debug] [Thread-2 (]: On model.foodingo.stg_users: /* {"app": "dbt", "dbt_version": "1.7.9", "profile_name": "foodingo", "target_name": "dev", "node_id": "model.foodingo.stg_users"} */
alter table "foodingo_warehouse"."analytics_analytics"."stg_users" rename to "stg_users__dbt_backup"
[0m16:17:52.563382 [debug] [Thread-2 (]: SQL status: ALTER TABLE in 0.0 seconds
[0m16:17:52.564466 [debug] [Thread-2 (]: Using postgres connection "model.foodingo.stg_users"
[0m16:17:52.564635 [debug] [Thread-2 (]: On model.foodingo.stg_users: /* {"app": "dbt", "dbt_version": "1.7.9", "profile_name": "foodingo", "target_name": "dev", "node_id": "model.foodingo.stg_users"} */
alter table "foodingo_warehouse"."analytics_analytics"."stg_users__dbt_tmp" rename to "stg_users"
[0m16:17:52.564968 [debug] [Thread-2 (]: SQL status: ALTER TABLE in 0.0 seconds
[0m16:17:52.565792 [debug] [Thread-2 (]: On model.foodingo.stg_users: COMMIT
[0m16:17:52.565979 [debug] [Thread-2 (]: Using postgres connection "model.foodingo.stg_users"
[0m16:17:52.566238 [debug] [Thread-2 (]: On model.foodingo.stg_users: COMMIT
[0m16:17:52.566909 [debug] [Thread-2 (]: SQL status: COMMIT in 0.0 seconds
[0m16:17:52.568030 [debug] [Thread-2 (]: Applying DROP to: "foodingo_warehouse"."analytics_analytics"."stg_users__dbt_backup"
[0m16:17:52.568511 [debug] [Thread-2 (]: Using postgres connection "model.foodingo.stg_users"
[0m16:17:52.568700 [debug] [Thread-2 (]: On model.foodingo.stg_users: /* {"app": "dbt", "dbt_version": "1.7.9", "profile_name": "foodingo", "target_name": "dev", "node_id": "model.foodingo.stg_users"} */
drop view if exists "foodingo_warehouse"."analytics_analytics"."stg_users__dbt_backup" cascade
[0m16:17:52.569672 [debug] [Thread-2 (]: SQL status: DROP VIEW in 0.0 seconds
[0m16:17:52.570336 [debug] [Thread-2 (]: Timing info for model.foodingo.stg_users (execute): 16:17:52.555753 => 16:17:52.570251
[0m16:17:52.570501 [debug] [Thread-2 (]: On model.foodingo.stg_users: Close
[0m16:17:52.570883 [debug] [Thread-2 (]: Sending event: {'category': 'dbt', 'action': 'run_model', 'label': '1d589d96-42f0-40a0-98c9-59ba79ee2cd4', 'context': [<snowplow_tracker.self_describing_json.SelfDescribingJson object at 0xffff82097cd0>]}
[0m16:17:52.571163 [info ] [Thread-2 (]: 3 of 3 OK created sql view model analytics_analytics.stg_users ................. [[32mCREATE VIEW[0m in 0.02s]
[0m16:17:52.571497 [debug] [Thread-2 (]: Finished running node model.foodingo.stg_users
[0m16:17:52.572336 [debug] [MainThread]: Using postgres connection "master"
[0m16:17:52.572524 [debug] [MainThread]: On master: BEGIN
[0m16:17:52.572684 [debug] [MainThread]: Opening a new connection, currently in state closed
[0m16:17:52.575219 [debug] [MainThread]: SQL status: BEGIN in 0.0 seconds
[0m16:17:52.575431 [debug] [MainThread]: On master: COMMIT
[0m16:17:52.575579 [debug] [MainThread]: Using postgres connection "master"
[0m16:17:52.575726 [debug] [MainThread]: On master: COMMIT
[0m16:17:52.575929 [debug] [MainThread]: SQL status: COMMIT in 0.0 seconds
[0m16:17:52.576108 [debug] [MainThread]: On master: Close
[0m16:17:52.576429 [debug] [MainThread]: Connection 'master' was properly closed.
[0m16:17:52.577080 [debug] [MainThread]: Connection 'model.foodingo.stg_cart' was properly closed.
[0m16:17:52.577260 [debug] [MainThread]: Connection 'model.foodingo.stg_users' was properly closed.
[0m16:17:52.577477 [info ] [MainThread]: 
[0m16:17:52.577702 [info ] [MainThread]: Finished running 3 view models in 0 hours 0 minutes and 0.11 seconds (0.11s).
[0m16:17:52.578144 [debug] [MainThread]: Command end result
[0m16:17:52.582386 [info ] [MainThread]: 
[0m16:17:52.582699 [info ] [MainThread]: [32mCompleted successfully[0m
[0m16:17:52.582998 [info ] [MainThread]: 
[0m16:17:52.583281 [info ] [MainThread]: Done. PASS=3 WARN=0 ERROR=0 SKIP=0 TOTAL=3
[0m16:17:52.583797 [debug] [MainThread]: Resource report: {"command_name": "run", "command_success": true, "command_wall_clock_time": 0.5402355, "process_user_time": 1.403292, "process_kernel_time": 0.066918, "process_mem_max_rss": "124992", "process_in_blocks": "24", "process_out_blocks": "2439"}
[0m16:17:52.584079 [debug] [MainThread]: Command `dbt run` succeeded at 16:17:52.584022 after 0.54 seconds
[0m16:17:52.584284 [debug] [MainThread]: Sending event: {'category': 'dbt', 'action': 'invocation', 'label': 'end', 'context': [<snowplow_tracker.self_describing_json.SelfDescribingJson object at 0xffff87f9b990>, <snowplow_tracker.self_describing_json.SelfDescribingJson object at 0xffff81f8fb90>, <snowplow_tracker.self_describing_json.SelfDescribingJson object at 0xffff87db3110>]}
[0m16:17:52.584496 [debug] [MainThread]: Flushing usage events
[0m16:18:40.993972 [debug] [MainThread]: Sending event: {'category': 'dbt', 'action': 'invocation', 'label': 'start', 'context': [<snowplow_tracker.self_describing_json.SelfDescribingJson object at 0xffffb3244110>, <snowplow_tracker.self_describing_json.SelfDescribingJson object at 0xffffb3112b90>, <snowplow_tracker.self_describing_json.SelfDescribingJson object at 0xffffb3244410>]}


============================== 16:18:40.997467 | 9df4c281-fe6a-4471-981d-5349b5a2d010 ==============================
[0m16:18:40.997467 [info ] [MainThread]: Running with dbt=1.7.9
[0m16:18:40.997866 [debug] [MainThread]: running dbt with arguments {'printer_width': '80', 'indirect_selection': 'eager', 'log_cache_events': 'False', 'write_json': 'True', 'partial_parse': 'True', 'cache_selected_only': 'False', 'profiles_dir': '/opt/airflow/dbt', 'debug': 'False', 'version_check': 'True', 'log_path': '/opt/airflow/dbt/logs', 'fail_fast': 'False', 'warn_error': 'None', 'use_colors': 'True', 'use_experimental_parser': 'False', 'no_print': 'None', 'quiet': 'False', 'log_format': 'default', 'invocation_command': 'dbt run --profiles-dir /opt/airflow/dbt --project-dir /opt/airflow/dbt', 'warn_error_options': 'WarnErrorOptions(include=[], exclude=[])', 'static_parser': 'True', 'target_path': 'None', 'introspect': 'True', 'send_anonymous_usage_stats': 'True'}
[0m16:18:41.061390 [debug] [MainThread]: Sending event: {'category': 'dbt', 'action': 'project_id', 'label': '9df4c281-fe6a-4471-981d-5349b5a2d010', 'context': [<snowplow_tracker.self_describing_json.SelfDescribingJson object at 0xffffb2e2f1d0>]}
[0m16:18:41.090993 [debug] [MainThread]: Sending event: {'category': 'dbt', 'action': 'adapter_info', 'label': '9df4c281-fe6a-4471-981d-5349b5a2d010', 'context': [<snowplow_tracker.self_describing_json.SelfDescribingJson object at 0xffffb2e57f50>]}
[0m16:18:41.091609 [info ] [MainThread]: Registered adapter: postgres=1.7.9
[0m16:18:41.095337 [debug] [MainThread]: checksum: 6ff0d83c3b46f350064523b4e08d9241403ad71d606ba49c4e670afba3668b39, vars: {}, profile: , target: , version: 1.7.9
[0m16:18:41.109200 [debug] [MainThread]: Partial parsing enabled: 0 files deleted, 0 files added, 0 files changed.
[0m16:18:41.109520 [debug] [MainThread]: Partial parsing enabled, no changes found, skipping parsing
[0m16:18:41.112219 [debug] [MainThread]: Sending event: {'category': 'dbt', 'action': 'load_project', 'label': '9df4c281-fe6a-4471-981d-5349b5a2d010', 'context': [<snowplow_tracker.self_describing_json.SelfDescribingJson object at 0xffffb22c0310>]}
[0m16:18:41.119613 [debug] [MainThread]: Sending event: {'category': 'dbt', 'action': 'resource_counts', 'label': '9df4c281-fe6a-4471-981d-5349b5a2d010', 'context': [<snowplow_tracker.self_describing_json.SelfDescribingJson object at 0xffffb1f7b750>]}
[0m16:18:41.119947 [info ] [MainThread]: Found 10 models, 0 sources, 0 exposures, 0 metrics, 401 macros, 0 groups, 0 semantic models
[0m16:18:41.120270 [debug] [MainThread]: Sending event: {'category': 'dbt', 'action': 'runnable_timing', 'label': '9df4c281-fe6a-4471-981d-5349b5a2d010', 'context': [<snowplow_tracker.self_describing_json.SelfDescribingJson object at 0xffffb22db210>]}
[0m16:18:41.121353 [info ] [MainThread]: 
[0m16:18:41.121894 [debug] [MainThread]: Acquiring new postgres connection 'master'
[0m16:18:41.122673 [debug] [ThreadPool]: Acquiring new postgres connection 'list_foodingo_warehouse'
[0m16:18:41.128608 [debug] [ThreadPool]: Using postgres connection "list_foodingo_warehouse"
[0m16:18:41.129046 [debug] [ThreadPool]: On list_foodingo_warehouse: /* {"app": "dbt", "dbt_version": "1.7.9", "profile_name": "foodingo", "target_name": "dev", "connection_name": "list_foodingo_warehouse"} */

    select distinct nspname from pg_namespace
  
[0m16:18:41.129547 [debug] [ThreadPool]: Opening a new connection, currently in state init
[0m16:18:41.135491 [debug] [ThreadPool]: SQL status: SELECT 7 in 0.0 seconds
[0m16:18:41.136202 [debug] [ThreadPool]: On list_foodingo_warehouse: Close
[0m16:18:41.137562 [debug] [ThreadPool]: Re-using an available connection from the pool (formerly list_foodingo_warehouse, now list_foodingo_warehouse_analytics_analytics)
[0m16:18:41.140151 [debug] [ThreadPool]: Using postgres connection "list_foodingo_warehouse_analytics_analytics"
[0m16:18:41.140345 [debug] [ThreadPool]: On list_foodingo_warehouse_analytics_analytics: BEGIN
[0m16:18:41.140540 [debug] [ThreadPool]: Opening a new connection, currently in state closed
[0m16:18:41.143044 [debug] [ThreadPool]: SQL status: BEGIN in 0.0 seconds
[0m16:18:41.143284 [debug] [ThreadPool]: Using postgres connection "list_foodingo_warehouse_analytics_analytics"
[0m16:18:41.143516 [debug] [ThreadPool]: On list_foodingo_warehouse_analytics_analytics: /* {"app": "dbt", "dbt_version": "1.7.9", "profile_name": "foodingo", "target_name": "dev", "connection_name": "list_foodingo_warehouse_analytics_analytics"} */
select
      'foodingo_warehouse' as database,
      tablename as name,
      schemaname as schema,
      'table' as type
    from pg_tables
    where schemaname ilike 'analytics_analytics'
    union all
    select
      'foodingo_warehouse' as database,
      viewname as name,
      schemaname as schema,
      'view' as type
    from pg_views
    where schemaname ilike 'analytics_analytics'
    union all
    select
      'foodingo_warehouse' as database,
      matviewname as name,
      schemaname as schema,
      'materialized_view' as type
    from pg_matviews
    where schemaname ilike 'analytics_analytics'
  
[0m16:18:41.145723 [debug] [ThreadPool]: SQL status: SELECT 8 in 0.0 seconds
[0m16:18:41.146257 [debug] [ThreadPool]: On list_foodingo_warehouse_analytics_analytics: ROLLBACK
[0m16:18:41.146511 [debug] [ThreadPool]: On list_foodingo_warehouse_analytics_analytics: Close
[0m16:18:41.149080 [debug] [MainThread]: Using postgres connection "master"
[0m16:18:41.149306 [debug] [MainThread]: On master: BEGIN
[0m16:18:41.149490 [debug] [MainThread]: Opening a new connection, currently in state init
[0m16:18:41.151965 [debug] [MainThread]: SQL status: BEGIN in 0.0 seconds
[0m16:18:41.152146 [debug] [MainThread]: Using postgres connection "master"
[0m16:18:41.152390 [debug] [MainThread]: On master: /* {"app": "dbt", "dbt_version": "1.7.9", "profile_name": "foodingo", "target_name": "dev", "connection_name": "master"} */
with relation as (
        select
            pg_rewrite.ev_class as class,
            pg_rewrite.oid as id
        from pg_rewrite
    ),
    class as (
        select
            oid as id,
            relname as name,
            relnamespace as schema,
            relkind as kind
        from pg_class
    ),
    dependency as (
        select distinct
            pg_depend.objid as id,
            pg_depend.refobjid as ref
        from pg_depend
    ),
    schema as (
        select
            pg_namespace.oid as id,
            pg_namespace.nspname as name
        from pg_namespace
        where nspname != 'information_schema' and nspname not like 'pg\_%'
    ),
    referenced as (
        select
            relation.id AS id,
            referenced_class.name ,
            referenced_class.schema ,
            referenced_class.kind
        from relation
        join class as referenced_class on relation.class=referenced_class.id
        where referenced_class.kind in ('r', 'v', 'm')
    ),
    relationships as (
        select
            referenced.name as referenced_name,
            referenced.schema as referenced_schema_id,
            dependent_class.name as dependent_name,
            dependent_class.schema as dependent_schema_id,
            referenced.kind as kind
        from referenced
        join dependency on referenced.id=dependency.id
        join class as dependent_class on dependency.ref=dependent_class.id
        where
            (referenced.name != dependent_class.name or
             referenced.schema != dependent_class.schema)
    )

    select
        referenced_schema.name as referenced_schema,
        relationships.referenced_name as referenced_name,
        dependent_schema.name as dependent_schema,
        relationships.dependent_name as dependent_name
    from relationships
    join schema as dependent_schema on relationships.dependent_schema_id=dependent_schema.id
    join schema as referenced_schema on relationships.referenced_schema_id=referenced_schema.id
    group by referenced_schema, referenced_name, dependent_schema, dependent_name
    order by referenced_schema, referenced_name, dependent_schema, dependent_name;
[0m16:18:41.156720 [debug] [MainThread]: SQL status: SELECT 51 in 0.0 seconds
[0m16:18:41.157496 [debug] [MainThread]: Sending event: {'category': 'dbt', 'action': 'runnable_timing', 'label': '9df4c281-fe6a-4471-981d-5349b5a2d010', 'context': [<snowplow_tracker.self_describing_json.SelfDescribingJson object at 0xffffb21e02d0>]}
[0m16:18:41.157729 [debug] [MainThread]: On master: ROLLBACK
[0m16:18:41.158038 [debug] [MainThread]: Using postgres connection "master"
[0m16:18:41.158258 [debug] [MainThread]: On master: BEGIN
[0m16:18:41.158576 [debug] [MainThread]: SQL status: BEGIN in 0.0 seconds
[0m16:18:41.158776 [debug] [MainThread]: On master: COMMIT
[0m16:18:41.158971 [debug] [MainThread]: Using postgres connection "master"
[0m16:18:41.159189 [debug] [MainThread]: On master: COMMIT
[0m16:18:41.159488 [debug] [MainThread]: SQL status: COMMIT in 0.0 seconds
[0m16:18:41.159735 [debug] [MainThread]: On master: Close
[0m16:18:41.160110 [info ] [MainThread]: Concurrency: 2 threads (target='dev')
[0m16:18:41.160451 [info ] [MainThread]: 
[0m16:18:41.164503 [debug] [Thread-1 (]: Began running node model.foodingo.stg_cart
[0m16:18:41.164708 [debug] [Thread-2 (]: Began running node model.foodingo.stg_orders
[0m16:18:41.164996 [info ] [Thread-1 (]: 1 of 10 START sql view model analytics_analytics.stg_cart ...................... [RUN]
[0m16:18:41.165347 [info ] [Thread-2 (]: 2 of 10 START sql view model analytics_analytics.stg_orders .................... [RUN]
[0m16:18:41.166119 [debug] [Thread-1 (]: Re-using an available connection from the pool (formerly list_foodingo_warehouse_analytics_analytics, now model.foodingo.stg_cart)
[0m16:18:41.166562 [debug] [Thread-2 (]: Acquiring new postgres connection 'model.foodingo.stg_orders'
[0m16:18:41.166796 [debug] [Thread-1 (]: Began compiling node model.foodingo.stg_cart
[0m16:18:41.167095 [debug] [Thread-2 (]: Began compiling node model.foodingo.stg_orders
[0m16:18:41.170095 [debug] [Thread-1 (]: Writing injected SQL for node "model.foodingo.stg_cart"
[0m16:18:41.171406 [debug] [Thread-2 (]: Writing injected SQL for node "model.foodingo.stg_orders"
[0m16:18:41.172201 [debug] [Thread-1 (]: Timing info for model.foodingo.stg_cart (compile): 16:18:41.167305 => 16:18:41.172107
[0m16:18:41.172383 [debug] [Thread-2 (]: Timing info for model.foodingo.stg_orders (compile): 16:18:41.170316 => 16:18:41.172298
[0m16:18:41.172829 [debug] [Thread-2 (]: Began executing node model.foodingo.stg_orders
[0m16:18:41.172622 [debug] [Thread-1 (]: Began executing node model.foodingo.stg_cart
[0m16:18:41.185947 [debug] [Thread-2 (]: Writing runtime sql for node "model.foodingo.stg_orders"
[0m16:18:41.187628 [debug] [Thread-1 (]: Writing runtime sql for node "model.foodingo.stg_cart"
[0m16:18:41.188318 [debug] [Thread-2 (]: Using postgres connection "model.foodingo.stg_orders"
[0m16:18:41.188678 [debug] [Thread-2 (]: On model.foodingo.stg_orders: BEGIN
[0m16:18:41.188839 [debug] [Thread-2 (]: Opening a new connection, currently in state init
[0m16:18:41.188564 [debug] [Thread-1 (]: Using postgres connection "model.foodingo.stg_cart"
[0m16:18:41.189165 [debug] [Thread-1 (]: On model.foodingo.stg_cart: BEGIN
[0m16:18:41.189561 [debug] [Thread-1 (]: Opening a new connection, currently in state closed
[0m16:18:41.192199 [debug] [Thread-2 (]: SQL status: BEGIN in 0.0 seconds
[0m16:18:41.192469 [debug] [Thread-2 (]: Using postgres connection "model.foodingo.stg_orders"
[0m16:18:41.192722 [debug] [Thread-2 (]: On model.foodingo.stg_orders: /* {"app": "dbt", "dbt_version": "1.7.9", "profile_name": "foodingo", "target_name": "dev", "node_id": "model.foodingo.stg_orders"} */

  create view "foodingo_warehouse"."analytics_analytics"."stg_orders__dbt_tmp"
    
    
  as (
    -- models/staging/stg_orders.sql
-- Cleans raw order events: deduplicates, casts types, filters to paid orders only



WITH deduped AS (
    SELECT
        order_id,
        user_id,
        user_address,
        email,
        phone_number,
        amount::DECIMAL(10,2)   AS amount,
        payment_status,
        order_status,
        razorpay_order_id,
        razorpay_payment_id,
        ordered_items,
        event_type,
        event_timestamp,
        ingested_at,
        ROW_NUMBER() OVER (
            PARTITION BY order_id, event_type
            ORDER BY event_timestamp DESC
        ) AS rn
    FROM raw.order_events
    WHERE order_id IS NOT NULL
)

SELECT
    order_id,
    user_id,
    user_address,
    email,
    phone_number,
    amount,
    payment_status,
    order_status,
    razorpay_order_id,
    razorpay_payment_id,
    ordered_items,
    event_type,
    event_timestamp,
    ingested_at
FROM deduped
WHERE rn = 1
  );
[0m16:18:41.192866 [debug] [Thread-1 (]: SQL status: BEGIN in 0.0 seconds
[0m16:18:41.193141 [debug] [Thread-1 (]: Using postgres connection "model.foodingo.stg_cart"
[0m16:18:41.193353 [debug] [Thread-1 (]: On model.foodingo.stg_cart: /* {"app": "dbt", "dbt_version": "1.7.9", "profile_name": "foodingo", "target_name": "dev", "node_id": "model.foodingo.stg_cart"} */

  create view "foodingo_warehouse"."analytics_analytics"."stg_cart__dbt_tmp"
    
    
  as (
    -- models/staging/stg_cart.sql


SELECT
    user_id,
    food_id,
    quantity,
    event_type,
    event_timestamp,
    ingested_at
FROM raw.cart_events
WHERE user_id IS NOT NULL
  );
[0m16:18:41.194819 [debug] [Thread-1 (]: SQL status: CREATE VIEW in 0.0 seconds
[0m16:18:41.198287 [debug] [Thread-1 (]: Using postgres connection "model.foodingo.stg_cart"
[0m16:18:41.198621 [debug] [Thread-1 (]: On model.foodingo.stg_cart: /* {"app": "dbt", "dbt_version": "1.7.9", "profile_name": "foodingo", "target_name": "dev", "node_id": "model.foodingo.stg_cart"} */
alter table "foodingo_warehouse"."analytics_analytics"."stg_cart" rename to "stg_cart__dbt_backup"
[0m16:18:41.198447 [debug] [Thread-2 (]: SQL status: CREATE VIEW in 0.0 seconds
[0m16:18:41.200491 [debug] [Thread-2 (]: Using postgres connection "model.foodingo.stg_orders"
[0m16:18:41.200871 [debug] [Thread-2 (]: On model.foodingo.stg_orders: /* {"app": "dbt", "dbt_version": "1.7.9", "profile_name": "foodingo", "target_name": "dev", "node_id": "model.foodingo.stg_orders"} */
alter table "foodingo_warehouse"."analytics_analytics"."stg_orders" rename to "stg_orders__dbt_backup"
[0m16:18:41.200691 [debug] [Thread-1 (]: SQL status: ALTER TABLE in 0.0 seconds
[0m16:18:41.202311 [debug] [Thread-1 (]: Using postgres connection "model.foodingo.stg_cart"
[0m16:18:41.202657 [debug] [Thread-1 (]: On model.foodingo.stg_cart: /* {"app": "dbt", "dbt_version": "1.7.9", "profile_name": "foodingo", "target_name": "dev", "node_id": "model.foodingo.stg_cart"} */
alter table "foodingo_warehouse"."analytics_analytics"."stg_cart__dbt_tmp" rename to "stg_cart"
[0m16:18:41.202501 [debug] [Thread-2 (]: SQL status: ALTER TABLE in 0.0 seconds
[0m16:18:41.203743 [debug] [Thread-2 (]: Using postgres connection "model.foodingo.stg_orders"
[0m16:18:41.203883 [debug] [Thread-1 (]: SQL status: ALTER TABLE in 0.0 seconds
[0m16:18:41.204023 [debug] [Thread-2 (]: On model.foodingo.stg_orders: /* {"app": "dbt", "dbt_version": "1.7.9", "profile_name": "foodingo", "target_name": "dev", "node_id": "model.foodingo.stg_orders"} */
alter table "foodingo_warehouse"."analytics_analytics"."stg_orders__dbt_tmp" rename to "stg_orders"
[0m16:18:41.210093 [debug] [Thread-1 (]: On model.foodingo.stg_cart: COMMIT
[0m16:18:41.210381 [debug] [Thread-1 (]: Using postgres connection "model.foodingo.stg_cart"
[0m16:18:41.210725 [debug] [Thread-1 (]: On model.foodingo.stg_cart: COMMIT
[0m16:18:41.210579 [debug] [Thread-2 (]: SQL status: ALTER TABLE in 0.0 seconds
[0m16:18:41.211586 [debug] [Thread-2 (]: On model.foodingo.stg_orders: COMMIT
[0m16:18:41.211717 [debug] [Thread-1 (]: SQL status: COMMIT in 0.0 seconds
[0m16:18:41.211850 [debug] [Thread-2 (]: Using postgres connection "model.foodingo.stg_orders"
[0m16:18:41.214613 [debug] [Thread-2 (]: On model.foodingo.stg_orders: COMMIT
[0m16:18:41.214388 [debug] [Thread-1 (]: Applying DROP to: "foodingo_warehouse"."analytics_analytics"."stg_cart__dbt_backup"
[0m16:18:41.216603 [debug] [Thread-1 (]: Using postgres connection "model.foodingo.stg_cart"
[0m16:18:41.216920 [debug] [Thread-1 (]: On model.foodingo.stg_cart: /* {"app": "dbt", "dbt_version": "1.7.9", "profile_name": "foodingo", "target_name": "dev", "node_id": "model.foodingo.stg_cart"} */
drop view if exists "foodingo_warehouse"."analytics_analytics"."stg_cart__dbt_backup" cascade
[0m16:18:41.216758 [debug] [Thread-2 (]: SQL status: COMMIT in 0.0 seconds
[0m16:18:41.218072 [debug] [Thread-2 (]: Applying DROP to: "foodingo_warehouse"."analytics_analytics"."stg_orders__dbt_backup"
[0m16:18:41.218563 [debug] [Thread-2 (]: Using postgres connection "model.foodingo.stg_orders"
[0m16:18:41.218216 [debug] [Thread-1 (]: SQL status: DROP VIEW in 0.0 seconds
[0m16:18:41.219302 [debug] [Thread-1 (]: Timing info for model.foodingo.stg_cart (execute): 16:18:41.186065 => 16:18:41.219205
[0m16:18:41.218724 [debug] [Thread-2 (]: On model.foodingo.stg_orders: /* {"app": "dbt", "dbt_version": "1.7.9", "profile_name": "foodingo", "target_name": "dev", "node_id": "model.foodingo.stg_orders"} */
drop view if exists "foodingo_warehouse"."analytics_analytics"."stg_orders__dbt_backup" cascade
[0m16:18:41.219492 [debug] [Thread-1 (]: On model.foodingo.stg_cart: Close
[0m16:18:41.219924 [debug] [Thread-1 (]: Sending event: {'category': 'dbt', 'action': 'run_model', 'label': '9df4c281-fe6a-4471-981d-5349b5a2d010', 'context': [<snowplow_tracker.self_describing_json.SelfDescribingJson object at 0xffffb1f78050>]}
[0m16:18:41.220262 [info ] [Thread-1 (]: 1 of 10 OK created sql view model analytics_analytics.stg_cart ................. [[32mCREATE VIEW[0m in 0.05s]
[0m16:18:41.220825 [debug] [Thread-1 (]: Finished running node model.foodingo.stg_cart
[0m16:18:41.220494 [debug] [Thread-2 (]: SQL status: DROP VIEW in 0.0 seconds
[0m16:18:41.221747 [debug] [Thread-2 (]: Timing info for model.foodingo.stg_orders (execute): 16:18:41.172951 => 16:18:41.221673
[0m16:18:41.221066 [debug] [Thread-1 (]: Began running node model.foodingo.stg_users
[0m16:18:41.222135 [info ] [Thread-1 (]: 3 of 10 START sql view model analytics_analytics.stg_users ..................... [RUN]
[0m16:18:41.221914 [debug] [Thread-2 (]: On model.foodingo.stg_orders: Close
[0m16:18:41.222923 [debug] [Thread-2 (]: Sending event: {'category': 'dbt', 'action': 'run_model', 'label': '9df4c281-fe6a-4471-981d-5349b5a2d010', 'context': [<snowplow_tracker.self_describing_json.SelfDescribingJson object at 0xffffb222edd0>]}
[0m16:18:41.222488 [debug] [Thread-1 (]: Re-using an available connection from the pool (formerly model.foodingo.stg_cart, now model.foodingo.stg_users)
[0m16:18:41.223395 [debug] [Thread-1 (]: Began compiling node model.foodingo.stg_users
[0m16:18:41.223205 [info ] [Thread-2 (]: 2 of 10 OK created sql view model analytics_analytics.stg_orders ............... [[32mCREATE VIEW[0m in 0.06s]
[0m16:18:41.224939 [debug] [Thread-1 (]: Writing injected SQL for node "model.foodingo.stg_users"
[0m16:18:41.225237 [debug] [Thread-2 (]: Finished running node model.foodingo.stg_orders
[0m16:18:41.225645 [debug] [Thread-2 (]: Began running node model.foodingo.fact_cart_events
[0m16:18:41.225982 [info ] [Thread-2 (]: 4 of 10 START sql table model analytics_analytics.fact_cart_events ............. [RUN]
[0m16:18:41.226592 [debug] [Thread-2 (]: Re-using an available connection from the pool (formerly model.foodingo.stg_orders, now model.foodingo.fact_cart_events)
[0m16:18:41.226181 [debug] [Thread-1 (]: Timing info for model.foodingo.stg_users (compile): 16:18:41.223866 => 16:18:41.226097
[0m16:18:41.226995 [debug] [Thread-1 (]: Began executing node model.foodingo.stg_users
[0m16:18:41.226792 [debug] [Thread-2 (]: Began compiling node model.foodingo.fact_cart_events
[0m16:18:41.229091 [debug] [Thread-1 (]: Writing runtime sql for node "model.foodingo.stg_users"
[0m16:18:41.230396 [debug] [Thread-2 (]: Writing injected SQL for node "model.foodingo.fact_cart_events"
[0m16:18:41.231183 [debug] [Thread-1 (]: Using postgres connection "model.foodingo.stg_users"
[0m16:18:41.231663 [debug] [Thread-1 (]: On model.foodingo.stg_users: BEGIN
[0m16:18:41.231832 [debug] [Thread-1 (]: Opening a new connection, currently in state closed
[0m16:18:41.231524 [debug] [Thread-2 (]: Timing info for model.foodingo.fact_cart_events (compile): 16:18:41.229262 => 16:18:41.231412
[0m16:18:41.232204 [debug] [Thread-2 (]: Began executing node model.foodingo.fact_cart_events
[0m16:18:41.241771 [debug] [Thread-2 (]: Writing runtime sql for node "model.foodingo.fact_cart_events"
[0m16:18:41.241972 [debug] [Thread-1 (]: SQL status: BEGIN in 0.0 seconds
[0m16:18:41.242315 [debug] [Thread-1 (]: Using postgres connection "model.foodingo.stg_users"
[0m16:18:41.242721 [debug] [Thread-1 (]: On model.foodingo.stg_users: /* {"app": "dbt", "dbt_version": "1.7.9", "profile_name": "foodingo", "target_name": "dev", "node_id": "model.foodingo.stg_users"} */

  create view "foodingo_warehouse"."analytics_analytics"."stg_users__dbt_tmp"
    
    
  as (
    -- models/staging/stg_users.sql


SELECT
    user_id,
    email,
    name,
    event_type,
    event_timestamp,
    ingested_at
FROM raw.user_events
WHERE user_id IS NOT NULL
  );
[0m16:18:41.242942 [debug] [Thread-2 (]: Using postgres connection "model.foodingo.fact_cart_events"
[0m16:18:41.243165 [debug] [Thread-2 (]: On model.foodingo.fact_cart_events: BEGIN
[0m16:18:41.243369 [debug] [Thread-2 (]: Opening a new connection, currently in state closed
[0m16:18:41.244051 [debug] [Thread-1 (]: SQL status: CREATE VIEW in 0.0 seconds
[0m16:18:41.246194 [debug] [Thread-1 (]: Using postgres connection "model.foodingo.stg_users"
[0m16:18:41.246411 [debug] [Thread-1 (]: On model.foodingo.stg_users: /* {"app": "dbt", "dbt_version": "1.7.9", "profile_name": "foodingo", "target_name": "dev", "node_id": "model.foodingo.stg_users"} */
alter table "foodingo_warehouse"."analytics_analytics"."stg_users" rename to "stg_users__dbt_backup"
[0m16:18:41.246593 [debug] [Thread-2 (]: SQL status: BEGIN in 0.0 seconds
[0m16:18:41.246781 [debug] [Thread-2 (]: Using postgres connection "model.foodingo.fact_cart_events"
[0m16:18:41.247103 [debug] [Thread-2 (]: On model.foodingo.fact_cart_events: /* {"app": "dbt", "dbt_version": "1.7.9", "profile_name": "foodingo", "target_name": "dev", "node_id": "model.foodingo.fact_cart_events"} */

  
    

  create  table "foodingo_warehouse"."analytics_analytics"."fact_cart_events__dbt_tmp"
  
  
    as
  
  (
    -- models/facts/fact_cart_events.sql


SELECT
    user_id,
    food_id,
    quantity,
    event_type,
    DATE(event_timestamp)               AS event_date,
    EXTRACT(HOUR FROM event_timestamp)  AS event_hour,
    event_timestamp                     AS event_time
FROM "foodingo_warehouse"."analytics_analytics"."stg_cart"
  );
  
[0m16:18:41.246924 [debug] [Thread-1 (]: SQL status: ALTER TABLE in 0.0 seconds
[0m16:18:41.249595 [debug] [Thread-1 (]: Using postgres connection "model.foodingo.stg_users"
[0m16:18:41.249904 [debug] [Thread-1 (]: On model.foodingo.stg_users: /* {"app": "dbt", "dbt_version": "1.7.9", "profile_name": "foodingo", "target_name": "dev", "node_id": "model.foodingo.stg_users"} */
alter table "foodingo_warehouse"."analytics_analytics"."stg_users__dbt_tmp" rename to "stg_users"
[0m16:18:41.249753 [debug] [Thread-2 (]: SQL status: SELECT 15 in 0.0 seconds
[0m16:18:41.274294 [debug] [Thread-1 (]: SQL status: ALTER TABLE in 0.0 seconds
[0m16:18:41.275411 [debug] [Thread-2 (]: Using postgres connection "model.foodingo.fact_cart_events"
[0m16:18:41.276546 [debug] [Thread-2 (]: On model.foodingo.fact_cart_events: /* {"app": "dbt", "dbt_version": "1.7.9", "profile_name": "foodingo", "target_name": "dev", "node_id": "model.foodingo.fact_cart_events"} */
alter table "foodingo_warehouse"."analytics_analytics"."fact_cart_events" rename to "fact_cart_events__dbt_backup"
[0m16:18:41.276335 [debug] [Thread-1 (]: On model.foodingo.stg_users: COMMIT
[0m16:18:41.276786 [debug] [Thread-1 (]: Using postgres connection "model.foodingo.stg_users"
[0m16:18:41.277092 [debug] [Thread-1 (]: On model.foodingo.stg_users: COMMIT
[0m16:18:41.276944 [debug] [Thread-2 (]: SQL status: ALTER TABLE in 0.0 seconds
[0m16:18:41.278301 [debug] [Thread-2 (]: Using postgres connection "model.foodingo.fact_cart_events"
[0m16:18:41.278430 [debug] [Thread-1 (]: SQL status: COMMIT in 0.0 seconds
[0m16:18:41.278613 [debug] [Thread-2 (]: On model.foodingo.fact_cart_events: /* {"app": "dbt", "dbt_version": "1.7.9", "profile_name": "foodingo", "target_name": "dev", "node_id": "model.foodingo.fact_cart_events"} */
alter table "foodingo_warehouse"."analytics_analytics"."fact_cart_events__dbt_tmp" rename to "fact_cart_events"
[0m16:18:41.279588 [debug] [Thread-1 (]: Applying DROP to: "foodingo_warehouse"."analytics_analytics"."stg_users__dbt_backup"
[0m16:18:41.280116 [debug] [Thread-1 (]: Using postgres connection "model.foodingo.stg_users"
[0m16:18:41.280264 [debug] [Thread-2 (]: SQL status: ALTER TABLE in 0.0 seconds
[0m16:18:41.280406 [debug] [Thread-1 (]: On model.foodingo.stg_users: /* {"app": "dbt", "dbt_version": "1.7.9", "profile_name": "foodingo", "target_name": "dev", "node_id": "model.foodingo.stg_users"} */
drop view if exists "foodingo_warehouse"."analytics_analytics"."stg_users__dbt_backup" cascade
[0m16:18:41.282432 [debug] [Thread-2 (]: On model.foodingo.fact_cart_events: COMMIT
[0m16:18:41.282694 [debug] [Thread-2 (]: Using postgres connection "model.foodingo.fact_cart_events"
[0m16:18:41.282895 [debug] [Thread-2 (]: On model.foodingo.fact_cart_events: COMMIT
[0m16:18:41.283327 [debug] [Thread-2 (]: SQL status: COMMIT in 0.0 seconds
[0m16:18:41.283951 [debug] [Thread-1 (]: SQL status: DROP VIEW in 0.0 seconds
[0m16:18:41.285074 [debug] [Thread-2 (]: Applying DROP to: "foodingo_warehouse"."analytics_analytics"."fact_cart_events__dbt_backup"
[0m16:18:41.285802 [debug] [Thread-1 (]: Timing info for model.foodingo.stg_users (execute): 16:18:41.227131 => 16:18:41.285661
[0m16:18:41.287327 [debug] [Thread-1 (]: On model.foodingo.stg_users: Close
[0m16:18:41.287129 [debug] [Thread-2 (]: Using postgres connection "model.foodingo.fact_cart_events"
[0m16:18:41.287889 [debug] [Thread-2 (]: On model.foodingo.fact_cart_events: /* {"app": "dbt", "dbt_version": "1.7.9", "profile_name": "foodingo", "target_name": "dev", "node_id": "model.foodingo.fact_cart_events"} */
drop table if exists "foodingo_warehouse"."analytics_analytics"."fact_cart_events__dbt_backup" cascade
[0m16:18:41.287714 [debug] [Thread-1 (]: Sending event: {'category': 'dbt', 'action': 'run_model', 'label': '9df4c281-fe6a-4471-981d-5349b5a2d010', 'context': [<snowplow_tracker.self_describing_json.SelfDescribingJson object at 0xffffb1f22e90>]}
[0m16:18:41.288262 [info ] [Thread-1 (]: 3 of 10 OK created sql view model analytics_analytics.stg_users ................ [[32mCREATE VIEW[0m in 0.07s]
[0m16:18:41.288570 [debug] [Thread-1 (]: Finished running node model.foodingo.stg_users
[0m16:18:41.288977 [debug] [Thread-1 (]: Began running node model.foodingo.fact_orders
[0m16:18:41.289349 [info ] [Thread-1 (]: 5 of 10 START sql table model analytics_analytics.fact_orders .................. [RUN]
[0m16:18:41.289992 [debug] [Thread-1 (]: Re-using an available connection from the pool (formerly model.foodingo.stg_users, now model.foodingo.fact_orders)
[0m16:18:41.289677 [debug] [Thread-2 (]: SQL status: DROP TABLE in 0.0 seconds
[0m16:18:41.290994 [debug] [Thread-2 (]: Timing info for model.foodingo.fact_cart_events (execute): 16:18:41.232633 => 16:18:41.290870
[0m16:18:41.290190 [debug] [Thread-1 (]: Began compiling node model.foodingo.fact_orders
[0m16:18:41.291315 [debug] [Thread-2 (]: On model.foodingo.fact_cart_events: Close
[0m16:18:41.292900 [debug] [Thread-1 (]: Writing injected SQL for node "model.foodingo.fact_orders"
[0m16:18:41.293338 [debug] [Thread-2 (]: Sending event: {'category': 'dbt', 'action': 'run_model', 'label': '9df4c281-fe6a-4471-981d-5349b5a2d010', 'context': [<snowplow_tracker.self_describing_json.SelfDescribingJson object at 0xffffb1ef4b10>]}
[0m16:18:41.293997 [info ] [Thread-2 (]: 4 of 10 OK created sql table model analytics_analytics.fact_cart_events ........ [[32mSELECT 15[0m in 0.07s]
[0m16:18:41.294421 [debug] [Thread-2 (]: Finished running node model.foodingo.fact_cart_events
[0m16:18:41.294609 [debug] [Thread-1 (]: Timing info for model.foodingo.fact_orders (compile): 16:18:41.291555 => 16:18:41.294524
[0m16:18:41.294911 [debug] [Thread-1 (]: Began executing node model.foodingo.fact_orders
[0m16:18:41.296959 [debug] [Thread-1 (]: Writing runtime sql for node "model.foodingo.fact_orders"
[0m16:18:41.297450 [debug] [Thread-1 (]: Using postgres connection "model.foodingo.fact_orders"
[0m16:18:41.297615 [debug] [Thread-1 (]: On model.foodingo.fact_orders: BEGIN
[0m16:18:41.297817 [debug] [Thread-1 (]: Opening a new connection, currently in state closed
[0m16:18:41.300388 [debug] [Thread-1 (]: SQL status: BEGIN in 0.0 seconds
[0m16:18:41.300612 [debug] [Thread-1 (]: Using postgres connection "model.foodingo.fact_orders"
[0m16:18:41.300798 [debug] [Thread-1 (]: On model.foodingo.fact_orders: /* {"app": "dbt", "dbt_version": "1.7.9", "profile_name": "foodingo", "target_name": "dev", "node_id": "model.foodingo.fact_orders"} */

  
    

  create  table "foodingo_warehouse"."analytics_analytics"."fact_orders__dbt_tmp"
  
  
    as
  
  (
    -- models/facts/fact_orders.sql
-- One row per paid order — the primary fact table for revenue analytics



SELECT
    order_id,
    user_id,
    amount,
    payment_status,
    order_status,
    jsonb_array_length(ordered_items)   AS item_count,
    DATE(event_timestamp)               AS order_date,
    EXTRACT(HOUR FROM event_timestamp)  AS order_hour,
    event_timestamp                     AS created_at
FROM "foodingo_warehouse"."analytics_analytics"."stg_orders"
WHERE event_type = 'order.created'
  AND payment_status IS NOT NULL
  );
  
[0m16:18:41.304045 [debug] [Thread-1 (]: SQL status: SELECT 1 in 0.0 seconds
[0m16:18:41.305648 [debug] [Thread-1 (]: Using postgres connection "model.foodingo.fact_orders"
[0m16:18:41.305860 [debug] [Thread-1 (]: On model.foodingo.fact_orders: /* {"app": "dbt", "dbt_version": "1.7.9", "profile_name": "foodingo", "target_name": "dev", "node_id": "model.foodingo.fact_orders"} */
alter table "foodingo_warehouse"."analytics_analytics"."fact_orders" rename to "fact_orders__dbt_backup"
[0m16:18:41.306188 [debug] [Thread-1 (]: SQL status: ALTER TABLE in 0.0 seconds
[0m16:18:41.307283 [debug] [Thread-1 (]: Using postgres connection "model.foodingo.fact_orders"
[0m16:18:41.307481 [debug] [Thread-1 (]: On model.foodingo.fact_orders: /* {"app": "dbt", "dbt_version": "1.7.9", "profile_name": "foodingo", "target_name": "dev", "node_id": "model.foodingo.fact_orders"} */
alter table "foodingo_warehouse"."analytics_analytics"."fact_orders__dbt_tmp" rename to "fact_orders"
[0m16:18:41.307773 [debug] [Thread-1 (]: SQL status: ALTER TABLE in 0.0 seconds
[0m16:18:41.308654 [debug] [Thread-1 (]: On model.foodingo.fact_orders: COMMIT
[0m16:18:41.308843 [debug] [Thread-1 (]: Using postgres connection "model.foodingo.fact_orders"
[0m16:18:41.308998 [debug] [Thread-1 (]: On model.foodingo.fact_orders: COMMIT
[0m16:18:41.309527 [debug] [Thread-1 (]: SQL status: COMMIT in 0.0 seconds
[0m16:18:41.310427 [debug] [Thread-1 (]: Applying DROP to: "foodingo_warehouse"."analytics_analytics"."fact_orders__dbt_backup"
[0m16:18:41.310795 [debug] [Thread-1 (]: Using postgres connection "model.foodingo.fact_orders"
[0m16:18:41.310946 [debug] [Thread-1 (]: On model.foodingo.fact_orders: /* {"app": "dbt", "dbt_version": "1.7.9", "profile_name": "foodingo", "target_name": "dev", "node_id": "model.foodingo.fact_orders"} */
drop table if exists "foodingo_warehouse"."analytics_analytics"."fact_orders__dbt_backup" cascade
[0m16:18:41.311894 [debug] [Thread-1 (]: SQL status: DROP TABLE in 0.0 seconds
[0m16:18:41.312419 [debug] [Thread-1 (]: Timing info for model.foodingo.fact_orders (execute): 16:18:41.295036 => 16:18:41.312346
[0m16:18:41.312593 [debug] [Thread-1 (]: On model.foodingo.fact_orders: Close
[0m16:18:41.312943 [debug] [Thread-1 (]: Sending event: {'category': 'dbt', 'action': 'run_model', 'label': '9df4c281-fe6a-4471-981d-5349b5a2d010', 'context': [<snowplow_tracker.self_describing_json.SelfDescribingJson object at 0xffffb1f78a10>]}
[0m16:18:41.313219 [info ] [Thread-1 (]: 5 of 10 OK created sql table model analytics_analytics.fact_orders ............. [[32mSELECT 1[0m in 0.02s]
[0m16:18:41.313528 [debug] [Thread-1 (]: Finished running node model.foodingo.fact_orders
[0m16:18:41.314021 [debug] [Thread-2 (]: Began running node model.foodingo.cart_abandonment
[0m16:18:41.314382 [info ] [Thread-2 (]: 6 of 10 START sql table model analytics_analytics.cart_abandonment ............. [RUN]
[0m16:18:41.314188 [debug] [Thread-1 (]: Began running node model.foodingo.daily_revenue
[0m16:18:41.314937 [info ] [Thread-1 (]: 7 of 10 START sql table model analytics_analytics.daily_revenue ................ [RUN]
[0m16:18:41.314696 [debug] [Thread-2 (]: Re-using an available connection from the pool (formerly model.foodingo.fact_cart_events, now model.foodingo.cart_abandonment)
[0m16:18:41.315541 [debug] [Thread-2 (]: Began compiling node model.foodingo.cart_abandonment
[0m16:18:41.315353 [debug] [Thread-1 (]: Re-using an available connection from the pool (formerly model.foodingo.fact_orders, now model.foodingo.daily_revenue)
[0m16:18:41.317017 [debug] [Thread-2 (]: Writing injected SQL for node "model.foodingo.cart_abandonment"
[0m16:18:41.317255 [debug] [Thread-1 (]: Began compiling node model.foodingo.daily_revenue
[0m16:18:41.318538 [debug] [Thread-1 (]: Writing injected SQL for node "model.foodingo.daily_revenue"
[0m16:18:41.318909 [debug] [Thread-2 (]: Timing info for model.foodingo.cart_abandonment (compile): 16:18:41.315654 => 16:18:41.318816
[0m16:18:41.319144 [debug] [Thread-2 (]: Began executing node model.foodingo.cart_abandonment
[0m16:18:41.319412 [debug] [Thread-1 (]: Timing info for model.foodingo.daily_revenue (compile): 16:18:41.317490 => 16:18:41.319317
[0m16:18:41.322238 [debug] [Thread-2 (]: Writing runtime sql for node "model.foodingo.cart_abandonment"
[0m16:18:41.322474 [debug] [Thread-1 (]: Began executing node model.foodingo.daily_revenue
[0m16:18:41.324250 [debug] [Thread-1 (]: Writing runtime sql for node "model.foodingo.daily_revenue"
[0m16:18:41.324718 [debug] [Thread-2 (]: Using postgres connection "model.foodingo.cart_abandonment"
[0m16:18:41.324969 [debug] [Thread-2 (]: On model.foodingo.cart_abandonment: BEGIN
[0m16:18:41.325129 [debug] [Thread-1 (]: Using postgres connection "model.foodingo.daily_revenue"
[0m16:18:41.325465 [debug] [Thread-1 (]: On model.foodingo.daily_revenue: BEGIN
[0m16:18:41.325295 [debug] [Thread-2 (]: Opening a new connection, currently in state closed
[0m16:18:41.325617 [debug] [Thread-1 (]: Opening a new connection, currently in state closed
[0m16:18:41.328231 [debug] [Thread-1 (]: SQL status: BEGIN in 0.0 seconds
[0m16:18:41.328429 [debug] [Thread-1 (]: Using postgres connection "model.foodingo.daily_revenue"
[0m16:18:41.328626 [debug] [Thread-1 (]: On model.foodingo.daily_revenue: /* {"app": "dbt", "dbt_version": "1.7.9", "profile_name": "foodingo", "target_name": "dev", "node_id": "model.foodingo.daily_revenue"} */

  
    

  create  table "foodingo_warehouse"."analytics_analytics"."daily_revenue__dbt_tmp"
  
  
    as
  
  (
    -- models/marts/daily_revenue.sql


SELECT
    order_date                          AS revenue_date,
    SUM(amount)                         AS total_revenue,
    COUNT(order_id)                     AS order_count,
    AVG(amount)                         AS avg_order_value,
    COUNT(DISTINCT user_id)             AS unique_users
FROM "foodingo_warehouse"."analytics_analytics"."fact_orders"
WHERE payment_status = 'paid'
GROUP BY order_date
ORDER BY order_date DESC
  );
  
[0m16:18:41.328809 [debug] [Thread-2 (]: SQL status: BEGIN in 0.0 seconds
[0m16:18:41.329063 [debug] [Thread-2 (]: Using postgres connection "model.foodingo.cart_abandonment"
[0m16:18:41.329380 [debug] [Thread-2 (]: On model.foodingo.cart_abandonment: /* {"app": "dbt", "dbt_version": "1.7.9", "profile_name": "foodingo", "target_name": "dev", "node_id": "model.foodingo.cart_abandonment"} */

  
    

  create  table "foodingo_warehouse"."analytics_analytics"."cart_abandonment__dbt_tmp"
  
  
    as
  
  (
    -- models/marts/cart_abandonment.sql
-- Identifies users who added to cart but did NOT place an order within 24 hours



WITH cart_users AS (
    SELECT
        user_id,
        MAX(event_time)                 AS last_cart_time,
        COUNT(DISTINCT food_id)         AS cart_item_count
    FROM "foodingo_warehouse"."analytics_analytics"."fact_cart_events"
    WHERE event_type = 'cart.item_added'
    GROUP BY user_id
),

order_users AS (
    SELECT DISTINCT user_id
    FROM "foodingo_warehouse"."analytics_analytics"."fact_orders"
    WHERE payment_status = 'paid'
)

SELECT
    c.user_id,
    c.last_cart_time,
    c.cart_item_count,
    EXTRACT(DAY FROM NOW() - c.last_cart_time)::INT     AS days_since_cart,
    (o.user_id IS NOT NULL)                             AS has_ordered_after
FROM cart_users c
LEFT JOIN order_users o ON c.user_id = o.user_id
ORDER BY days_since_cart DESC
  );
  
[0m16:18:41.331556 [debug] [Thread-2 (]: SQL status: SELECT 3 in 0.0 seconds
[0m16:18:41.331694 [debug] [Thread-1 (]: SQL status: SELECT 0 in 0.0 seconds
[0m16:18:41.333204 [debug] [Thread-2 (]: Using postgres connection "model.foodingo.cart_abandonment"
[0m16:18:41.334584 [debug] [Thread-2 (]: On model.foodingo.cart_abandonment: /* {"app": "dbt", "dbt_version": "1.7.9", "profile_name": "foodingo", "target_name": "dev", "node_id": "model.foodingo.cart_abandonment"} */
alter table "foodingo_warehouse"."analytics_analytics"."cart_abandonment" rename to "cart_abandonment__dbt_backup"
[0m16:18:41.334373 [debug] [Thread-1 (]: Using postgres connection "model.foodingo.daily_revenue"
[0m16:18:41.334823 [debug] [Thread-1 (]: On model.foodingo.daily_revenue: /* {"app": "dbt", "dbt_version": "1.7.9", "profile_name": "foodingo", "target_name": "dev", "node_id": "model.foodingo.daily_revenue"} */
alter table "foodingo_warehouse"."analytics_analytics"."daily_revenue" rename to "daily_revenue__dbt_backup"
[0m16:18:41.334974 [debug] [Thread-2 (]: SQL status: ALTER TABLE in 0.0 seconds
[0m16:18:41.336118 [debug] [Thread-2 (]: Using postgres connection "model.foodingo.cart_abandonment"
[0m16:18:41.336451 [debug] [Thread-2 (]: On model.foodingo.cart_abandonment: /* {"app": "dbt", "dbt_version": "1.7.9", "profile_name": "foodingo", "target_name": "dev", "node_id": "model.foodingo.cart_abandonment"} */
alter table "foodingo_warehouse"."analytics_analytics"."cart_abandonment__dbt_tmp" rename to "cart_abandonment"
[0m16:18:41.336258 [debug] [Thread-1 (]: SQL status: ALTER TABLE in 0.0 seconds
[0m16:18:41.337571 [debug] [Thread-1 (]: Using postgres connection "model.foodingo.daily_revenue"
[0m16:18:41.337699 [debug] [Thread-2 (]: SQL status: ALTER TABLE in 0.0 seconds
[0m16:18:41.337865 [debug] [Thread-1 (]: On model.foodingo.daily_revenue: /* {"app": "dbt", "dbt_version": "1.7.9", "profile_name": "foodingo", "target_name": "dev", "node_id": "model.foodingo.daily_revenue"} */
alter table "foodingo_warehouse"."analytics_analytics"."daily_revenue__dbt_tmp" rename to "daily_revenue"
[0m16:18:41.338671 [debug] [Thread-2 (]: On model.foodingo.cart_abandonment: COMMIT
[0m16:18:41.338902 [debug] [Thread-2 (]: Using postgres connection "model.foodingo.cart_abandonment"
[0m16:18:41.339035 [debug] [Thread-1 (]: SQL status: ALTER TABLE in 0.0 seconds
[0m16:18:41.339976 [debug] [Thread-1 (]: On model.foodingo.daily_revenue: COMMIT
[0m16:18:41.339177 [debug] [Thread-2 (]: On model.foodingo.cart_abandonment: COMMIT
[0m16:18:41.340140 [debug] [Thread-1 (]: Using postgres connection "model.foodingo.daily_revenue"
[0m16:18:41.340367 [debug] [Thread-1 (]: On model.foodingo.daily_revenue: COMMIT
[0m16:18:41.340512 [debug] [Thread-2 (]: SQL status: COMMIT in 0.0 seconds
[0m16:18:41.341786 [debug] [Thread-2 (]: Applying DROP to: "foodingo_warehouse"."analytics_analytics"."cart_abandonment__dbt_backup"
[0m16:18:41.341928 [debug] [Thread-1 (]: SQL status: COMMIT in 0.0 seconds
[0m16:18:41.342307 [debug] [Thread-2 (]: Using postgres connection "model.foodingo.cart_abandonment"
[0m16:18:41.343424 [debug] [Thread-2 (]: On model.foodingo.cart_abandonment: /* {"app": "dbt", "dbt_version": "1.7.9", "profile_name": "foodingo", "target_name": "dev", "node_id": "model.foodingo.cart_abandonment"} */
drop table if exists "foodingo_warehouse"."analytics_analytics"."cart_abandonment__dbt_backup" cascade
[0m16:18:41.343231 [debug] [Thread-1 (]: Applying DROP to: "foodingo_warehouse"."analytics_analytics"."daily_revenue__dbt_backup"
[0m16:18:41.343835 [debug] [Thread-1 (]: Using postgres connection "model.foodingo.daily_revenue"
[0m16:18:41.344069 [debug] [Thread-1 (]: On model.foodingo.daily_revenue: /* {"app": "dbt", "dbt_version": "1.7.9", "profile_name": "foodingo", "target_name": "dev", "node_id": "model.foodingo.daily_revenue"} */
drop table if exists "foodingo_warehouse"."analytics_analytics"."daily_revenue__dbt_backup" cascade
[0m16:18:41.344314 [debug] [Thread-2 (]: SQL status: DROP TABLE in 0.0 seconds
[0m16:18:41.344918 [debug] [Thread-2 (]: Timing info for model.foodingo.cart_abandonment (execute): 16:18:41.319491 => 16:18:41.344836
[0m16:18:41.345113 [debug] [Thread-2 (]: On model.foodingo.cart_abandonment: Close
[0m16:18:41.345526 [debug] [Thread-2 (]: Sending event: {'category': 'dbt', 'action': 'run_model', 'label': '9df4c281-fe6a-4471-981d-5349b5a2d010', 'context': [<snowplow_tracker.self_describing_json.SelfDescribingJson object at 0xffffb1e8af10>]}
[0m16:18:41.345664 [debug] [Thread-1 (]: SQL status: DROP TABLE in 0.0 seconds
[0m16:18:41.345950 [info ] [Thread-2 (]: 6 of 10 OK created sql table model analytics_analytics.cart_abandonment ........ [[32mSELECT 3[0m in 0.03s]
[0m16:18:41.346838 [debug] [Thread-2 (]: Finished running node model.foodingo.cart_abandonment
[0m16:18:41.346598 [debug] [Thread-1 (]: Timing info for model.foodingo.daily_revenue (execute): 16:18:41.322673 => 16:18:41.346519
[0m16:18:41.347053 [debug] [Thread-2 (]: Began running node model.foodingo.food_popularity
[0m16:18:41.347484 [info ] [Thread-2 (]: 8 of 10 START sql table model analytics_analytics.food_popularity .............. [RUN]
[0m16:18:41.347267 [debug] [Thread-1 (]: On model.foodingo.daily_revenue: Close
[0m16:18:41.347862 [debug] [Thread-2 (]: Re-using an available connection from the pool (formerly model.foodingo.cart_abandonment, now model.foodingo.food_popularity)
[0m16:18:41.348435 [debug] [Thread-2 (]: Began compiling node model.foodingo.food_popularity
[0m16:18:41.348231 [debug] [Thread-1 (]: Sending event: {'category': 'dbt', 'action': 'run_model', 'label': '9df4c281-fe6a-4471-981d-5349b5a2d010', 'context': [<snowplow_tracker.self_describing_json.SelfDescribingJson object at 0xffffb2e71590>]}
[0m16:18:41.349978 [debug] [Thread-2 (]: Writing injected SQL for node "model.foodingo.food_popularity"
[0m16:18:41.350312 [info ] [Thread-1 (]: 7 of 10 OK created sql table model analytics_analytics.daily_revenue ........... [[32mSELECT 0[0m in 0.03s]
[0m16:18:41.350933 [debug] [Thread-1 (]: Finished running node model.foodingo.daily_revenue
[0m16:18:41.351198 [debug] [Thread-1 (]: Began running node model.foodingo.ml_user_order_matrix
[0m16:18:41.351695 [info ] [Thread-1 (]: 9 of 10 START sql table model analytics_analytics.ml_user_order_matrix ......... [RUN]
[0m16:18:41.351426 [debug] [Thread-2 (]: Timing info for model.foodingo.food_popularity (compile): 16:18:41.348566 => 16:18:41.351345
[0m16:18:41.352058 [debug] [Thread-1 (]: Re-using an available connection from the pool (formerly model.foodingo.daily_revenue, now model.foodingo.ml_user_order_matrix)
[0m16:18:41.352483 [debug] [Thread-1 (]: Began compiling node model.foodingo.ml_user_order_matrix
[0m16:18:41.352280 [debug] [Thread-2 (]: Began executing node model.foodingo.food_popularity
[0m16:18:41.353665 [debug] [Thread-1 (]: Writing injected SQL for node "model.foodingo.ml_user_order_matrix"
[0m16:18:41.355365 [debug] [Thread-2 (]: Writing runtime sql for node "model.foodingo.food_popularity"
[0m16:18:41.356155 [debug] [Thread-1 (]: Timing info for model.foodingo.ml_user_order_matrix (compile): 16:18:41.352605 => 16:18:41.356006
[0m16:18:41.356527 [debug] [Thread-1 (]: Began executing node model.foodingo.ml_user_order_matrix
[0m16:18:41.356361 [debug] [Thread-2 (]: Using postgres connection "model.foodingo.food_popularity"
[0m16:18:41.359593 [debug] [Thread-2 (]: On model.foodingo.food_popularity: BEGIN
[0m16:18:41.359361 [debug] [Thread-1 (]: Writing runtime sql for node "model.foodingo.ml_user_order_matrix"
[0m16:18:41.359739 [debug] [Thread-2 (]: Opening a new connection, currently in state closed
[0m16:18:41.360458 [debug] [Thread-1 (]: Using postgres connection "model.foodingo.ml_user_order_matrix"
[0m16:18:41.360639 [debug] [Thread-1 (]: On model.foodingo.ml_user_order_matrix: BEGIN
[0m16:18:41.360804 [debug] [Thread-1 (]: Opening a new connection, currently in state closed
[0m16:18:41.363211 [debug] [Thread-2 (]: SQL status: BEGIN in 0.0 seconds
[0m16:18:41.363532 [debug] [Thread-2 (]: Using postgres connection "model.foodingo.food_popularity"
[0m16:18:41.363693 [debug] [Thread-1 (]: SQL status: BEGIN in 0.0 seconds
[0m16:18:41.364051 [debug] [Thread-1 (]: Using postgres connection "model.foodingo.ml_user_order_matrix"
[0m16:18:41.363865 [debug] [Thread-2 (]: On model.foodingo.food_popularity: /* {"app": "dbt", "dbt_version": "1.7.9", "profile_name": "foodingo", "target_name": "dev", "node_id": "model.foodingo.food_popularity"} */

  
    

  create  table "foodingo_warehouse"."analytics_analytics"."food_popularity__dbt_tmp"
  
  
    as
  
  (
    -- models/marts/food_popularity.sql
-- Explodes the ordered_items JSONB array to get per-food-item order counts



WITH exploded AS (
    SELECT
        order_id,
        amount,
        jsonb_array_elements(ordered_items) AS item
    FROM "foodingo_warehouse"."analytics_analytics"."fact_orders"
    WHERE payment_status = 'paid'
)

SELECT
    item->>'foodId'       AS food_id,
    item->>'name'         AS food_name,
    item->>'category'     AS category,
    COUNT(*)              AS order_count,
    SUM(
        (item->>'price')::DECIMAL * (item->>'quantity')::INT
    )                     AS total_revenue,
    AVG((item->>'price')::DECIMAL) AS avg_price
FROM exploded
WHERE item->>'foodId' IS NOT NULL
GROUP BY food_id, food_name, category
ORDER BY order_count DESC
  );
  
[0m16:18:41.364261 [debug] [Thread-1 (]: On model.foodingo.ml_user_order_matrix: /* {"app": "dbt", "dbt_version": "1.7.9", "profile_name": "foodingo", "target_name": "dev", "node_id": "model.foodingo.ml_user_order_matrix"} */

  
    

  create  table "foodingo_warehouse"."analytics_analytics"."ml_user_order_matrix__dbt_tmp"
  
  
    as
  
  (
    -- models/marts/ml_user_order_matrix.sql
-- User × Food order count matrix — input for collaborative filtering recommender



WITH exploded AS (
    SELECT
        user_id,
        jsonb_array_elements(ordered_items)->>'foodId' AS food_id
    FROM "foodingo_warehouse"."analytics_analytics"."fact_orders"
    WHERE payment_status = 'paid'
      AND user_id IS NOT NULL
)

SELECT
    user_id,
    food_id,
    COUNT(*)   AS order_count
FROM exploded
WHERE food_id IS NOT NULL
GROUP BY user_id, food_id
  );
  
[0m16:18:41.364737 [debug] [Thread-2 (]: Postgres adapter: Postgres error: column "ordered_items" does not exist
LINE 21:         jsonb_array_elements(ordered_items) AS item
                                      ^

[0m16:18:41.365089 [debug] [Thread-2 (]: On model.foodingo.food_popularity: ROLLBACK
[0m16:18:41.364915 [debug] [Thread-1 (]: Postgres adapter: Postgres error: column "ordered_items" does not exist
LINE 20:         jsonb_array_elements(ordered_items)->>'foodId' AS fo...
                                      ^

[0m16:18:41.365511 [debug] [Thread-1 (]: On model.foodingo.ml_user_order_matrix: ROLLBACK
[0m16:18:41.365388 [debug] [Thread-2 (]: Timing info for model.foodingo.food_popularity (execute): 16:18:41.353805 => 16:18:41.365304
[0m16:18:41.365930 [debug] [Thread-2 (]: On model.foodingo.food_popularity: Close
[0m16:18:41.365797 [debug] [Thread-1 (]: Timing info for model.foodingo.ml_user_order_matrix (execute): 16:18:41.356638 => 16:18:41.365712
[0m16:18:41.367349 [debug] [Thread-1 (]: On model.foodingo.ml_user_order_matrix: Close
[0m16:18:41.368483 [debug] [Thread-1 (]: Database Error in model ml_user_order_matrix (models/marts/ml_user_order_matrix.sql)
  column "ordered_items" does not exist
  LINE 20:         jsonb_array_elements(ordered_items)->>'foodId' AS fo...
                                        ^
  compiled Code at target/run/foodingo/models/marts/ml_user_order_matrix.sql
[0m16:18:41.368922 [debug] [Thread-2 (]: Database Error in model food_popularity (models/marts/food_popularity.sql)
  column "ordered_items" does not exist
  LINE 21:         jsonb_array_elements(ordered_items) AS item
                                        ^
  compiled Code at target/run/foodingo/models/marts/food_popularity.sql
[0m16:18:41.369333 [debug] [Thread-2 (]: Sending event: {'category': 'dbt', 'action': 'run_model', 'label': '9df4c281-fe6a-4471-981d-5349b5a2d010', 'context': [<snowplow_tracker.self_describing_json.SelfDescribingJson object at 0xffffb1f55650>]}
[0m16:18:41.369140 [debug] [Thread-1 (]: Sending event: {'category': 'dbt', 'action': 'run_model', 'label': '9df4c281-fe6a-4471-981d-5349b5a2d010', 'context': [<snowplow_tracker.self_describing_json.SelfDescribingJson object at 0xffffb0537c50>]}
[0m16:18:41.369918 [error] [Thread-1 (]: 9 of 10 ERROR creating sql table model analytics_analytics.ml_user_order_matrix  [[31mERROR[0m in 0.02s]
[0m16:18:41.369624 [error] [Thread-2 (]: 8 of 10 ERROR creating sql table model analytics_analytics.food_popularity ..... [[31mERROR[0m in 0.02s]
[0m16:18:41.370555 [debug] [Thread-2 (]: Finished running node model.foodingo.food_popularity
[0m16:18:41.370236 [debug] [Thread-1 (]: Finished running node model.foodingo.ml_user_order_matrix
[0m16:18:41.370765 [debug] [Thread-2 (]: Began running node model.foodingo.user_funnel
[0m16:18:41.371312 [info ] [Thread-2 (]: 10 of 10 START sql table model analytics_analytics.user_funnel ................. [RUN]
[0m16:18:41.371665 [debug] [Thread-2 (]: Re-using an available connection from the pool (formerly model.foodingo.food_popularity, now model.foodingo.user_funnel)
[0m16:18:41.371867 [debug] [Thread-2 (]: Began compiling node model.foodingo.user_funnel
[0m16:18:41.373444 [debug] [Thread-2 (]: Writing injected SQL for node "model.foodingo.user_funnel"
[0m16:18:41.373965 [debug] [Thread-2 (]: Timing info for model.foodingo.user_funnel (compile): 16:18:41.371982 => 16:18:41.373866
[0m16:18:41.374141 [debug] [Thread-2 (]: Began executing node model.foodingo.user_funnel
[0m16:18:41.376215 [debug] [Thread-2 (]: Writing runtime sql for node "model.foodingo.user_funnel"
[0m16:18:41.376733 [debug] [Thread-2 (]: Using postgres connection "model.foodingo.user_funnel"
[0m16:18:41.376907 [debug] [Thread-2 (]: On model.foodingo.user_funnel: BEGIN
[0m16:18:41.377080 [debug] [Thread-2 (]: Opening a new connection, currently in state closed
[0m16:18:41.379915 [debug] [Thread-2 (]: SQL status: BEGIN in 0.0 seconds
[0m16:18:41.380130 [debug] [Thread-2 (]: Using postgres connection "model.foodingo.user_funnel"
[0m16:18:41.380353 [debug] [Thread-2 (]: On model.foodingo.user_funnel: /* {"app": "dbt", "dbt_version": "1.7.9", "profile_name": "foodingo", "target_name": "dev", "node_id": "model.foodingo.user_funnel"} */

  
    

  create  table "foodingo_warehouse"."analytics_analytics"."user_funnel__dbt_tmp"
  
  
    as
  
  (
    -- models/marts/user_funnel.sql
-- Daily funnel: registered → logged in → added to cart → placed order



WITH daily_registrations AS (
    SELECT DATE(event_timestamp) AS d, COUNT(DISTINCT user_id) AS registered_users
    FROM "foodingo_warehouse"."analytics_analytics"."stg_users"
    WHERE event_type = 'user.registered'
    GROUP BY 1
),

daily_logins AS (
    SELECT DATE(event_timestamp) AS d, COUNT(DISTINCT user_id) AS logged_in_users
    FROM "foodingo_warehouse"."analytics_analytics"."stg_users"
    WHERE event_type = 'user.login'
    GROUP BY 1
),

daily_cart AS (
    SELECT event_date AS d, COUNT(DISTINCT user_id) AS cart_added_users
    FROM "foodingo_warehouse"."analytics_analytics"."fact_cart_events"
    WHERE event_type = 'cart.item_added'
    GROUP BY 1
),

daily_orders AS (
    SELECT order_date AS d, COUNT(DISTINCT user_id) AS ordered_users
    FROM "foodingo_warehouse"."analytics_analytics"."fact_orders"
    WHERE payment_status = 'paid'
    GROUP BY 1
)

SELECT
    r.d                         AS funnel_date,
    r.registered_users,
    COALESCE(l.logged_in_users, 0) AS logged_in_users,
    COALESCE(c.cart_added_users, 0) AS cart_added_users,
    COALESCE(o.ordered_users, 0)    AS ordered_users,
    CASE
        WHEN r.registered_users = 0 THEN 0
        ELSE ROUND(
            100.0 * COALESCE(o.ordered_users, 0) / r.registered_users, 2
        )
    END                         AS reg_to_order_rate
FROM daily_registrations r
LEFT JOIN daily_logins l  ON r.d = l.d
LEFT JOIN daily_cart c    ON r.d = c.d
LEFT JOIN daily_orders o  ON r.d = o.d
ORDER BY funnel_date DESC
  );
  
[0m16:18:41.383663 [debug] [Thread-2 (]: SQL status: SELECT 1 in 0.0 seconds
[0m16:18:41.385146 [debug] [Thread-2 (]: Using postgres connection "model.foodingo.user_funnel"
[0m16:18:41.385512 [debug] [Thread-2 (]: On model.foodingo.user_funnel: /* {"app": "dbt", "dbt_version": "1.7.9", "profile_name": "foodingo", "target_name": "dev", "node_id": "model.foodingo.user_funnel"} */
alter table "foodingo_warehouse"."analytics_analytics"."user_funnel" rename to "user_funnel__dbt_backup"
[0m16:18:41.386000 [debug] [Thread-2 (]: SQL status: ALTER TABLE in 0.0 seconds
[0m16:18:41.387284 [debug] [Thread-2 (]: Using postgres connection "model.foodingo.user_funnel"
[0m16:18:41.387469 [debug] [Thread-2 (]: On model.foodingo.user_funnel: /* {"app": "dbt", "dbt_version": "1.7.9", "profile_name": "foodingo", "target_name": "dev", "node_id": "model.foodingo.user_funnel"} */
alter table "foodingo_warehouse"."analytics_analytics"."user_funnel__dbt_tmp" rename to "user_funnel"
[0m16:18:41.387774 [debug] [Thread-2 (]: SQL status: ALTER TABLE in 0.0 seconds
[0m16:18:41.388692 [debug] [Thread-2 (]: On model.foodingo.user_funnel: COMMIT
[0m16:18:41.388902 [debug] [Thread-2 (]: Using postgres connection "model.foodingo.user_funnel"
[0m16:18:41.389100 [debug] [Thread-2 (]: On model.foodingo.user_funnel: COMMIT
[0m16:18:41.389605 [debug] [Thread-2 (]: SQL status: COMMIT in 0.0 seconds
[0m16:18:41.390551 [debug] [Thread-2 (]: Applying DROP to: "foodingo_warehouse"."analytics_analytics"."user_funnel__dbt_backup"
[0m16:18:41.390904 [debug] [Thread-2 (]: Using postgres connection "model.foodingo.user_funnel"
[0m16:18:41.391093 [debug] [Thread-2 (]: On model.foodingo.user_funnel: /* {"app": "dbt", "dbt_version": "1.7.9", "profile_name": "foodingo", "target_name": "dev", "node_id": "model.foodingo.user_funnel"} */
drop table if exists "foodingo_warehouse"."analytics_analytics"."user_funnel__dbt_backup" cascade
[0m16:18:41.392155 [debug] [Thread-2 (]: SQL status: DROP TABLE in 0.0 seconds
[0m16:18:41.392751 [debug] [Thread-2 (]: Timing info for model.foodingo.user_funnel (execute): 16:18:41.374250 => 16:18:41.392670
[0m16:18:41.392932 [debug] [Thread-2 (]: On model.foodingo.user_funnel: Close
[0m16:18:41.393294 [debug] [Thread-2 (]: Sending event: {'category': 'dbt', 'action': 'run_model', 'label': '9df4c281-fe6a-4471-981d-5349b5a2d010', 'context': [<snowplow_tracker.self_describing_json.SelfDescribingJson object at 0xffffb1f5d0d0>]}
[0m16:18:41.393574 [info ] [Thread-2 (]: 10 of 10 OK created sql table model analytics_analytics.user_funnel ............ [[32mSELECT 1[0m in 0.02s]
[0m16:18:41.393908 [debug] [Thread-2 (]: Finished running node model.foodingo.user_funnel
[0m16:18:41.394793 [debug] [MainThread]: Using postgres connection "master"
[0m16:18:41.394991 [debug] [MainThread]: On master: BEGIN
[0m16:18:41.395155 [debug] [MainThread]: Opening a new connection, currently in state closed
[0m16:18:41.397607 [debug] [MainThread]: SQL status: BEGIN in 0.0 seconds
[0m16:18:41.397800 [debug] [MainThread]: On master: COMMIT
[0m16:18:41.397949 [debug] [MainThread]: Using postgres connection "master"
[0m16:18:41.398085 [debug] [MainThread]: On master: COMMIT
[0m16:18:41.398291 [debug] [MainThread]: SQL status: COMMIT in 0.0 seconds
[0m16:18:41.398457 [debug] [MainThread]: On master: Close
[0m16:18:41.398772 [debug] [MainThread]: Connection 'master' was properly closed.
[0m16:18:41.398961 [debug] [MainThread]: Connection 'model.foodingo.ml_user_order_matrix' was properly closed.
[0m16:18:41.399119 [debug] [MainThread]: Connection 'model.foodingo.user_funnel' was properly closed.
[0m16:18:41.399324 [info ] [MainThread]: 
[0m16:18:41.399569 [info ] [MainThread]: Finished running 3 view models, 7 table models in 0 hours 0 minutes and 0.28 seconds (0.28s).
[0m16:18:41.400320 [debug] [MainThread]: Command end result
[0m16:18:41.405271 [info ] [MainThread]: 
[0m16:18:41.405602 [info ] [MainThread]: [31mCompleted with 2 errors and 0 warnings:[0m
[0m16:18:41.405948 [info ] [MainThread]: 
[0m16:18:41.406199 [error] [MainThread]:   Database Error in model food_popularity (models/marts/food_popularity.sql)
  column "ordered_items" does not exist
  LINE 21:         jsonb_array_elements(ordered_items) AS item
                                        ^
  compiled Code at target/run/foodingo/models/marts/food_popularity.sql
[0m16:18:41.406482 [info ] [MainThread]: 
[0m16:18:41.406720 [error] [MainThread]:   Database Error in model ml_user_order_matrix (models/marts/ml_user_order_matrix.sql)
  column "ordered_items" does not exist
  LINE 20:         jsonb_array_elements(ordered_items)->>'foodId' AS fo...
                                        ^
  compiled Code at target/run/foodingo/models/marts/ml_user_order_matrix.sql
[0m16:18:41.406947 [info ] [MainThread]: 
[0m16:18:41.407195 [info ] [MainThread]: Done. PASS=8 WARN=0 ERROR=2 SKIP=0 TOTAL=10
[0m16:18:41.407921 [debug] [MainThread]: Resource report: {"command_name": "run", "command_wall_clock_time": 0.4288243, "process_user_time": 1.303406, "process_kernel_time": 0.106853, "process_mem_max_rss": "123432", "process_out_blocks": "1775", "command_success": false, "process_in_blocks": "0"}
[0m16:18:41.408190 [debug] [MainThread]: Command `dbt run` failed at 16:18:41.408137 after 0.43 seconds
[0m16:18:41.408436 [debug] [MainThread]: Sending event: {'category': 'dbt', 'action': 'invocation', 'label': 'end', 'context': [<snowplow_tracker.self_describing_json.SelfDescribingJson object at 0xffffb2edbe90>, <snowplow_tracker.self_describing_json.SelfDescribingJson object at 0xffffb7e23150>, <snowplow_tracker.self_describing_json.SelfDescribingJson object at 0xffffb2e28590>]}
[0m16:18:41.408723 [debug] [MainThread]: Flushing usage events
[0m16:20:40.910103 [debug] [MainThread]: Sending event: {'category': 'dbt', 'action': 'invocation', 'label': 'start', 'context': [<snowplow_tracker.self_describing_json.SelfDescribingJson object at 0xffff905c3090>, <snowplow_tracker.self_describing_json.SelfDescribingJson object at 0xffff90a1bcd0>, <snowplow_tracker.self_describing_json.SelfDescribingJson object at 0xffff905c3a90>]}


============================== 16:20:40.912624 | 087cd6fa-f129-42a1-ba2e-0ead8b6e2f33 ==============================
[0m16:20:40.912624 [info ] [MainThread]: Running with dbt=1.7.9
[0m16:20:40.913000 [debug] [MainThread]: running dbt with arguments {'printer_width': '80', 'indirect_selection': 'eager', 'write_json': 'True', 'log_cache_events': 'False', 'partial_parse': 'True', 'cache_selected_only': 'False', 'profiles_dir': '/opt/airflow/dbt', 'version_check': 'True', 'debug': 'False', 'log_path': '/opt/airflow/dbt/logs', 'warn_error': 'None', 'fail_fast': 'False', 'use_colors': 'True', 'use_experimental_parser': 'False', 'no_print': 'None', 'quiet': 'False', 'log_format': 'default', 'introspect': 'True', 'invocation_command': 'dbt run --profiles-dir /opt/airflow/dbt --project-dir /opt/airflow/dbt', 'warn_error_options': 'WarnErrorOptions(include=[], exclude=[])', 'target_path': 'None', 'static_parser': 'True', 'send_anonymous_usage_stats': 'True'}
[0m16:20:40.978536 [debug] [MainThread]: Sending event: {'category': 'dbt', 'action': 'project_id', 'label': '087cd6fa-f129-42a1-ba2e-0ead8b6e2f33', 'context': [<snowplow_tracker.self_describing_json.SelfDescribingJson object at 0xffff90bb4cd0>]}
[0m16:20:41.007472 [debug] [MainThread]: Sending event: {'category': 'dbt', 'action': 'adapter_info', 'label': '087cd6fa-f129-42a1-ba2e-0ead8b6e2f33', 'context': [<snowplow_tracker.self_describing_json.SelfDescribingJson object at 0xffff90bd8050>]}
[0m16:20:41.007879 [info ] [MainThread]: Registered adapter: postgres=1.7.9
[0m16:20:41.010885 [debug] [MainThread]: checksum: 6ff0d83c3b46f350064523b4e08d9241403ad71d606ba49c4e670afba3668b39, vars: {}, profile: , target: , version: 1.7.9
[0m16:20:41.022198 [debug] [MainThread]: Partial parsing enabled: 0 files deleted, 0 files added, 1 files changed.
[0m16:20:41.022482 [debug] [MainThread]: Partial parsing: updated file: foodingo://models/facts/fact_orders.sql
[0m16:20:41.070954 [debug] [MainThread]: Sending event: {'category': 'dbt', 'action': 'load_project', 'label': '087cd6fa-f129-42a1-ba2e-0ead8b6e2f33', 'context': [<snowplow_tracker.self_describing_json.SelfDescribingJson object at 0xffff8f82e990>]}
[0m16:20:41.077271 [debug] [MainThread]: Sending event: {'category': 'dbt', 'action': 'resource_counts', 'label': '087cd6fa-f129-42a1-ba2e-0ead8b6e2f33', 'context': [<snowplow_tracker.self_describing_json.SelfDescribingJson object at 0xffff8f776390>]}
[0m16:20:41.077482 [info ] [MainThread]: Found 10 models, 0 sources, 0 exposures, 0 metrics, 401 macros, 0 groups, 0 semantic models
[0m16:20:41.077699 [debug] [MainThread]: Sending event: {'category': 'dbt', 'action': 'runnable_timing', 'label': '087cd6fa-f129-42a1-ba2e-0ead8b6e2f33', 'context': [<snowplow_tracker.self_describing_json.SelfDescribingJson object at 0xffff8fa36dd0>]}
[0m16:20:41.078579 [info ] [MainThread]: 
[0m16:20:41.078963 [debug] [MainThread]: Acquiring new postgres connection 'master'
[0m16:20:41.079615 [debug] [ThreadPool]: Acquiring new postgres connection 'list_foodingo_warehouse'
[0m16:20:41.083657 [debug] [ThreadPool]: Using postgres connection "list_foodingo_warehouse"
[0m16:20:41.083838 [debug] [ThreadPool]: On list_foodingo_warehouse: /* {"app": "dbt", "dbt_version": "1.7.9", "profile_name": "foodingo", "target_name": "dev", "connection_name": "list_foodingo_warehouse"} */

    select distinct nspname from pg_namespace
  
[0m16:20:41.084033 [debug] [ThreadPool]: Opening a new connection, currently in state init
[0m16:20:41.087856 [debug] [ThreadPool]: SQL status: SELECT 7 in 0.0 seconds
[0m16:20:41.088425 [debug] [ThreadPool]: On list_foodingo_warehouse: Close
[0m16:20:41.089352 [debug] [ThreadPool]: Re-using an available connection from the pool (formerly list_foodingo_warehouse, now list_foodingo_warehouse_analytics_analytics)
[0m16:20:41.091537 [debug] [ThreadPool]: Using postgres connection "list_foodingo_warehouse_analytics_analytics"
[0m16:20:41.091723 [debug] [ThreadPool]: On list_foodingo_warehouse_analytics_analytics: BEGIN
[0m16:20:41.091896 [debug] [ThreadPool]: Opening a new connection, currently in state closed
[0m16:20:41.094018 [debug] [ThreadPool]: SQL status: BEGIN in 0.0 seconds
[0m16:20:41.094221 [debug] [ThreadPool]: Using postgres connection "list_foodingo_warehouse_analytics_analytics"
[0m16:20:41.094391 [debug] [ThreadPool]: On list_foodingo_warehouse_analytics_analytics: /* {"app": "dbt", "dbt_version": "1.7.9", "profile_name": "foodingo", "target_name": "dev", "connection_name": "list_foodingo_warehouse_analytics_analytics"} */
select
      'foodingo_warehouse' as database,
      tablename as name,
      schemaname as schema,
      'table' as type
    from pg_tables
    where schemaname ilike 'analytics_analytics'
    union all
    select
      'foodingo_warehouse' as database,
      viewname as name,
      schemaname as schema,
      'view' as type
    from pg_views
    where schemaname ilike 'analytics_analytics'
    union all
    select
      'foodingo_warehouse' as database,
      matviewname as name,
      schemaname as schema,
      'materialized_view' as type
    from pg_matviews
    where schemaname ilike 'analytics_analytics'
  
[0m16:20:41.096657 [debug] [ThreadPool]: SQL status: SELECT 8 in 0.0 seconds
[0m16:20:41.097201 [debug] [ThreadPool]: On list_foodingo_warehouse_analytics_analytics: ROLLBACK
[0m16:20:41.097426 [debug] [ThreadPool]: On list_foodingo_warehouse_analytics_analytics: Close
[0m16:20:41.099688 [debug] [MainThread]: Using postgres connection "master"
[0m16:20:41.099885 [debug] [MainThread]: On master: BEGIN
[0m16:20:41.100045 [debug] [MainThread]: Opening a new connection, currently in state init
[0m16:20:41.102048 [debug] [MainThread]: SQL status: BEGIN in 0.0 seconds
[0m16:20:41.102259 [debug] [MainThread]: Using postgres connection "master"
[0m16:20:41.102453 [debug] [MainThread]: On master: /* {"app": "dbt", "dbt_version": "1.7.9", "profile_name": "foodingo", "target_name": "dev", "connection_name": "master"} */
with relation as (
        select
            pg_rewrite.ev_class as class,
            pg_rewrite.oid as id
        from pg_rewrite
    ),
    class as (
        select
            oid as id,
            relname as name,
            relnamespace as schema,
            relkind as kind
        from pg_class
    ),
    dependency as (
        select distinct
            pg_depend.objid as id,
            pg_depend.refobjid as ref
        from pg_depend
    ),
    schema as (
        select
            pg_namespace.oid as id,
            pg_namespace.nspname as name
        from pg_namespace
        where nspname != 'information_schema' and nspname not like 'pg\_%'
    ),
    referenced as (
        select
            relation.id AS id,
            referenced_class.name ,
            referenced_class.schema ,
            referenced_class.kind
        from relation
        join class as referenced_class on relation.class=referenced_class.id
        where referenced_class.kind in ('r', 'v', 'm')
    ),
    relationships as (
        select
            referenced.name as referenced_name,
            referenced.schema as referenced_schema_id,
            dependent_class.name as dependent_name,
            dependent_class.schema as dependent_schema_id,
            referenced.kind as kind
        from referenced
        join dependency on referenced.id=dependency.id
        join class as dependent_class on dependency.ref=dependent_class.id
        where
            (referenced.name != dependent_class.name or
             referenced.schema != dependent_class.schema)
    )

    select
        referenced_schema.name as referenced_schema,
        relationships.referenced_name as referenced_name,
        dependent_schema.name as dependent_schema,
        relationships.dependent_name as dependent_name
    from relationships
    join schema as dependent_schema on relationships.dependent_schema_id=dependent_schema.id
    join schema as referenced_schema on relationships.referenced_schema_id=referenced_schema.id
    group by referenced_schema, referenced_name, dependent_schema, dependent_name
    order by referenced_schema, referenced_name, dependent_schema, dependent_name;
[0m16:20:41.106544 [debug] [MainThread]: SQL status: SELECT 51 in 0.0 seconds
[0m16:20:41.107250 [debug] [MainThread]: Sending event: {'category': 'dbt', 'action': 'runnable_timing', 'label': '087cd6fa-f129-42a1-ba2e-0ead8b6e2f33', 'context': [<snowplow_tracker.self_describing_json.SelfDescribingJson object at 0xffff8fa13810>]}
[0m16:20:41.107470 [debug] [MainThread]: On master: ROLLBACK
[0m16:20:41.107677 [debug] [MainThread]: Using postgres connection "master"
[0m16:20:41.107832 [debug] [MainThread]: On master: BEGIN
[0m16:20:41.108131 [debug] [MainThread]: SQL status: BEGIN in 0.0 seconds
[0m16:20:41.108291 [debug] [MainThread]: On master: COMMIT
[0m16:20:41.108446 [debug] [MainThread]: Using postgres connection "master"
[0m16:20:41.108596 [debug] [MainThread]: On master: COMMIT
[0m16:20:41.108790 [debug] [MainThread]: SQL status: COMMIT in 0.0 seconds
[0m16:20:41.108957 [debug] [MainThread]: On master: Close
[0m16:20:41.109275 [info ] [MainThread]: Concurrency: 2 threads (target='dev')
[0m16:20:41.109487 [info ] [MainThread]: 
[0m16:20:41.113017 [debug] [Thread-1 (]: Began running node model.foodingo.stg_cart
[0m16:20:41.113198 [debug] [Thread-2 (]: Began running node model.foodingo.stg_orders
[0m16:20:41.113427 [info ] [Thread-1 (]: 1 of 10 START sql view model analytics_analytics.stg_cart ...................... [RUN]
[0m16:20:41.113747 [info ] [Thread-2 (]: 2 of 10 START sql view model analytics_analytics.stg_orders .................... [RUN]
[0m16:20:41.114161 [debug] [Thread-1 (]: Re-using an available connection from the pool (formerly list_foodingo_warehouse_analytics_analytics, now model.foodingo.stg_cart)
[0m16:20:41.114509 [debug] [Thread-2 (]: Acquiring new postgres connection 'model.foodingo.stg_orders'
[0m16:20:41.114706 [debug] [Thread-1 (]: Began compiling node model.foodingo.stg_cart
[0m16:20:41.114915 [debug] [Thread-2 (]: Began compiling node model.foodingo.stg_orders
[0m16:20:41.117641 [debug] [Thread-1 (]: Writing injected SQL for node "model.foodingo.stg_cart"
[0m16:20:41.118720 [debug] [Thread-2 (]: Writing injected SQL for node "model.foodingo.stg_orders"
[0m16:20:41.119558 [debug] [Thread-1 (]: Timing info for model.foodingo.stg_cart (compile): 16:20:41.115057 => 16:20:41.119444
[0m16:20:41.119992 [debug] [Thread-1 (]: Began executing node model.foodingo.stg_cart
[0m16:20:41.119846 [debug] [Thread-2 (]: Timing info for model.foodingo.stg_orders (compile): 16:20:41.117811 => 16:20:41.119714
[0m16:20:41.165307 [debug] [Thread-2 (]: Began executing node model.foodingo.stg_orders
[0m16:20:41.165073 [debug] [Thread-1 (]: Writing runtime sql for node "model.foodingo.stg_cart"
[0m16:20:41.167325 [debug] [Thread-2 (]: Writing runtime sql for node "model.foodingo.stg_orders"
[0m16:20:41.168205 [debug] [Thread-1 (]: Using postgres connection "model.foodingo.stg_cart"
[0m16:20:41.168624 [debug] [Thread-1 (]: On model.foodingo.stg_cart: BEGIN
[0m16:20:41.168482 [debug] [Thread-2 (]: Using postgres connection "model.foodingo.stg_orders"
[0m16:20:41.169067 [debug] [Thread-2 (]: On model.foodingo.stg_orders: BEGIN
[0m16:20:41.168829 [debug] [Thread-1 (]: Opening a new connection, currently in state closed
[0m16:20:41.169289 [debug] [Thread-2 (]: Opening a new connection, currently in state init
[0m16:20:41.173113 [debug] [Thread-1 (]: SQL status: BEGIN in 0.0 seconds
[0m16:20:41.173923 [debug] [Thread-1 (]: Using postgres connection "model.foodingo.stg_cart"
[0m16:20:41.174295 [debug] [Thread-2 (]: SQL status: BEGIN in 0.0 seconds
[0m16:20:41.174740 [debug] [Thread-2 (]: Using postgres connection "model.foodingo.stg_orders"
[0m16:20:41.174547 [debug] [Thread-1 (]: On model.foodingo.stg_cart: /* {"app": "dbt", "dbt_version": "1.7.9", "profile_name": "foodingo", "target_name": "dev", "node_id": "model.foodingo.stg_cart"} */

  create view "foodingo_warehouse"."analytics_analytics"."stg_cart__dbt_tmp"
    
    
  as (
    -- models/staging/stg_cart.sql


SELECT
    user_id,
    food_id,
    quantity,
    event_type,
    event_timestamp,
    ingested_at
FROM raw.cart_events
WHERE user_id IS NOT NULL
  );
[0m16:20:41.174921 [debug] [Thread-2 (]: On model.foodingo.stg_orders: /* {"app": "dbt", "dbt_version": "1.7.9", "profile_name": "foodingo", "target_name": "dev", "node_id": "model.foodingo.stg_orders"} */

  create view "foodingo_warehouse"."analytics_analytics"."stg_orders__dbt_tmp"
    
    
  as (
    -- models/staging/stg_orders.sql
-- Cleans raw order events: deduplicates, casts types, filters to paid orders only



WITH deduped AS (
    SELECT
        order_id,
        user_id,
        user_address,
        email,
        phone_number,
        amount::DECIMAL(10,2)   AS amount,
        payment_status,
        order_status,
        razorpay_order_id,
        razorpay_payment_id,
        ordered_items,
        event_type,
        event_timestamp,
        ingested_at,
        ROW_NUMBER() OVER (
            PARTITION BY order_id, event_type
            ORDER BY event_timestamp DESC
        ) AS rn
    FROM raw.order_events
    WHERE order_id IS NOT NULL
)

SELECT
    order_id,
    user_id,
    user_address,
    email,
    phone_number,
    amount,
    payment_status,
    order_status,
    razorpay_order_id,
    razorpay_payment_id,
    ordered_items,
    event_type,
    event_timestamp,
    ingested_at
FROM deduped
WHERE rn = 1
  );
[0m16:20:41.177022 [debug] [Thread-1 (]: SQL status: CREATE VIEW in 0.0 seconds
[0m16:20:41.180027 [debug] [Thread-1 (]: Using postgres connection "model.foodingo.stg_cart"
[0m16:20:41.180368 [debug] [Thread-1 (]: On model.foodingo.stg_cart: /* {"app": "dbt", "dbt_version": "1.7.9", "profile_name": "foodingo", "target_name": "dev", "node_id": "model.foodingo.stg_cart"} */
alter table "foodingo_warehouse"."analytics_analytics"."stg_cart" rename to "stg_cart__dbt_backup"
[0m16:20:41.180172 [debug] [Thread-2 (]: SQL status: CREATE VIEW in 0.0 seconds
[0m16:20:41.181779 [debug] [Thread-2 (]: Using postgres connection "model.foodingo.stg_orders"
[0m16:20:41.182150 [debug] [Thread-2 (]: On model.foodingo.stg_orders: /* {"app": "dbt", "dbt_version": "1.7.9", "profile_name": "foodingo", "target_name": "dev", "node_id": "model.foodingo.stg_orders"} */
alter table "foodingo_warehouse"."analytics_analytics"."stg_orders" rename to "stg_orders__dbt_backup"
[0m16:20:41.181911 [debug] [Thread-1 (]: SQL status: ALTER TABLE in 0.0 seconds
[0m16:20:41.183472 [debug] [Thread-1 (]: Using postgres connection "model.foodingo.stg_cart"
[0m16:20:41.183609 [debug] [Thread-2 (]: SQL status: ALTER TABLE in 0.0 seconds
[0m16:20:41.183819 [debug] [Thread-1 (]: On model.foodingo.stg_cart: /* {"app": "dbt", "dbt_version": "1.7.9", "profile_name": "foodingo", "target_name": "dev", "node_id": "model.foodingo.stg_cart"} */
alter table "foodingo_warehouse"."analytics_analytics"."stg_cart__dbt_tmp" rename to "stg_cart"
[0m16:20:41.184966 [debug] [Thread-2 (]: Using postgres connection "model.foodingo.stg_orders"
[0m16:20:41.185296 [debug] [Thread-2 (]: On model.foodingo.stg_orders: /* {"app": "dbt", "dbt_version": "1.7.9", "profile_name": "foodingo", "target_name": "dev", "node_id": "model.foodingo.stg_orders"} */
alter table "foodingo_warehouse"."analytics_analytics"."stg_orders__dbt_tmp" rename to "stg_orders"
[0m16:20:41.185435 [debug] [Thread-1 (]: SQL status: ALTER TABLE in 0.0 seconds
[0m16:20:41.191737 [debug] [Thread-1 (]: On model.foodingo.stg_cart: COMMIT
[0m16:20:41.192105 [debug] [Thread-1 (]: Using postgres connection "model.foodingo.stg_cart"
[0m16:20:41.191892 [debug] [Thread-2 (]: SQL status: ALTER TABLE in 0.0 seconds
[0m16:20:41.192331 [debug] [Thread-1 (]: On model.foodingo.stg_cart: COMMIT
[0m16:20:41.193157 [debug] [Thread-2 (]: On model.foodingo.stg_orders: COMMIT
[0m16:20:41.193540 [debug] [Thread-2 (]: Using postgres connection "model.foodingo.stg_orders"
[0m16:20:41.193769 [debug] [Thread-2 (]: On model.foodingo.stg_orders: COMMIT
[0m16:20:41.194540 [debug] [Thread-1 (]: SQL status: COMMIT in 0.0 seconds
[0m16:20:41.194718 [debug] [Thread-2 (]: SQL status: COMMIT in 0.0 seconds
[0m16:20:41.197287 [debug] [Thread-1 (]: Applying DROP to: "foodingo_warehouse"."analytics_analytics"."stg_cart__dbt_backup"
[0m16:20:41.198308 [debug] [Thread-2 (]: Applying DROP to: "foodingo_warehouse"."analytics_analytics"."stg_orders__dbt_backup"
[0m16:20:41.200723 [debug] [Thread-2 (]: Using postgres connection "model.foodingo.stg_orders"
[0m16:20:41.200305 [debug] [Thread-1 (]: Using postgres connection "model.foodingo.stg_cart"
[0m16:20:41.201077 [debug] [Thread-1 (]: On model.foodingo.stg_cart: /* {"app": "dbt", "dbt_version": "1.7.9", "profile_name": "foodingo", "target_name": "dev", "node_id": "model.foodingo.stg_cart"} */
drop view if exists "foodingo_warehouse"."analytics_analytics"."stg_cart__dbt_backup" cascade
[0m16:20:41.200918 [debug] [Thread-2 (]: On model.foodingo.stg_orders: /* {"app": "dbt", "dbt_version": "1.7.9", "profile_name": "foodingo", "target_name": "dev", "node_id": "model.foodingo.stg_orders"} */
drop view if exists "foodingo_warehouse"."analytics_analytics"."stg_orders__dbt_backup" cascade
[0m16:20:41.202084 [debug] [Thread-1 (]: SQL status: DROP VIEW in 0.0 seconds
[0m16:20:41.202772 [debug] [Thread-1 (]: Timing info for model.foodingo.stg_cart (execute): 16:20:41.120159 => 16:20:41.202696
[0m16:20:41.202223 [debug] [Thread-2 (]: SQL status: DROP VIEW in 0.0 seconds
[0m16:20:41.203459 [debug] [Thread-2 (]: Timing info for model.foodingo.stg_orders (execute): 16:20:41.165500 => 16:20:41.203387
[0m16:20:41.202941 [debug] [Thread-1 (]: On model.foodingo.stg_cart: Close
[0m16:20:41.203614 [debug] [Thread-2 (]: On model.foodingo.stg_orders: Close
[0m16:20:41.204293 [debug] [Thread-2 (]: Sending event: {'category': 'dbt', 'action': 'run_model', 'label': '087cd6fa-f129-42a1-ba2e-0ead8b6e2f33', 'context': [<snowplow_tracker.self_describing_json.SelfDescribingJson object at 0xffff8f960c50>]}
[0m16:20:41.203971 [debug] [Thread-1 (]: Sending event: {'category': 'dbt', 'action': 'run_model', 'label': '087cd6fa-f129-42a1-ba2e-0ead8b6e2f33', 'context': [<snowplow_tracker.self_describing_json.SelfDescribingJson object at 0xffff8f751fd0>]}
[0m16:20:41.204601 [info ] [Thread-2 (]: 2 of 10 OK created sql view model analytics_analytics.stg_orders ............... [[32mCREATE VIEW[0m in 0.09s]
[0m16:20:41.205263 [debug] [Thread-2 (]: Finished running node model.foodingo.stg_orders
[0m16:20:41.204928 [info ] [Thread-1 (]: 1 of 10 OK created sql view model analytics_analytics.stg_cart ................. [[32mCREATE VIEW[0m in 0.09s]
[0m16:20:41.205842 [debug] [Thread-1 (]: Finished running node model.foodingo.stg_cart
[0m16:20:41.205514 [debug] [Thread-2 (]: Began running node model.foodingo.stg_users
[0m16:20:41.206397 [info ] [Thread-2 (]: 3 of 10 START sql view model analytics_analytics.stg_users ..................... [RUN]
[0m16:20:41.206093 [debug] [Thread-1 (]: Began running node model.foodingo.fact_orders
[0m16:20:41.207129 [info ] [Thread-1 (]: 4 of 10 START sql table model analytics_analytics.fact_orders .................. [RUN]
[0m16:20:41.206787 [debug] [Thread-2 (]: Re-using an available connection from the pool (formerly model.foodingo.stg_orders, now model.foodingo.stg_users)
[0m16:20:41.207727 [debug] [Thread-2 (]: Began compiling node model.foodingo.stg_users
[0m16:20:41.207527 [debug] [Thread-1 (]: Re-using an available connection from the pool (formerly model.foodingo.stg_cart, now model.foodingo.fact_orders)
[0m16:20:41.209303 [debug] [Thread-1 (]: Began compiling node model.foodingo.fact_orders
[0m16:20:41.209094 [debug] [Thread-2 (]: Writing injected SQL for node "model.foodingo.stg_users"
[0m16:20:41.210448 [debug] [Thread-1 (]: Writing injected SQL for node "model.foodingo.fact_orders"
[0m16:20:41.211462 [debug] [Thread-2 (]: Timing info for model.foodingo.stg_users (compile): 16:20:41.207880 => 16:20:41.211105
[0m16:20:41.211701 [debug] [Thread-1 (]: Timing info for model.foodingo.fact_orders (compile): 16:20:41.209418 => 16:20:41.211595
[0m16:20:41.212086 [debug] [Thread-1 (]: Began executing node model.foodingo.fact_orders
[0m16:20:41.211912 [debug] [Thread-2 (]: Began executing node model.foodingo.stg_users
[0m16:20:41.221434 [debug] [Thread-1 (]: Writing runtime sql for node "model.foodingo.fact_orders"
[0m16:20:41.223319 [debug] [Thread-2 (]: Writing runtime sql for node "model.foodingo.stg_users"
[0m16:20:41.224095 [debug] [Thread-1 (]: Using postgres connection "model.foodingo.fact_orders"
[0m16:20:41.224503 [debug] [Thread-1 (]: On model.foodingo.fact_orders: BEGIN
[0m16:20:41.224683 [debug] [Thread-1 (]: Opening a new connection, currently in state closed
[0m16:20:41.224352 [debug] [Thread-2 (]: Using postgres connection "model.foodingo.stg_users"
[0m16:20:41.224939 [debug] [Thread-2 (]: On model.foodingo.stg_users: BEGIN
[0m16:20:41.225174 [debug] [Thread-2 (]: Opening a new connection, currently in state closed
[0m16:20:41.227804 [debug] [Thread-2 (]: SQL status: BEGIN in 0.0 seconds
[0m16:20:41.228046 [debug] [Thread-2 (]: Using postgres connection "model.foodingo.stg_users"
[0m16:20:41.228271 [debug] [Thread-2 (]: On model.foodingo.stg_users: /* {"app": "dbt", "dbt_version": "1.7.9", "profile_name": "foodingo", "target_name": "dev", "node_id": "model.foodingo.stg_users"} */

  create view "foodingo_warehouse"."analytics_analytics"."stg_users__dbt_tmp"
    
    
  as (
    -- models/staging/stg_users.sql


SELECT
    user_id,
    email,
    name,
    event_type,
    event_timestamp,
    ingested_at
FROM raw.user_events
WHERE user_id IS NOT NULL
  );
[0m16:20:41.228403 [debug] [Thread-1 (]: SQL status: BEGIN in 0.0 seconds
[0m16:20:41.228655 [debug] [Thread-1 (]: Using postgres connection "model.foodingo.fact_orders"
[0m16:20:41.228885 [debug] [Thread-1 (]: On model.foodingo.fact_orders: /* {"app": "dbt", "dbt_version": "1.7.9", "profile_name": "foodingo", "target_name": "dev", "node_id": "model.foodingo.fact_orders"} */

  
    

  create  table "foodingo_warehouse"."analytics_analytics"."fact_orders__dbt_tmp"
  
  
    as
  
  (
    -- models/facts/fact_orders.sql
-- One row per paid order — the primary fact table for revenue analytics



SELECT
    order_id,
    user_id,
    amount,
    payment_status,
    order_status,
    ordered_items,
    jsonb_array_length(ordered_items)   AS item_count,
    DATE(event_timestamp)               AS order_date,
    EXTRACT(HOUR FROM event_timestamp)  AS order_hour,
    event_timestamp                     AS created_at
FROM "foodingo_warehouse"."analytics_analytics"."stg_orders"
WHERE event_type = 'order.created'
  AND payment_status IS NOT NULL
  );
  
[0m16:20:41.229573 [debug] [Thread-2 (]: SQL status: CREATE VIEW in 0.0 seconds
[0m16:20:41.231147 [debug] [Thread-2 (]: Using postgres connection "model.foodingo.stg_users"
[0m16:20:41.231360 [debug] [Thread-2 (]: On model.foodingo.stg_users: /* {"app": "dbt", "dbt_version": "1.7.9", "profile_name": "foodingo", "target_name": "dev", "node_id": "model.foodingo.stg_users"} */
alter table "foodingo_warehouse"."analytics_analytics"."stg_users" rename to "stg_users__dbt_backup"
[0m16:20:41.231769 [debug] [Thread-2 (]: SQL status: ALTER TABLE in 0.0 seconds
[0m16:20:41.233121 [debug] [Thread-2 (]: Using postgres connection "model.foodingo.stg_users"
[0m16:20:41.233440 [debug] [Thread-2 (]: On model.foodingo.stg_users: /* {"app": "dbt", "dbt_version": "1.7.9", "profile_name": "foodingo", "target_name": "dev", "node_id": "model.foodingo.stg_users"} */
alter table "foodingo_warehouse"."analytics_analytics"."stg_users__dbt_tmp" rename to "stg_users"
[0m16:20:41.233280 [debug] [Thread-1 (]: SQL status: SELECT 1 in 0.0 seconds
[0m16:20:41.234686 [debug] [Thread-1 (]: Using postgres connection "model.foodingo.fact_orders"
[0m16:20:41.234837 [debug] [Thread-2 (]: SQL status: ALTER TABLE in 0.0 seconds
[0m16:20:41.235113 [debug] [Thread-1 (]: On model.foodingo.fact_orders: /* {"app": "dbt", "dbt_version": "1.7.9", "profile_name": "foodingo", "target_name": "dev", "node_id": "model.foodingo.fact_orders"} */
alter table "foodingo_warehouse"."analytics_analytics"."fact_orders" rename to "fact_orders__dbt_backup"
[0m16:20:41.235899 [debug] [Thread-2 (]: On model.foodingo.stg_users: COMMIT
[0m16:20:41.236202 [debug] [Thread-2 (]: Using postgres connection "model.foodingo.stg_users"
[0m16:20:41.236502 [debug] [Thread-2 (]: On model.foodingo.stg_users: COMMIT
[0m16:20:41.236355 [debug] [Thread-1 (]: SQL status: ALTER TABLE in 0.0 seconds
[0m16:20:41.237729 [debug] [Thread-1 (]: Using postgres connection "model.foodingo.fact_orders"
[0m16:20:41.237874 [debug] [Thread-2 (]: SQL status: COMMIT in 0.0 seconds
[0m16:20:41.238029 [debug] [Thread-1 (]: On model.foodingo.fact_orders: /* {"app": "dbt", "dbt_version": "1.7.9", "profile_name": "foodingo", "target_name": "dev", "node_id": "model.foodingo.fact_orders"} */
alter table "foodingo_warehouse"."analytics_analytics"."fact_orders__dbt_tmp" rename to "fact_orders"
[0m16:20:41.239015 [debug] [Thread-2 (]: Applying DROP to: "foodingo_warehouse"."analytics_analytics"."stg_users__dbt_backup"
[0m16:20:41.239465 [debug] [Thread-2 (]: Using postgres connection "model.foodingo.stg_users"
[0m16:20:41.239610 [debug] [Thread-1 (]: SQL status: ALTER TABLE in 0.0 seconds
[0m16:20:41.239760 [debug] [Thread-2 (]: On model.foodingo.stg_users: /* {"app": "dbt", "dbt_version": "1.7.9", "profile_name": "foodingo", "target_name": "dev", "node_id": "model.foodingo.stg_users"} */
drop view if exists "foodingo_warehouse"."analytics_analytics"."stg_users__dbt_backup" cascade
[0m16:20:41.241901 [debug] [Thread-1 (]: On model.foodingo.fact_orders: COMMIT
[0m16:20:41.242173 [debug] [Thread-1 (]: Using postgres connection "model.foodingo.fact_orders"
[0m16:20:41.242382 [debug] [Thread-1 (]: On model.foodingo.fact_orders: COMMIT
[0m16:20:41.242777 [debug] [Thread-1 (]: SQL status: COMMIT in 0.0 seconds
[0m16:20:41.242935 [debug] [Thread-2 (]: SQL status: DROP VIEW in 0.0 seconds
[0m16:20:41.244478 [debug] [Thread-2 (]: Timing info for model.foodingo.stg_users (execute): 16:20:41.221709 => 16:20:41.244402
[0m16:20:41.243923 [debug] [Thread-1 (]: Applying DROP to: "foodingo_warehouse"."analytics_analytics"."fact_orders__dbt_backup"
[0m16:20:41.244646 [debug] [Thread-2 (]: On model.foodingo.stg_users: Close
[0m16:20:41.246293 [debug] [Thread-2 (]: Sending event: {'category': 'dbt', 'action': 'run_model', 'label': '087cd6fa-f129-42a1-ba2e-0ead8b6e2f33', 'context': [<snowplow_tracker.self_describing_json.SelfDescribingJson object at 0xffff8e2b8a50>]}
[0m16:20:41.245916 [debug] [Thread-1 (]: Using postgres connection "model.foodingo.fact_orders"
[0m16:20:41.246590 [info ] [Thread-2 (]: 3 of 10 OK created sql view model analytics_analytics.stg_users ................ [[32mCREATE VIEW[0m in 0.04s]
[0m16:20:41.247112 [debug] [Thread-2 (]: Finished running node model.foodingo.stg_users
[0m16:20:41.246781 [debug] [Thread-1 (]: On model.foodingo.fact_orders: /* {"app": "dbt", "dbt_version": "1.7.9", "profile_name": "foodingo", "target_name": "dev", "node_id": "model.foodingo.fact_orders"} */
drop table if exists "foodingo_warehouse"."analytics_analytics"."fact_orders__dbt_backup" cascade
[0m16:20:41.247347 [debug] [Thread-2 (]: Began running node model.foodingo.fact_cart_events
[0m16:20:41.247679 [info ] [Thread-2 (]: 5 of 10 START sql table model analytics_analytics.fact_cart_events ............. [RUN]
[0m16:20:41.248067 [debug] [Thread-2 (]: Re-using an available connection from the pool (formerly model.foodingo.stg_users, now model.foodingo.fact_cart_events)
[0m16:20:41.248317 [debug] [Thread-2 (]: Began compiling node model.foodingo.fact_cart_events
[0m16:20:41.249702 [debug] [Thread-2 (]: Writing injected SQL for node "model.foodingo.fact_cart_events"
[0m16:20:41.249873 [debug] [Thread-1 (]: SQL status: DROP TABLE in 0.0 seconds
[0m16:20:41.250563 [debug] [Thread-1 (]: Timing info for model.foodingo.fact_orders (execute): 16:20:41.212199 => 16:20:41.250481
[0m16:20:41.250800 [debug] [Thread-1 (]: On model.foodingo.fact_orders: Close
[0m16:20:41.251322 [debug] [Thread-1 (]: Sending event: {'category': 'dbt', 'action': 'run_model', 'label': '087cd6fa-f129-42a1-ba2e-0ead8b6e2f33', 'context': [<snowplow_tracker.self_describing_json.SelfDescribingJson object at 0xffff8fa37e10>]}
[0m16:20:41.250985 [debug] [Thread-2 (]: Timing info for model.foodingo.fact_cart_events (compile): 16:20:41.248487 => 16:20:41.250904
[0m16:20:41.251630 [info ] [Thread-1 (]: 4 of 10 OK created sql table model analytics_analytics.fact_orders ............. [[32mSELECT 1[0m in 0.04s]
[0m16:20:41.252143 [debug] [Thread-1 (]: Finished running node model.foodingo.fact_orders
[0m16:20:41.251820 [debug] [Thread-2 (]: Began executing node model.foodingo.fact_cart_events
[0m16:20:41.254258 [debug] [Thread-2 (]: Writing runtime sql for node "model.foodingo.fact_cart_events"
[0m16:20:41.254450 [debug] [Thread-1 (]: Began running node model.foodingo.daily_revenue
[0m16:20:41.254750 [info ] [Thread-1 (]: 6 of 10 START sql table model analytics_analytics.daily_revenue ................ [RUN]
[0m16:20:41.255231 [debug] [Thread-1 (]: Re-using an available connection from the pool (formerly model.foodingo.fact_orders, now model.foodingo.daily_revenue)
[0m16:20:41.255516 [debug] [Thread-2 (]: Using postgres connection "model.foodingo.fact_cart_events"
[0m16:20:41.256133 [debug] [Thread-2 (]: On model.foodingo.fact_cart_events: BEGIN
[0m16:20:41.255692 [debug] [Thread-1 (]: Began compiling node model.foodingo.daily_revenue
[0m16:20:41.256329 [debug] [Thread-2 (]: Opening a new connection, currently in state closed
[0m16:20:41.257653 [debug] [Thread-1 (]: Writing injected SQL for node "model.foodingo.daily_revenue"
[0m16:20:41.258520 [debug] [Thread-1 (]: Timing info for model.foodingo.daily_revenue (compile): 16:20:41.256440 => 16:20:41.258370
[0m16:20:41.258737 [debug] [Thread-1 (]: Began executing node model.foodingo.daily_revenue
[0m16:20:41.261153 [debug] [Thread-1 (]: Writing runtime sql for node "model.foodingo.daily_revenue"
[0m16:20:41.261442 [debug] [Thread-2 (]: SQL status: BEGIN in 0.0 seconds
[0m16:20:41.261819 [debug] [Thread-1 (]: Using postgres connection "model.foodingo.daily_revenue"
[0m16:20:41.262208 [debug] [Thread-1 (]: On model.foodingo.daily_revenue: BEGIN
[0m16:20:41.262015 [debug] [Thread-2 (]: Using postgres connection "model.foodingo.fact_cart_events"
[0m16:20:41.262596 [debug] [Thread-2 (]: On model.foodingo.fact_cart_events: /* {"app": "dbt", "dbt_version": "1.7.9", "profile_name": "foodingo", "target_name": "dev", "node_id": "model.foodingo.fact_cart_events"} */

  
    

  create  table "foodingo_warehouse"."analytics_analytics"."fact_cart_events__dbt_tmp"
  
  
    as
  
  (
    -- models/facts/fact_cart_events.sql


SELECT
    user_id,
    food_id,
    quantity,
    event_type,
    DATE(event_timestamp)               AS event_date,
    EXTRACT(HOUR FROM event_timestamp)  AS event_hour,
    event_timestamp                     AS event_time
FROM "foodingo_warehouse"."analytics_analytics"."stg_cart"
  );
  
[0m16:20:41.262389 [debug] [Thread-1 (]: Opening a new connection, currently in state closed
[0m16:20:41.265152 [debug] [Thread-1 (]: SQL status: BEGIN in 0.0 seconds
[0m16:20:41.265519 [debug] [Thread-1 (]: Using postgres connection "model.foodingo.daily_revenue"
[0m16:20:41.265342 [debug] [Thread-2 (]: SQL status: SELECT 15 in 0.0 seconds
[0m16:20:41.265697 [debug] [Thread-1 (]: On model.foodingo.daily_revenue: /* {"app": "dbt", "dbt_version": "1.7.9", "profile_name": "foodingo", "target_name": "dev", "node_id": "model.foodingo.daily_revenue"} */

  
    

  create  table "foodingo_warehouse"."analytics_analytics"."daily_revenue__dbt_tmp"
  
  
    as
  
  (
    -- models/marts/daily_revenue.sql


SELECT
    order_date                          AS revenue_date,
    SUM(amount)                         AS total_revenue,
    COUNT(order_id)                     AS order_count,
    AVG(amount)                         AS avg_order_value,
    COUNT(DISTINCT user_id)             AS unique_users
FROM "foodingo_warehouse"."analytics_analytics"."fact_orders"
WHERE payment_status = 'paid'
GROUP BY order_date
ORDER BY order_date DESC
  );
  
[0m16:20:41.267964 [debug] [Thread-2 (]: Using postgres connection "model.foodingo.fact_cart_events"
[0m16:20:41.268222 [debug] [Thread-2 (]: On model.foodingo.fact_cart_events: /* {"app": "dbt", "dbt_version": "1.7.9", "profile_name": "foodingo", "target_name": "dev", "node_id": "model.foodingo.fact_cart_events"} */
alter table "foodingo_warehouse"."analytics_analytics"."fact_cart_events" rename to "fact_cart_events__dbt_backup"
[0m16:20:41.268564 [debug] [Thread-2 (]: SQL status: ALTER TABLE in 0.0 seconds
[0m16:20:41.269776 [debug] [Thread-2 (]: Using postgres connection "model.foodingo.fact_cart_events"
[0m16:20:41.270004 [debug] [Thread-2 (]: On model.foodingo.fact_cart_events: /* {"app": "dbt", "dbt_version": "1.7.9", "profile_name": "foodingo", "target_name": "dev", "node_id": "model.foodingo.fact_cart_events"} */
alter table "foodingo_warehouse"."analytics_analytics"."fact_cart_events__dbt_tmp" rename to "fact_cart_events"
[0m16:20:41.270316 [debug] [Thread-2 (]: SQL status: ALTER TABLE in 0.0 seconds
[0m16:20:41.271176 [debug] [Thread-2 (]: On model.foodingo.fact_cart_events: COMMIT
[0m16:20:41.271464 [debug] [Thread-2 (]: Using postgres connection "model.foodingo.fact_cart_events"
[0m16:20:41.271319 [debug] [Thread-1 (]: SQL status: SELECT 0 in 0.0 seconds
[0m16:20:41.271609 [debug] [Thread-2 (]: On model.foodingo.fact_cart_events: COMMIT
[0m16:20:41.272804 [debug] [Thread-1 (]: Using postgres connection "model.foodingo.daily_revenue"
[0m16:20:41.273298 [debug] [Thread-1 (]: On model.foodingo.daily_revenue: /* {"app": "dbt", "dbt_version": "1.7.9", "profile_name": "foodingo", "target_name": "dev", "node_id": "model.foodingo.daily_revenue"} */
alter table "foodingo_warehouse"."analytics_analytics"."daily_revenue" rename to "daily_revenue__dbt_backup"
[0m16:20:41.273463 [debug] [Thread-2 (]: SQL status: COMMIT in 0.0 seconds
[0m16:20:41.274590 [debug] [Thread-2 (]: Applying DROP to: "foodingo_warehouse"."analytics_analytics"."fact_cart_events__dbt_backup"
[0m16:20:41.274717 [debug] [Thread-1 (]: SQL status: ALTER TABLE in 0.0 seconds
[0m16:20:41.275088 [debug] [Thread-2 (]: Using postgres connection "model.foodingo.fact_cart_events"
[0m16:20:41.276367 [debug] [Thread-2 (]: On model.foodingo.fact_cart_events: /* {"app": "dbt", "dbt_version": "1.7.9", "profile_name": "foodingo", "target_name": "dev", "node_id": "model.foodingo.fact_cart_events"} */
drop table if exists "foodingo_warehouse"."analytics_analytics"."fact_cart_events__dbt_backup" cascade
[0m16:20:41.276193 [debug] [Thread-1 (]: Using postgres connection "model.foodingo.daily_revenue"
[0m16:20:41.276573 [debug] [Thread-1 (]: On model.foodingo.daily_revenue: /* {"app": "dbt", "dbt_version": "1.7.9", "profile_name": "foodingo", "target_name": "dev", "node_id": "model.foodingo.daily_revenue"} */
alter table "foodingo_warehouse"."analytics_analytics"."daily_revenue__dbt_tmp" rename to "daily_revenue"
[0m16:20:41.276891 [debug] [Thread-1 (]: SQL status: ALTER TABLE in 0.0 seconds
[0m16:20:41.277715 [debug] [Thread-1 (]: On model.foodingo.daily_revenue: COMMIT
[0m16:20:41.277982 [debug] [Thread-1 (]: Using postgres connection "model.foodingo.daily_revenue"
[0m16:20:41.277843 [debug] [Thread-2 (]: SQL status: DROP TABLE in 0.0 seconds
[0m16:20:41.278714 [debug] [Thread-2 (]: Timing info for model.foodingo.fact_cart_events (execute): 16:20:41.252525 => 16:20:41.278636
[0m16:20:41.278132 [debug] [Thread-1 (]: On model.foodingo.daily_revenue: COMMIT
[0m16:20:41.278923 [debug] [Thread-2 (]: On model.foodingo.fact_cart_events: Close
[0m16:20:41.279370 [debug] [Thread-2 (]: Sending event: {'category': 'dbt', 'action': 'run_model', 'label': '087cd6fa-f129-42a1-ba2e-0ead8b6e2f33', 'context': [<snowplow_tracker.self_describing_json.SelfDescribingJson object at 0xffff8e34c710>]}
[0m16:20:41.279532 [debug] [Thread-1 (]: SQL status: COMMIT in 0.0 seconds
[0m16:20:41.279776 [info ] [Thread-2 (]: 5 of 10 OK created sql table model analytics_analytics.fact_cart_events ........ [[32mSELECT 15[0m in 0.03s]
[0m16:20:41.281243 [debug] [Thread-2 (]: Finished running node model.foodingo.fact_cart_events
[0m16:20:41.280986 [debug] [Thread-1 (]: Applying DROP to: "foodingo_warehouse"."analytics_analytics"."daily_revenue__dbt_backup"
[0m16:20:41.281447 [debug] [Thread-2 (]: Began running node model.foodingo.food_popularity
[0m16:20:41.282196 [info ] [Thread-2 (]: 7 of 10 START sql table model analytics_analytics.food_popularity .............. [RUN]
[0m16:20:41.281949 [debug] [Thread-1 (]: Using postgres connection "model.foodingo.daily_revenue"
[0m16:20:41.282750 [debug] [Thread-1 (]: On model.foodingo.daily_revenue: /* {"app": "dbt", "dbt_version": "1.7.9", "profile_name": "foodingo", "target_name": "dev", "node_id": "model.foodingo.daily_revenue"} */
drop table if exists "foodingo_warehouse"."analytics_analytics"."daily_revenue__dbt_backup" cascade
[0m16:20:41.282549 [debug] [Thread-2 (]: Re-using an available connection from the pool (formerly model.foodingo.fact_cart_events, now model.foodingo.food_popularity)
[0m16:20:41.283038 [debug] [Thread-2 (]: Began compiling node model.foodingo.food_popularity
[0m16:20:41.284527 [debug] [Thread-2 (]: Writing injected SQL for node "model.foodingo.food_popularity"
[0m16:20:41.284684 [debug] [Thread-1 (]: SQL status: DROP TABLE in 0.0 seconds
[0m16:20:41.285503 [debug] [Thread-1 (]: Timing info for model.foodingo.daily_revenue (execute): 16:20:41.258860 => 16:20:41.285422
[0m16:20:41.285738 [debug] [Thread-1 (]: On model.foodingo.daily_revenue: Close
[0m16:20:41.286271 [debug] [Thread-1 (]: Sending event: {'category': 'dbt', 'action': 'run_model', 'label': '087cd6fa-f129-42a1-ba2e-0ead8b6e2f33', 'context': [<snowplow_tracker.self_describing_json.SelfDescribingJson object at 0xffff8f6c0fd0>]}
[0m16:20:41.285924 [debug] [Thread-2 (]: Timing info for model.foodingo.food_popularity (compile): 16:20:41.283176 => 16:20:41.285835
[0m16:20:41.286557 [info ] [Thread-1 (]: 6 of 10 OK created sql table model analytics_analytics.daily_revenue ........... [[32mSELECT 0[0m in 0.03s]
[0m16:20:41.287116 [debug] [Thread-1 (]: Finished running node model.foodingo.daily_revenue
[0m16:20:41.286785 [debug] [Thread-2 (]: Began executing node model.foodingo.food_popularity
[0m16:20:41.287350 [debug] [Thread-1 (]: Began running node model.foodingo.ml_user_order_matrix
[0m16:20:41.289445 [info ] [Thread-1 (]: 8 of 10 START sql table model analytics_analytics.ml_user_order_matrix ......... [RUN]
[0m16:20:41.289183 [debug] [Thread-2 (]: Writing runtime sql for node "model.foodingo.food_popularity"
[0m16:20:41.289886 [debug] [Thread-1 (]: Re-using an available connection from the pool (formerly model.foodingo.daily_revenue, now model.foodingo.ml_user_order_matrix)
[0m16:20:41.290539 [debug] [Thread-1 (]: Began compiling node model.foodingo.ml_user_order_matrix
[0m16:20:41.291924 [debug] [Thread-1 (]: Writing injected SQL for node "model.foodingo.ml_user_order_matrix"
[0m16:20:41.292181 [debug] [Thread-2 (]: Using postgres connection "model.foodingo.food_popularity"
[0m16:20:41.292427 [debug] [Thread-2 (]: On model.foodingo.food_popularity: BEGIN
[0m16:20:41.292631 [debug] [Thread-2 (]: Opening a new connection, currently in state closed
[0m16:20:41.292810 [debug] [Thread-1 (]: Timing info for model.foodingo.ml_user_order_matrix (compile): 16:20:41.290704 => 16:20:41.292721
[0m16:20:41.293209 [debug] [Thread-1 (]: Began executing node model.foodingo.ml_user_order_matrix
[0m16:20:41.296190 [debug] [Thread-1 (]: Writing runtime sql for node "model.foodingo.ml_user_order_matrix"
[0m16:20:41.296576 [debug] [Thread-2 (]: SQL status: BEGIN in 0.0 seconds
[0m16:20:41.296931 [debug] [Thread-2 (]: Using postgres connection "model.foodingo.food_popularity"
[0m16:20:41.297306 [debug] [Thread-2 (]: On model.foodingo.food_popularity: /* {"app": "dbt", "dbt_version": "1.7.9", "profile_name": "foodingo", "target_name": "dev", "node_id": "model.foodingo.food_popularity"} */

  
    

  create  table "foodingo_warehouse"."analytics_analytics"."food_popularity__dbt_tmp"
  
  
    as
  
  (
    -- models/marts/food_popularity.sql
-- Explodes the ordered_items JSONB array to get per-food-item order counts



WITH exploded AS (
    SELECT
        order_id,
        amount,
        jsonb_array_elements(ordered_items) AS item
    FROM "foodingo_warehouse"."analytics_analytics"."fact_orders"
    WHERE payment_status = 'paid'
)

SELECT
    item->>'foodId'       AS food_id,
    item->>'name'         AS food_name,
    item->>'category'     AS category,
    COUNT(*)              AS order_count,
    SUM(
        (item->>'price')::DECIMAL * (item->>'quantity')::INT
    )                     AS total_revenue,
    AVG((item->>'price')::DECIMAL) AS avg_price
FROM exploded
WHERE item->>'foodId' IS NOT NULL
GROUP BY food_id, food_name, category
ORDER BY order_count DESC
  );
  
[0m16:20:41.297127 [debug] [Thread-1 (]: Using postgres connection "model.foodingo.ml_user_order_matrix"
[0m16:20:41.297585 [debug] [Thread-1 (]: On model.foodingo.ml_user_order_matrix: BEGIN
[0m16:20:41.297756 [debug] [Thread-1 (]: Opening a new connection, currently in state closed
[0m16:20:41.300389 [debug] [Thread-1 (]: SQL status: BEGIN in 0.0 seconds
[0m16:20:41.300575 [debug] [Thread-1 (]: Using postgres connection "model.foodingo.ml_user_order_matrix"
[0m16:20:41.300816 [debug] [Thread-1 (]: On model.foodingo.ml_user_order_matrix: /* {"app": "dbt", "dbt_version": "1.7.9", "profile_name": "foodingo", "target_name": "dev", "node_id": "model.foodingo.ml_user_order_matrix"} */

  
    

  create  table "foodingo_warehouse"."analytics_analytics"."ml_user_order_matrix__dbt_tmp"
  
  
    as
  
  (
    -- models/marts/ml_user_order_matrix.sql
-- User × Food order count matrix — input for collaborative filtering recommender



WITH exploded AS (
    SELECT
        user_id,
        jsonb_array_elements(ordered_items)->>'foodId' AS food_id
    FROM "foodingo_warehouse"."analytics_analytics"."fact_orders"
    WHERE payment_status = 'paid'
      AND user_id IS NOT NULL
)

SELECT
    user_id,
    food_id,
    COUNT(*)   AS order_count
FROM exploded
WHERE food_id IS NOT NULL
GROUP BY user_id, food_id
  );
  
[0m16:20:41.301127 [debug] [Thread-2 (]: SQL status: SELECT 0 in 0.0 seconds
[0m16:20:41.302566 [debug] [Thread-2 (]: Using postgres connection "model.foodingo.food_popularity"
[0m16:20:41.302766 [debug] [Thread-2 (]: On model.foodingo.food_popularity: /* {"app": "dbt", "dbt_version": "1.7.9", "profile_name": "foodingo", "target_name": "dev", "node_id": "model.foodingo.food_popularity"} */
alter table "foodingo_warehouse"."analytics_analytics"."food_popularity__dbt_tmp" rename to "food_popularity"
[0m16:20:41.303140 [debug] [Thread-2 (]: SQL status: ALTER TABLE in 0.0 seconds
[0m16:20:41.303295 [debug] [Thread-1 (]: SQL status: SELECT 0 in 0.0 seconds
[0m16:20:41.303995 [debug] [Thread-2 (]: On model.foodingo.food_popularity: COMMIT
[0m16:20:41.305261 [debug] [Thread-2 (]: Using postgres connection "model.foodingo.food_popularity"
[0m16:20:41.305090 [debug] [Thread-1 (]: Using postgres connection "model.foodingo.ml_user_order_matrix"
[0m16:20:41.305557 [debug] [Thread-1 (]: On model.foodingo.ml_user_order_matrix: /* {"app": "dbt", "dbt_version": "1.7.9", "profile_name": "foodingo", "target_name": "dev", "node_id": "model.foodingo.ml_user_order_matrix"} */
alter table "foodingo_warehouse"."analytics_analytics"."ml_user_order_matrix__dbt_tmp" rename to "ml_user_order_matrix"
[0m16:20:41.305416 [debug] [Thread-2 (]: On model.foodingo.food_popularity: COMMIT
[0m16:20:41.305833 [debug] [Thread-1 (]: SQL status: ALTER TABLE in 0.0 seconds
[0m16:20:41.306645 [debug] [Thread-1 (]: On model.foodingo.ml_user_order_matrix: COMMIT
[0m16:20:41.305973 [debug] [Thread-2 (]: SQL status: COMMIT in 0.0 seconds
[0m16:20:41.306831 [debug] [Thread-1 (]: Using postgres connection "model.foodingo.ml_user_order_matrix"
[0m16:20:41.309281 [debug] [Thread-1 (]: On model.foodingo.ml_user_order_matrix: COMMIT
[0m16:20:41.309075 [debug] [Thread-2 (]: Applying DROP to: "foodingo_warehouse"."analytics_analytics"."food_popularity__dbt_backup"
[0m16:20:41.309728 [debug] [Thread-2 (]: Using postgres connection "model.foodingo.food_popularity"
[0m16:20:41.309879 [debug] [Thread-1 (]: SQL status: COMMIT in 0.0 seconds
[0m16:20:41.310031 [debug] [Thread-2 (]: On model.foodingo.food_popularity: /* {"app": "dbt", "dbt_version": "1.7.9", "profile_name": "foodingo", "target_name": "dev", "node_id": "model.foodingo.food_popularity"} */
drop table if exists "foodingo_warehouse"."analytics_analytics"."food_popularity__dbt_backup" cascade
[0m16:20:41.310957 [debug] [Thread-1 (]: Applying DROP to: "foodingo_warehouse"."analytics_analytics"."ml_user_order_matrix__dbt_backup"
[0m16:20:41.311371 [debug] [Thread-1 (]: Using postgres connection "model.foodingo.ml_user_order_matrix"
[0m16:20:41.311515 [debug] [Thread-2 (]: SQL status: DROP TABLE in 0.0 seconds
[0m16:20:41.311650 [debug] [Thread-1 (]: On model.foodingo.ml_user_order_matrix: /* {"app": "dbt", "dbt_version": "1.7.9", "profile_name": "foodingo", "target_name": "dev", "node_id": "model.foodingo.ml_user_order_matrix"} */
drop table if exists "foodingo_warehouse"."analytics_analytics"."ml_user_order_matrix__dbt_backup" cascade
[0m16:20:41.312159 [debug] [Thread-2 (]: Timing info for model.foodingo.food_popularity (execute): 16:20:41.287515 => 16:20:41.312079
[0m16:20:41.312398 [debug] [Thread-2 (]: On model.foodingo.food_popularity: Close
[0m16:20:41.312534 [debug] [Thread-1 (]: SQL status: DROP TABLE in 0.0 seconds
[0m16:20:41.313389 [debug] [Thread-1 (]: Timing info for model.foodingo.ml_user_order_matrix (execute): 16:20:41.293497 => 16:20:41.313316
[0m16:20:41.312880 [debug] [Thread-2 (]: Sending event: {'category': 'dbt', 'action': 'run_model', 'label': '087cd6fa-f129-42a1-ba2e-0ead8b6e2f33', 'context': [<snowplow_tracker.self_describing_json.SelfDescribingJson object at 0xffff8fa36dd0>]}
[0m16:20:41.313561 [debug] [Thread-1 (]: On model.foodingo.ml_user_order_matrix: Close
[0m16:20:41.314253 [debug] [Thread-1 (]: Sending event: {'category': 'dbt', 'action': 'run_model', 'label': '087cd6fa-f129-42a1-ba2e-0ead8b6e2f33', 'context': [<snowplow_tracker.self_describing_json.SelfDescribingJson object at 0xffff8f6a7110>]}
[0m16:20:41.313846 [info ] [Thread-2 (]: 7 of 10 OK created sql table model analytics_analytics.food_popularity ......... [[32mSELECT 0[0m in 0.03s]
[0m16:20:41.314562 [info ] [Thread-1 (]: 8 of 10 OK created sql table model analytics_analytics.ml_user_order_matrix .... [[32mSELECT 0[0m in 0.02s]
[0m16:20:41.315167 [debug] [Thread-1 (]: Finished running node model.foodingo.ml_user_order_matrix
[0m16:20:41.314943 [debug] [Thread-2 (]: Finished running node model.foodingo.food_popularity
[0m16:20:41.315633 [debug] [Thread-2 (]: Began running node model.foodingo.user_funnel
[0m16:20:41.315389 [debug] [Thread-1 (]: Began running node model.foodingo.cart_abandonment
[0m16:20:41.316138 [info ] [Thread-1 (]: 9 of 10 START sql table model analytics_analytics.cart_abandonment ............. [RUN]
[0m16:20:41.315870 [info ] [Thread-2 (]: 10 of 10 START sql table model analytics_analytics.user_funnel ................. [RUN]
[0m16:20:41.316623 [debug] [Thread-1 (]: Re-using an available connection from the pool (formerly model.foodingo.ml_user_order_matrix, now model.foodingo.cart_abandonment)
[0m16:20:41.317118 [debug] [Thread-1 (]: Began compiling node model.foodingo.cart_abandonment
[0m16:20:41.316895 [debug] [Thread-2 (]: Re-using an available connection from the pool (formerly model.foodingo.food_popularity, now model.foodingo.user_funnel)
[0m16:20:41.318572 [debug] [Thread-1 (]: Writing injected SQL for node "model.foodingo.cart_abandonment"
[0m16:20:41.318785 [debug] [Thread-2 (]: Began compiling node model.foodingo.user_funnel
[0m16:20:41.320377 [debug] [Thread-2 (]: Writing injected SQL for node "model.foodingo.user_funnel"
[0m16:20:41.320744 [debug] [Thread-1 (]: Timing info for model.foodingo.cart_abandonment (compile): 16:20:41.317259 => 16:20:41.320657
[0m16:20:41.320954 [debug] [Thread-1 (]: Began executing node model.foodingo.cart_abandonment
[0m16:20:41.321223 [debug] [Thread-2 (]: Timing info for model.foodingo.user_funnel (compile): 16:20:41.319012 => 16:20:41.321129
[0m16:20:41.323116 [debug] [Thread-2 (]: Began executing node model.foodingo.user_funnel
[0m16:20:41.322903 [debug] [Thread-1 (]: Writing runtime sql for node "model.foodingo.cart_abandonment"
[0m16:20:41.324884 [debug] [Thread-2 (]: Writing runtime sql for node "model.foodingo.user_funnel"
[0m16:20:41.325446 [debug] [Thread-1 (]: Using postgres connection "model.foodingo.cart_abandonment"
[0m16:20:41.325632 [debug] [Thread-2 (]: Using postgres connection "model.foodingo.user_funnel"
[0m16:20:41.325966 [debug] [Thread-2 (]: On model.foodingo.user_funnel: BEGIN
[0m16:20:41.325785 [debug] [Thread-1 (]: On model.foodingo.cart_abandonment: BEGIN
[0m16:20:41.326310 [debug] [Thread-1 (]: Opening a new connection, currently in state closed
[0m16:20:41.326132 [debug] [Thread-2 (]: Opening a new connection, currently in state closed
[0m16:20:41.329041 [debug] [Thread-1 (]: SQL status: BEGIN in 0.0 seconds
[0m16:20:41.329242 [debug] [Thread-1 (]: Using postgres connection "model.foodingo.cart_abandonment"
[0m16:20:41.329449 [debug] [Thread-1 (]: On model.foodingo.cart_abandonment: /* {"app": "dbt", "dbt_version": "1.7.9", "profile_name": "foodingo", "target_name": "dev", "node_id": "model.foodingo.cart_abandonment"} */

  
    

  create  table "foodingo_warehouse"."analytics_analytics"."cart_abandonment__dbt_tmp"
  
  
    as
  
  (
    -- models/marts/cart_abandonment.sql
-- Identifies users who added to cart but did NOT place an order within 24 hours



WITH cart_users AS (
    SELECT
        user_id,
        MAX(event_time)                 AS last_cart_time,
        COUNT(DISTINCT food_id)         AS cart_item_count
    FROM "foodingo_warehouse"."analytics_analytics"."fact_cart_events"
    WHERE event_type = 'cart.item_added'
    GROUP BY user_id
),

order_users AS (
    SELECT DISTINCT user_id
    FROM "foodingo_warehouse"."analytics_analytics"."fact_orders"
    WHERE payment_status = 'paid'
)

SELECT
    c.user_id,
    c.last_cart_time,
    c.cart_item_count,
    EXTRACT(DAY FROM NOW() - c.last_cart_time)::INT     AS days_since_cart,
    (o.user_id IS NOT NULL)                             AS has_ordered_after
FROM cart_users c
LEFT JOIN order_users o ON c.user_id = o.user_id
ORDER BY days_since_cart DESC
  );
  
[0m16:20:41.329636 [debug] [Thread-2 (]: SQL status: BEGIN in 0.0 seconds
[0m16:20:41.329804 [debug] [Thread-2 (]: Using postgres connection "model.foodingo.user_funnel"
[0m16:20:41.330047 [debug] [Thread-2 (]: On model.foodingo.user_funnel: /* {"app": "dbt", "dbt_version": "1.7.9", "profile_name": "foodingo", "target_name": "dev", "node_id": "model.foodingo.user_funnel"} */

  
    

  create  table "foodingo_warehouse"."analytics_analytics"."user_funnel__dbt_tmp"
  
  
    as
  
  (
    -- models/marts/user_funnel.sql
-- Daily funnel: registered → logged in → added to cart → placed order



WITH daily_registrations AS (
    SELECT DATE(event_timestamp) AS d, COUNT(DISTINCT user_id) AS registered_users
    FROM "foodingo_warehouse"."analytics_analytics"."stg_users"
    WHERE event_type = 'user.registered'
    GROUP BY 1
),

daily_logins AS (
    SELECT DATE(event_timestamp) AS d, COUNT(DISTINCT user_id) AS logged_in_users
    FROM "foodingo_warehouse"."analytics_analytics"."stg_users"
    WHERE event_type = 'user.login'
    GROUP BY 1
),

daily_cart AS (
    SELECT event_date AS d, COUNT(DISTINCT user_id) AS cart_added_users
    FROM "foodingo_warehouse"."analytics_analytics"."fact_cart_events"
    WHERE event_type = 'cart.item_added'
    GROUP BY 1
),

daily_orders AS (
    SELECT order_date AS d, COUNT(DISTINCT user_id) AS ordered_users
    FROM "foodingo_warehouse"."analytics_analytics"."fact_orders"
    WHERE payment_status = 'paid'
    GROUP BY 1
)

SELECT
    r.d                         AS funnel_date,
    r.registered_users,
    COALESCE(l.logged_in_users, 0) AS logged_in_users,
    COALESCE(c.cart_added_users, 0) AS cart_added_users,
    COALESCE(o.ordered_users, 0)    AS ordered_users,
    CASE
        WHEN r.registered_users = 0 THEN 0
        ELSE ROUND(
            100.0 * COALESCE(o.ordered_users, 0) / r.registered_users, 2
        )
    END                         AS reg_to_order_rate
FROM daily_registrations r
LEFT JOIN daily_logins l  ON r.d = l.d
LEFT JOIN daily_cart c    ON r.d = c.d
LEFT JOIN daily_orders o  ON r.d = o.d
ORDER BY funnel_date DESC
  );
  
[0m16:20:41.331939 [debug] [Thread-1 (]: SQL status: SELECT 3 in 0.0 seconds
[0m16:20:41.333462 [debug] [Thread-1 (]: Using postgres connection "model.foodingo.cart_abandonment"
[0m16:20:41.333664 [debug] [Thread-1 (]: On model.foodingo.cart_abandonment: /* {"app": "dbt", "dbt_version": "1.7.9", "profile_name": "foodingo", "target_name": "dev", "node_id": "model.foodingo.cart_abandonment"} */
alter table "foodingo_warehouse"."analytics_analytics"."cart_abandonment" rename to "cart_abandonment__dbt_backup"
[0m16:20:41.333932 [debug] [Thread-2 (]: SQL status: SELECT 1 in 0.0 seconds
[0m16:20:41.334079 [debug] [Thread-1 (]: SQL status: ALTER TABLE in 0.0 seconds
[0m16:20:41.335261 [debug] [Thread-2 (]: Using postgres connection "model.foodingo.user_funnel"
[0m16:20:41.336521 [debug] [Thread-2 (]: On model.foodingo.user_funnel: /* {"app": "dbt", "dbt_version": "1.7.9", "profile_name": "foodingo", "target_name": "dev", "node_id": "model.foodingo.user_funnel"} */
alter table "foodingo_warehouse"."analytics_analytics"."user_funnel" rename to "user_funnel__dbt_backup"
[0m16:20:41.336336 [debug] [Thread-1 (]: Using postgres connection "model.foodingo.cart_abandonment"
[0m16:20:41.336735 [debug] [Thread-1 (]: On model.foodingo.cart_abandonment: /* {"app": "dbt", "dbt_version": "1.7.9", "profile_name": "foodingo", "target_name": "dev", "node_id": "model.foodingo.cart_abandonment"} */
alter table "foodingo_warehouse"."analytics_analytics"."cart_abandonment__dbt_tmp" rename to "cart_abandonment"
[0m16:20:41.336877 [debug] [Thread-2 (]: SQL status: ALTER TABLE in 0.0 seconds
[0m16:20:41.338058 [debug] [Thread-2 (]: Using postgres connection "model.foodingo.user_funnel"
[0m16:20:41.338189 [debug] [Thread-1 (]: SQL status: ALTER TABLE in 0.0 seconds
[0m16:20:41.338357 [debug] [Thread-2 (]: On model.foodingo.user_funnel: /* {"app": "dbt", "dbt_version": "1.7.9", "profile_name": "foodingo", "target_name": "dev", "node_id": "model.foodingo.user_funnel"} */
alter table "foodingo_warehouse"."analytics_analytics"."user_funnel__dbt_tmp" rename to "user_funnel"
[0m16:20:41.339140 [debug] [Thread-1 (]: On model.foodingo.cart_abandonment: COMMIT
[0m16:20:41.339396 [debug] [Thread-1 (]: Using postgres connection "model.foodingo.cart_abandonment"
[0m16:20:41.339695 [debug] [Thread-1 (]: On model.foodingo.cart_abandonment: COMMIT
[0m16:20:41.339545 [debug] [Thread-2 (]: SQL status: ALTER TABLE in 0.0 seconds
[0m16:20:41.340757 [debug] [Thread-2 (]: On model.foodingo.user_funnel: COMMIT
[0m16:20:41.340907 [debug] [Thread-1 (]: SQL status: COMMIT in 0.0 seconds
[0m16:20:41.341075 [debug] [Thread-2 (]: Using postgres connection "model.foodingo.user_funnel"
[0m16:20:41.342397 [debug] [Thread-2 (]: On model.foodingo.user_funnel: COMMIT
[0m16:20:41.342193 [debug] [Thread-1 (]: Applying DROP to: "foodingo_warehouse"."analytics_analytics"."cart_abandonment__dbt_backup"
[0m16:20:41.342914 [debug] [Thread-1 (]: Using postgres connection "model.foodingo.cart_abandonment"
[0m16:20:41.343039 [debug] [Thread-2 (]: SQL status: COMMIT in 0.0 seconds
[0m16:20:41.343303 [debug] [Thread-1 (]: On model.foodingo.cart_abandonment: /* {"app": "dbt", "dbt_version": "1.7.9", "profile_name": "foodingo", "target_name": "dev", "node_id": "model.foodingo.cart_abandonment"} */
drop table if exists "foodingo_warehouse"."analytics_analytics"."cart_abandonment__dbt_backup" cascade
[0m16:20:41.345023 [debug] [Thread-2 (]: Applying DROP to: "foodingo_warehouse"."analytics_analytics"."user_funnel__dbt_backup"
[0m16:20:41.345441 [debug] [Thread-2 (]: Using postgres connection "model.foodingo.user_funnel"
[0m16:20:41.345607 [debug] [Thread-2 (]: On model.foodingo.user_funnel: /* {"app": "dbt", "dbt_version": "1.7.9", "profile_name": "foodingo", "target_name": "dev", "node_id": "model.foodingo.user_funnel"} */
drop table if exists "foodingo_warehouse"."analytics_analytics"."user_funnel__dbt_backup" cascade
[0m16:20:41.345860 [debug] [Thread-1 (]: SQL status: DROP TABLE in 0.0 seconds
[0m16:20:41.346466 [debug] [Thread-1 (]: Timing info for model.foodingo.cart_abandonment (execute): 16:20:41.321302 => 16:20:41.346376
[0m16:20:41.346762 [debug] [Thread-1 (]: On model.foodingo.cart_abandonment: Close
[0m16:20:41.346605 [debug] [Thread-2 (]: SQL status: DROP TABLE in 0.0 seconds
[0m16:20:41.347679 [debug] [Thread-2 (]: Timing info for model.foodingo.user_funnel (execute): 16:20:41.323230 => 16:20:41.347610
[0m16:20:41.347144 [debug] [Thread-1 (]: Sending event: {'category': 'dbt', 'action': 'run_model', 'label': '087cd6fa-f129-42a1-ba2e-0ead8b6e2f33', 'context': [<snowplow_tracker.self_describing_json.SelfDescribingJson object at 0xffff90635550>]}
[0m16:20:41.348165 [info ] [Thread-1 (]: 9 of 10 OK created sql table model analytics_analytics.cart_abandonment ........ [[32mSELECT 3[0m in 0.03s]
[0m16:20:41.347877 [debug] [Thread-2 (]: On model.foodingo.user_funnel: Close
[0m16:20:41.348482 [debug] [Thread-1 (]: Finished running node model.foodingo.cart_abandonment
[0m16:20:41.348829 [debug] [Thread-2 (]: Sending event: {'category': 'dbt', 'action': 'run_model', 'label': '087cd6fa-f129-42a1-ba2e-0ead8b6e2f33', 'context': [<snowplow_tracker.self_describing_json.SelfDescribingJson object at 0xffff8c18f110>]}
[0m16:20:41.349187 [info ] [Thread-2 (]: 10 of 10 OK created sql table model analytics_analytics.user_funnel ............ [[32mSELECT 1[0m in 0.03s]
[0m16:20:41.349530 [debug] [Thread-2 (]: Finished running node model.foodingo.user_funnel
[0m16:20:41.350276 [debug] [MainThread]: Using postgres connection "master"
[0m16:20:41.350472 [debug] [MainThread]: On master: BEGIN
[0m16:20:41.350625 [debug] [MainThread]: Opening a new connection, currently in state closed
[0m16:20:41.352996 [debug] [MainThread]: SQL status: BEGIN in 0.0 seconds
[0m16:20:41.353191 [debug] [MainThread]: On master: COMMIT
[0m16:20:41.353357 [debug] [MainThread]: Using postgres connection "master"
[0m16:20:41.353514 [debug] [MainThread]: On master: COMMIT
[0m16:20:41.353695 [debug] [MainThread]: SQL status: COMMIT in 0.0 seconds
[0m16:20:41.353873 [debug] [MainThread]: On master: Close
[0m16:20:41.354200 [debug] [MainThread]: Connection 'master' was properly closed.
[0m16:20:41.354352 [debug] [MainThread]: Connection 'model.foodingo.cart_abandonment' was properly closed.
[0m16:20:41.354502 [debug] [MainThread]: Connection 'model.foodingo.user_funnel' was properly closed.
[0m16:20:41.354699 [info ] [MainThread]: 
[0m16:20:41.354904 [info ] [MainThread]: Finished running 3 view models, 7 table models in 0 hours 0 minutes and 0.28 seconds (0.28s).
[0m16:20:41.355922 [debug] [MainThread]: Command end result
[0m16:20:41.360672 [info ] [MainThread]: 
[0m16:20:41.360930 [info ] [MainThread]: [32mCompleted successfully[0m
[0m16:20:41.361244 [info ] [MainThread]: 
[0m16:20:41.361478 [info ] [MainThread]: Done. PASS=10 WARN=0 ERROR=0 SKIP=0 TOTAL=10
[0m16:20:41.362076 [debug] [MainThread]: Resource report: {"command_name": "run", "command_success": true, "command_wall_clock_time": 0.46670583, "process_user_time": 1.32596, "process_kernel_time": 0.105076, "process_mem_max_rss": "125484", "process_out_blocks": "2563", "process_in_blocks": "0"}
[0m16:20:41.362350 [debug] [MainThread]: Command `dbt run` succeeded at 16:20:41.362296 after 0.47 seconds
[0m16:20:41.362551 [debug] [MainThread]: Sending event: {'category': 'dbt', 'action': 'invocation', 'label': 'end', 'context': [<snowplow_tracker.self_describing_json.SelfDescribingJson object at 0xffff90642690>, <snowplow_tracker.self_describing_json.SelfDescribingJson object at 0xffff9572d150>, <snowplow_tracker.self_describing_json.SelfDescribingJson object at 0xffff957c5590>]}
[0m16:20:41.362728 [debug] [MainThread]: Flushing usage events
[0m16:36:04.326483 [debug] [MainThread]: Sending event: {'category': 'dbt', 'action': 'invocation', 'label': 'start', 'context': [<snowplow_tracker.self_describing_json.SelfDescribingJson object at 0xffff90ae7a10>, <snowplow_tracker.self_describing_json.SelfDescribingJson object at 0xffff90906110>, <snowplow_tracker.self_describing_json.SelfDescribingJson object at 0xffff90ae7bd0>]}


============================== 16:36:04.329020 | 622eb4f4-1524-49ce-891e-5642255c7569 ==============================
[0m16:36:04.329020 [info ] [MainThread]: Running with dbt=1.7.9
[0m16:36:04.329408 [debug] [MainThread]: running dbt with arguments {'printer_width': '80', 'indirect_selection': 'eager', 'log_cache_events': 'False', 'write_json': 'True', 'partial_parse': 'True', 'cache_selected_only': 'False', 'warn_error': 'None', 'version_check': 'True', 'debug': 'False', 'log_path': '/opt/airflow/dbt/logs', 'fail_fast': 'False', 'profiles_dir': '/opt/airflow/dbt', 'use_colors': 'True', 'use_experimental_parser': 'False', 'no_print': 'None', 'quiet': 'False', 'log_format': 'default', 'introspect': 'True', 'static_parser': 'True', 'invocation_command': 'dbt run --profiles-dir /opt/airflow/dbt --project-dir /opt/airflow/dbt', 'target_path': 'None', 'warn_error_options': 'WarnErrorOptions(include=[], exclude=[])', 'send_anonymous_usage_stats': 'True'}
[0m16:36:04.392853 [debug] [MainThread]: Sending event: {'category': 'dbt', 'action': 'project_id', 'label': '622eb4f4-1524-49ce-891e-5642255c7569', 'context': [<snowplow_tracker.self_describing_json.SelfDescribingJson object at 0xffff8f850c90>]}
[0m16:36:04.420903 [debug] [MainThread]: Sending event: {'category': 'dbt', 'action': 'adapter_info', 'label': '622eb4f4-1524-49ce-891e-5642255c7569', 'context': [<snowplow_tracker.self_describing_json.SelfDescribingJson object at 0xffff8f870e50>]}
[0m16:36:04.421274 [info ] [MainThread]: Registered adapter: postgres=1.7.9
[0m16:36:04.424066 [debug] [MainThread]: checksum: 6ff0d83c3b46f350064523b4e08d9241403ad71d606ba49c4e670afba3668b39, vars: {}, profile: , target: , version: 1.7.9
[0m16:36:04.428212 [info ] [MainThread]: Unable to do partial parsing because a project config has changed
[0m16:36:04.428441 [debug] [MainThread]: Sending event: {'category': 'dbt', 'action': 'partial_parser', 'label': '622eb4f4-1524-49ce-891e-5642255c7569', 'context': [<snowplow_tracker.self_describing_json.SelfDescribingJson object at 0xffff8f7959d0>]}
[0m16:36:04.726851 [debug] [MainThread]: Sending event: {'category': 'dbt', 'action': 'load_project', 'label': '622eb4f4-1524-49ce-891e-5642255c7569', 'context': [<snowplow_tracker.self_describing_json.SelfDescribingJson object at 0xffff8f63f990>]}
[0m16:36:04.732664 [debug] [MainThread]: Sending event: {'category': 'dbt', 'action': 'resource_counts', 'label': '622eb4f4-1524-49ce-891e-5642255c7569', 'context': [<snowplow_tracker.self_describing_json.SelfDescribingJson object at 0xffff8e186110>]}
[0m16:36:04.732922 [info ] [MainThread]: Found 10 models, 0 sources, 0 exposures, 0 metrics, 401 macros, 0 groups, 0 semantic models
[0m16:36:04.733148 [debug] [MainThread]: Sending event: {'category': 'dbt', 'action': 'runnable_timing', 'label': '622eb4f4-1524-49ce-891e-5642255c7569', 'context': [<snowplow_tracker.self_describing_json.SelfDescribingJson object at 0xffff8f5df810>]}
[0m16:36:04.734073 [info ] [MainThread]: 
[0m16:36:04.734496 [debug] [MainThread]: Acquiring new postgres connection 'master'
[0m16:36:04.735201 [debug] [ThreadPool]: Acquiring new postgres connection 'list_foodingo_warehouse'
[0m16:36:04.739155 [debug] [ThreadPool]: Using postgres connection "list_foodingo_warehouse"
[0m16:36:04.739330 [debug] [ThreadPool]: On list_foodingo_warehouse: /* {"app": "dbt", "dbt_version": "1.7.9", "profile_name": "foodingo", "target_name": "dev", "connection_name": "list_foodingo_warehouse"} */

    select distinct nspname from pg_namespace
  
[0m16:36:04.739494 [debug] [ThreadPool]: Opening a new connection, currently in state init
[0m16:36:04.742872 [debug] [ThreadPool]: SQL status: SELECT 6 in 0.0 seconds
[0m16:36:04.743436 [debug] [ThreadPool]: On list_foodingo_warehouse: Close
[0m16:36:04.744275 [debug] [ThreadPool]: Re-using an available connection from the pool (formerly list_foodingo_warehouse, now list_foodingo_warehouse_analytics)
[0m16:36:04.746339 [debug] [ThreadPool]: Using postgres connection "list_foodingo_warehouse_analytics"
[0m16:36:04.746543 [debug] [ThreadPool]: On list_foodingo_warehouse_analytics: BEGIN
[0m16:36:04.746725 [debug] [ThreadPool]: Opening a new connection, currently in state closed
[0m16:36:04.748982 [debug] [ThreadPool]: SQL status: BEGIN in 0.0 seconds
[0m16:36:04.749157 [debug] [ThreadPool]: Using postgres connection "list_foodingo_warehouse_analytics"
[0m16:36:04.749334 [debug] [ThreadPool]: On list_foodingo_warehouse_analytics: /* {"app": "dbt", "dbt_version": "1.7.9", "profile_name": "foodingo", "target_name": "dev", "connection_name": "list_foodingo_warehouse_analytics"} */
select
      'foodingo_warehouse' as database,
      tablename as name,
      schemaname as schema,
      'table' as type
    from pg_tables
    where schemaname ilike 'analytics'
    union all
    select
      'foodingo_warehouse' as database,
      viewname as name,
      schemaname as schema,
      'view' as type
    from pg_views
    where schemaname ilike 'analytics'
    union all
    select
      'foodingo_warehouse' as database,
      matviewname as name,
      schemaname as schema,
      'materialized_view' as type
    from pg_matviews
    where schemaname ilike 'analytics'
  
[0m16:36:04.751530 [debug] [ThreadPool]: SQL status: SELECT 7 in 0.0 seconds
[0m16:36:04.752436 [debug] [ThreadPool]: On list_foodingo_warehouse_analytics: ROLLBACK
[0m16:36:04.752724 [debug] [ThreadPool]: On list_foodingo_warehouse_analytics: Close
[0m16:36:04.755007 [debug] [MainThread]: Using postgres connection "master"
[0m16:36:04.755207 [debug] [MainThread]: On master: BEGIN
[0m16:36:04.755388 [debug] [MainThread]: Opening a new connection, currently in state init
[0m16:36:04.757780 [debug] [MainThread]: SQL status: BEGIN in 0.0 seconds
[0m16:36:04.757963 [debug] [MainThread]: Using postgres connection "master"
[0m16:36:04.758149 [debug] [MainThread]: On master: /* {"app": "dbt", "dbt_version": "1.7.9", "profile_name": "foodingo", "target_name": "dev", "connection_name": "master"} */
with relation as (
        select
            pg_rewrite.ev_class as class,
            pg_rewrite.oid as id
        from pg_rewrite
    ),
    class as (
        select
            oid as id,
            relname as name,
            relnamespace as schema,
            relkind as kind
        from pg_class
    ),
    dependency as (
        select distinct
            pg_depend.objid as id,
            pg_depend.refobjid as ref
        from pg_depend
    ),
    schema as (
        select
            pg_namespace.oid as id,
            pg_namespace.nspname as name
        from pg_namespace
        where nspname != 'information_schema' and nspname not like 'pg\_%'
    ),
    referenced as (
        select
            relation.id AS id,
            referenced_class.name ,
            referenced_class.schema ,
            referenced_class.kind
        from relation
        join class as referenced_class on relation.class=referenced_class.id
        where referenced_class.kind in ('r', 'v', 'm')
    ),
    relationships as (
        select
            referenced.name as referenced_name,
            referenced.schema as referenced_schema_id,
            dependent_class.name as dependent_name,
            dependent_class.schema as dependent_schema_id,
            referenced.kind as kind
        from referenced
        join dependency on referenced.id=dependency.id
        join class as dependent_class on dependency.ref=dependent_class.id
        where
            (referenced.name != dependent_class.name or
             referenced.schema != dependent_class.schema)
    )

    select
        referenced_schema.name as referenced_schema,
        relationships.referenced_name as referenced_name,
        dependent_schema.name as dependent_schema,
        relationships.dependent_name as dependent_name
    from relationships
    join schema as dependent_schema on relationships.dependent_schema_id=dependent_schema.id
    join schema as referenced_schema on relationships.referenced_schema_id=referenced_schema.id
    group by referenced_schema, referenced_name, dependent_schema, dependent_name
    order by referenced_schema, referenced_name, dependent_schema, dependent_name;
[0m16:36:04.762110 [debug] [MainThread]: SQL status: SELECT 48 in 0.0 seconds
[0m16:36:04.762837 [debug] [MainThread]: Sending event: {'category': 'dbt', 'action': 'runnable_timing', 'label': '622eb4f4-1524-49ce-891e-5642255c7569', 'context': [<snowplow_tracker.self_describing_json.SelfDescribingJson object at 0xffff8f70e5d0>]}
[0m16:36:04.763068 [debug] [MainThread]: On master: ROLLBACK
[0m16:36:04.763283 [debug] [MainThread]: Using postgres connection "master"
[0m16:36:04.763496 [debug] [MainThread]: On master: BEGIN
[0m16:36:04.763795 [debug] [MainThread]: SQL status: BEGIN in 0.0 seconds
[0m16:36:04.763964 [debug] [MainThread]: On master: COMMIT
[0m16:36:04.764121 [debug] [MainThread]: Using postgres connection "master"
[0m16:36:04.764274 [debug] [MainThread]: On master: COMMIT
[0m16:36:04.764462 [debug] [MainThread]: SQL status: COMMIT in 0.0 seconds
[0m16:36:04.764667 [debug] [MainThread]: On master: Close
[0m16:36:04.764957 [info ] [MainThread]: Concurrency: 2 threads (target='dev')
[0m16:36:04.765179 [info ] [MainThread]: 
[0m16:36:04.768687 [debug] [Thread-1 (]: Began running node model.foodingo.stg_cart
[0m16:36:04.768867 [debug] [Thread-2 (]: Began running node model.foodingo.stg_orders
[0m16:36:04.769090 [info ] [Thread-1 (]: 1 of 10 START sql view model analytics.stg_cart ................................ [RUN]
[0m16:36:04.769415 [info ] [Thread-2 (]: 2 of 10 START sql view model analytics.stg_orders .............................. [RUN]
[0m16:36:04.769825 [debug] [Thread-1 (]: Re-using an available connection from the pool (formerly list_foodingo_warehouse_analytics, now model.foodingo.stg_cart)
[0m16:36:04.770287 [debug] [Thread-2 (]: Acquiring new postgres connection 'model.foodingo.stg_orders'
[0m16:36:04.770525 [debug] [Thread-1 (]: Began compiling node model.foodingo.stg_cart
[0m16:36:04.770758 [debug] [Thread-2 (]: Began compiling node model.foodingo.stg_orders
[0m16:36:04.773789 [debug] [Thread-1 (]: Writing injected SQL for node "model.foodingo.stg_cart"
[0m16:36:04.775008 [debug] [Thread-2 (]: Writing injected SQL for node "model.foodingo.stg_orders"
[0m16:36:04.776124 [debug] [Thread-1 (]: Timing info for model.foodingo.stg_cart (compile): 16:36:04.770901 => 16:36:04.776003
[0m16:36:04.776747 [debug] [Thread-1 (]: Began executing node model.foodingo.stg_cart
[0m16:36:04.776368 [debug] [Thread-2 (]: Timing info for model.foodingo.stg_orders (compile): 16:36:04.774028 => 16:36:04.776269
[0m16:36:04.789928 [debug] [Thread-2 (]: Began executing node model.foodingo.stg_orders
[0m16:36:04.789754 [debug] [Thread-1 (]: Writing runtime sql for node "model.foodingo.stg_cart"
[0m16:36:04.791484 [debug] [Thread-2 (]: Writing runtime sql for node "model.foodingo.stg_orders"
[0m16:36:04.792194 [debug] [Thread-1 (]: Using postgres connection "model.foodingo.stg_cart"
[0m16:36:04.792343 [debug] [Thread-2 (]: Using postgres connection "model.foodingo.stg_orders"
[0m16:36:04.792580 [debug] [Thread-1 (]: On model.foodingo.stg_cart: BEGIN
[0m16:36:04.792802 [debug] [Thread-2 (]: On model.foodingo.stg_orders: BEGIN
[0m16:36:04.793040 [debug] [Thread-1 (]: Opening a new connection, currently in state closed
[0m16:36:04.793228 [debug] [Thread-2 (]: Opening a new connection, currently in state init
[0m16:36:04.796091 [debug] [Thread-1 (]: SQL status: BEGIN in 0.0 seconds
[0m16:36:04.796274 [debug] [Thread-1 (]: Using postgres connection "model.foodingo.stg_cart"
[0m16:36:04.796521 [debug] [Thread-1 (]: On model.foodingo.stg_cart: /* {"app": "dbt", "dbt_version": "1.7.9", "profile_name": "foodingo", "target_name": "dev", "node_id": "model.foodingo.stg_cart"} */

  create view "foodingo_warehouse"."analytics"."stg_cart__dbt_tmp"
    
    
  as (
    -- models/staging/stg_cart.sql


SELECT
    user_id,
    food_id,
    quantity,
    event_type,
    event_timestamp,
    ingested_at
FROM raw.cart_events
WHERE user_id IS NOT NULL
  );
[0m16:36:04.796660 [debug] [Thread-2 (]: SQL status: BEGIN in 0.0 seconds
[0m16:36:04.796885 [debug] [Thread-2 (]: Using postgres connection "model.foodingo.stg_orders"
[0m16:36:04.797108 [debug] [Thread-2 (]: On model.foodingo.stg_orders: /* {"app": "dbt", "dbt_version": "1.7.9", "profile_name": "foodingo", "target_name": "dev", "node_id": "model.foodingo.stg_orders"} */

  create view "foodingo_warehouse"."analytics"."stg_orders__dbt_tmp"
    
    
  as (
    -- models/staging/stg_orders.sql
-- Cleans raw order events: deduplicates, casts types, filters to paid orders only



WITH deduped AS (
    SELECT
        order_id,
        user_id,
        user_address,
        email,
        phone_number,
        amount::DECIMAL(10,2)   AS amount,
        payment_status,
        order_status,
        razorpay_order_id,
        razorpay_payment_id,
        ordered_items,
        event_type,
        event_timestamp,
        ingested_at,
        ROW_NUMBER() OVER (
            PARTITION BY order_id, event_type
            ORDER BY event_timestamp DESC
        ) AS rn
    FROM raw.order_events
    WHERE order_id IS NOT NULL
)

SELECT
    order_id,
    user_id,
    user_address,
    email,
    phone_number,
    amount,
    payment_status,
    order_status,
    razorpay_order_id,
    razorpay_payment_id,
    ordered_items,
    event_type,
    event_timestamp,
    ingested_at
FROM deduped
WHERE rn = 1
  );
[0m16:36:04.797954 [debug] [Thread-1 (]: SQL status: CREATE VIEW in 0.0 seconds
[0m16:36:04.800629 [debug] [Thread-1 (]: Using postgres connection "model.foodingo.stg_cart"
[0m16:36:04.800983 [debug] [Thread-1 (]: On model.foodingo.stg_cart: /* {"app": "dbt", "dbt_version": "1.7.9", "profile_name": "foodingo", "target_name": "dev", "node_id": "model.foodingo.stg_cart"} */
alter table "foodingo_warehouse"."analytics"."stg_cart__dbt_tmp" rename to "stg_cart"
[0m16:36:04.800793 [debug] [Thread-2 (]: SQL status: CREATE VIEW in 0.0 seconds
[0m16:36:04.802199 [debug] [Thread-2 (]: Using postgres connection "model.foodingo.stg_orders"
[0m16:36:04.802488 [debug] [Thread-2 (]: On model.foodingo.stg_orders: /* {"app": "dbt", "dbt_version": "1.7.9", "profile_name": "foodingo", "target_name": "dev", "node_id": "model.foodingo.stg_orders"} */
alter table "foodingo_warehouse"."analytics"."stg_orders__dbt_tmp" rename to "stg_orders"
[0m16:36:04.802317 [debug] [Thread-1 (]: SQL status: ALTER TABLE in 0.0 seconds
[0m16:36:04.807758 [debug] [Thread-1 (]: On model.foodingo.stg_cart: COMMIT
[0m16:36:04.807907 [debug] [Thread-2 (]: SQL status: ALTER TABLE in 0.0 seconds
[0m16:36:04.808113 [debug] [Thread-1 (]: Using postgres connection "model.foodingo.stg_cart"
[0m16:36:04.808977 [debug] [Thread-1 (]: On model.foodingo.stg_cart: COMMIT
[0m16:36:04.808776 [debug] [Thread-2 (]: On model.foodingo.stg_orders: COMMIT
[0m16:36:04.809253 [debug] [Thread-2 (]: Using postgres connection "model.foodingo.stg_orders"
[0m16:36:04.809480 [debug] [Thread-2 (]: On model.foodingo.stg_orders: COMMIT
[0m16:36:04.809775 [debug] [Thread-1 (]: SQL status: COMMIT in 0.0 seconds
[0m16:36:04.809920 [debug] [Thread-2 (]: SQL status: COMMIT in 0.0 seconds
[0m16:36:04.812097 [debug] [Thread-1 (]: Applying DROP to: "foodingo_warehouse"."analytics"."stg_cart__dbt_backup"
[0m16:36:04.812961 [debug] [Thread-2 (]: Applying DROP to: "foodingo_warehouse"."analytics"."stg_orders__dbt_backup"
[0m16:36:04.815211 [debug] [Thread-2 (]: Using postgres connection "model.foodingo.stg_orders"
[0m16:36:04.814872 [debug] [Thread-1 (]: Using postgres connection "model.foodingo.stg_cart"
[0m16:36:04.815544 [debug] [Thread-1 (]: On model.foodingo.stg_cart: /* {"app": "dbt", "dbt_version": "1.7.9", "profile_name": "foodingo", "target_name": "dev", "node_id": "model.foodingo.stg_cart"} */
drop view if exists "foodingo_warehouse"."analytics"."stg_cart__dbt_backup" cascade
[0m16:36:04.815381 [debug] [Thread-2 (]: On model.foodingo.stg_orders: /* {"app": "dbt", "dbt_version": "1.7.9", "profile_name": "foodingo", "target_name": "dev", "node_id": "model.foodingo.stg_orders"} */
drop view if exists "foodingo_warehouse"."analytics"."stg_orders__dbt_backup" cascade
[0m16:36:04.815828 [debug] [Thread-1 (]: SQL status: DROP VIEW in 0.0 seconds
[0m16:36:04.815964 [debug] [Thread-2 (]: SQL status: DROP VIEW in 0.0 seconds
[0m16:36:04.817022 [debug] [Thread-2 (]: Timing info for model.foodingo.stg_orders (execute): 16:36:04.790062 => 16:36:04.816957
[0m16:36:04.816516 [debug] [Thread-1 (]: Timing info for model.foodingo.stg_cart (execute): 16:36:04.776906 => 16:36:04.816428
[0m16:36:04.817194 [debug] [Thread-2 (]: On model.foodingo.stg_orders: Close
[0m16:36:04.817800 [debug] [Thread-2 (]: Sending event: {'category': 'dbt', 'action': 'run_model', 'label': '622eb4f4-1524-49ce-891e-5642255c7569', 'context': [<snowplow_tracker.self_describing_json.SelfDescribingJson object at 0xffff8f5d0690>]}
[0m16:36:04.817407 [debug] [Thread-1 (]: On model.foodingo.stg_cart: Close
[0m16:36:04.818104 [info ] [Thread-2 (]: 2 of 10 OK created sql view model analytics.stg_orders ......................... [[32mCREATE VIEW[0m in 0.05s]
[0m16:36:04.818748 [debug] [Thread-2 (]: Finished running node model.foodingo.stg_orders
[0m16:36:04.818465 [debug] [Thread-1 (]: Sending event: {'category': 'dbt', 'action': 'run_model', 'label': '622eb4f4-1524-49ce-891e-5642255c7569', 'context': [<snowplow_tracker.self_describing_json.SelfDescribingJson object at 0xffff8e1d0c90>]}
[0m16:36:04.818946 [debug] [Thread-2 (]: Began running node model.foodingo.stg_users
[0m16:36:04.819577 [info ] [Thread-2 (]: 3 of 10 START sql view model analytics.stg_users ............................... [RUN]
[0m16:36:04.819291 [info ] [Thread-1 (]: 1 of 10 OK created sql view model analytics.stg_cart ........................... [[32mCREATE VIEW[0m in 0.05s]
[0m16:36:04.820156 [debug] [Thread-1 (]: Finished running node model.foodingo.stg_cart
[0m16:36:04.819915 [debug] [Thread-2 (]: Re-using an available connection from the pool (formerly model.foodingo.stg_orders, now model.foodingo.stg_users)
[0m16:36:04.820651 [debug] [Thread-2 (]: Began compiling node model.foodingo.stg_users
[0m16:36:04.820370 [debug] [Thread-1 (]: Began running node model.foodingo.fact_orders
[0m16:36:04.821819 [info ] [Thread-1 (]: 4 of 10 START sql table model analytics.fact_orders ............................ [RUN]
[0m16:36:04.821600 [debug] [Thread-2 (]: Writing injected SQL for node "model.foodingo.stg_users"
[0m16:36:04.822134 [debug] [Thread-1 (]: Re-using an available connection from the pool (formerly model.foodingo.stg_cart, now model.foodingo.fact_orders)
[0m16:36:04.822510 [debug] [Thread-1 (]: Began compiling node model.foodingo.fact_orders
[0m16:36:04.823690 [debug] [Thread-1 (]: Writing injected SQL for node "model.foodingo.fact_orders"
[0m16:36:04.823923 [debug] [Thread-2 (]: Timing info for model.foodingo.stg_users (compile): 16:36:04.820775 => 16:36:04.823841
[0m16:36:04.824188 [debug] [Thread-2 (]: Began executing node model.foodingo.stg_users
[0m16:36:04.826696 [debug] [Thread-2 (]: Writing runtime sql for node "model.foodingo.stg_users"
[0m16:36:04.826955 [debug] [Thread-1 (]: Timing info for model.foodingo.fact_orders (compile): 16:36:04.822663 => 16:36:04.826802
[0m16:36:04.827276 [debug] [Thread-1 (]: Began executing node model.foodingo.fact_orders
[0m16:36:04.827508 [debug] [Thread-2 (]: Using postgres connection "model.foodingo.stg_users"
[0m16:36:04.835963 [debug] [Thread-2 (]: On model.foodingo.stg_users: BEGIN
[0m16:36:04.835739 [debug] [Thread-1 (]: Writing runtime sql for node "model.foodingo.fact_orders"
[0m16:36:04.836107 [debug] [Thread-2 (]: Opening a new connection, currently in state closed
[0m16:36:04.836912 [debug] [Thread-1 (]: Using postgres connection "model.foodingo.fact_orders"
[0m16:36:04.837087 [debug] [Thread-1 (]: On model.foodingo.fact_orders: BEGIN
[0m16:36:04.837249 [debug] [Thread-1 (]: Opening a new connection, currently in state closed
[0m16:36:04.839742 [debug] [Thread-2 (]: SQL status: BEGIN in 0.0 seconds
[0m16:36:04.839943 [debug] [Thread-2 (]: Using postgres connection "model.foodingo.stg_users"
[0m16:36:04.840166 [debug] [Thread-2 (]: On model.foodingo.stg_users: /* {"app": "dbt", "dbt_version": "1.7.9", "profile_name": "foodingo", "target_name": "dev", "node_id": "model.foodingo.stg_users"} */

  create view "foodingo_warehouse"."analytics"."stg_users__dbt_tmp"
    
    
  as (
    -- models/staging/stg_users.sql


SELECT
    user_id,
    email,
    name,
    event_type,
    event_timestamp,
    ingested_at
FROM raw.user_events
WHERE user_id IS NOT NULL
  );
[0m16:36:04.840299 [debug] [Thread-1 (]: SQL status: BEGIN in 0.0 seconds
[0m16:36:04.840590 [debug] [Thread-1 (]: Using postgres connection "model.foodingo.fact_orders"
[0m16:36:04.840766 [debug] [Thread-1 (]: On model.foodingo.fact_orders: /* {"app": "dbt", "dbt_version": "1.7.9", "profile_name": "foodingo", "target_name": "dev", "node_id": "model.foodingo.fact_orders"} */

  
    

  create  table "foodingo_warehouse"."analytics"."fact_orders__dbt_tmp"
  
  
    as
  
  (
    -- models/facts/fact_orders.sql
-- One row per paid order — the primary fact table for revenue analytics



SELECT
    order_id,
    user_id,
    amount,
    payment_status,
    order_status,
    ordered_items,
    jsonb_array_length(ordered_items)   AS item_count,
    DATE(event_timestamp)               AS order_date,
    EXTRACT(HOUR FROM event_timestamp)  AS order_hour,
    event_timestamp                     AS created_at
FROM "foodingo_warehouse"."analytics"."stg_orders"
WHERE event_type = 'order.created'
  AND payment_status IS NOT NULL
  );
  
[0m16:36:04.841381 [debug] [Thread-2 (]: SQL status: CREATE VIEW in 0.0 seconds
[0m16:36:04.842692 [debug] [Thread-2 (]: Using postgres connection "model.foodingo.stg_users"
[0m16:36:04.842888 [debug] [Thread-2 (]: On model.foodingo.stg_users: /* {"app": "dbt", "dbt_version": "1.7.9", "profile_name": "foodingo", "target_name": "dev", "node_id": "model.foodingo.stg_users"} */
alter table "foodingo_warehouse"."analytics"."stg_users__dbt_tmp" rename to "stg_users"
[0m16:36:04.843229 [debug] [Thread-2 (]: SQL status: ALTER TABLE in 0.0 seconds
[0m16:36:04.844031 [debug] [Thread-2 (]: On model.foodingo.stg_users: COMMIT
[0m16:36:04.844295 [debug] [Thread-1 (]: SQL status: SELECT 1 in 0.0 seconds
[0m16:36:04.844448 [debug] [Thread-2 (]: Using postgres connection "model.foodingo.stg_users"
[0m16:36:04.845833 [debug] [Thread-2 (]: On model.foodingo.stg_users: COMMIT
[0m16:36:04.845616 [debug] [Thread-1 (]: Using postgres connection "model.foodingo.fact_orders"
[0m16:36:04.846066 [debug] [Thread-1 (]: On model.foodingo.fact_orders: /* {"app": "dbt", "dbt_version": "1.7.9", "profile_name": "foodingo", "target_name": "dev", "node_id": "model.foodingo.fact_orders"} */
alter table "foodingo_warehouse"."analytics"."fact_orders" rename to "fact_orders__dbt_backup"
[0m16:36:04.846258 [debug] [Thread-2 (]: SQL status: COMMIT in 0.0 seconds
[0m16:36:04.847331 [debug] [Thread-2 (]: Applying DROP to: "foodingo_warehouse"."analytics"."stg_users__dbt_backup"
[0m16:36:04.847495 [debug] [Thread-1 (]: SQL status: ALTER TABLE in 0.0 seconds
[0m16:36:04.847915 [debug] [Thread-2 (]: Using postgres connection "model.foodingo.stg_users"
[0m16:36:04.849105 [debug] [Thread-1 (]: Using postgres connection "model.foodingo.fact_orders"
[0m16:36:04.849494 [debug] [Thread-1 (]: On model.foodingo.fact_orders: /* {"app": "dbt", "dbt_version": "1.7.9", "profile_name": "foodingo", "target_name": "dev", "node_id": "model.foodingo.fact_orders"} */
alter table "foodingo_warehouse"."analytics"."fact_orders__dbt_tmp" rename to "fact_orders"
[0m16:36:04.849280 [debug] [Thread-2 (]: On model.foodingo.stg_users: /* {"app": "dbt", "dbt_version": "1.7.9", "profile_name": "foodingo", "target_name": "dev", "node_id": "model.foodingo.stg_users"} */
drop view if exists "foodingo_warehouse"."analytics"."stg_users__dbt_backup" cascade
[0m16:36:04.849906 [debug] [Thread-1 (]: SQL status: ALTER TABLE in 0.0 seconds
[0m16:36:04.850049 [debug] [Thread-2 (]: SQL status: DROP VIEW in 0.0 seconds
[0m16:36:04.852857 [debug] [Thread-1 (]: On model.foodingo.fact_orders: COMMIT
[0m16:36:04.853643 [debug] [Thread-1 (]: Using postgres connection "model.foodingo.fact_orders"
[0m16:36:04.853449 [debug] [Thread-2 (]: Timing info for model.foodingo.stg_users (execute): 16:36:04.824394 => 16:36:04.853345
[0m16:36:04.853976 [debug] [Thread-2 (]: On model.foodingo.stg_users: Close
[0m16:36:04.853818 [debug] [Thread-1 (]: On model.foodingo.fact_orders: COMMIT
[0m16:36:04.854308 [debug] [Thread-2 (]: Sending event: {'category': 'dbt', 'action': 'run_model', 'label': '622eb4f4-1524-49ce-891e-5642255c7569', 'context': [<snowplow_tracker.self_describing_json.SelfDescribingJson object at 0xffff8f891f50>]}
[0m16:36:04.854675 [info ] [Thread-2 (]: 3 of 10 OK created sql view model analytics.stg_users .......................... [[32mCREATE VIEW[0m in 0.03s]
[0m16:36:04.855150 [debug] [Thread-2 (]: Finished running node model.foodingo.stg_users
[0m16:36:04.854849 [debug] [Thread-1 (]: SQL status: COMMIT in 0.0 seconds
[0m16:36:04.855374 [debug] [Thread-2 (]: Began running node model.foodingo.fact_cart_events
[0m16:36:04.856724 [info ] [Thread-2 (]: 5 of 10 START sql table model analytics.fact_cart_events ....................... [RUN]
[0m16:36:04.856488 [debug] [Thread-1 (]: Applying DROP to: "foodingo_warehouse"."analytics"."fact_orders__dbt_backup"
[0m16:36:04.857093 [debug] [Thread-2 (]: Re-using an available connection from the pool (formerly model.foodingo.stg_users, now model.foodingo.fact_cart_events)
[0m16:36:04.858663 [debug] [Thread-2 (]: Began compiling node model.foodingo.fact_cart_events
[0m16:36:04.858454 [debug] [Thread-1 (]: Using postgres connection "model.foodingo.fact_orders"
[0m16:36:04.860159 [debug] [Thread-1 (]: On model.foodingo.fact_orders: /* {"app": "dbt", "dbt_version": "1.7.9", "profile_name": "foodingo", "target_name": "dev", "node_id": "model.foodingo.fact_orders"} */
drop table if exists "foodingo_warehouse"."analytics"."fact_orders__dbt_backup" cascade
[0m16:36:04.859943 [debug] [Thread-2 (]: Writing injected SQL for node "model.foodingo.fact_cart_events"
[0m16:36:04.861113 [debug] [Thread-2 (]: Timing info for model.foodingo.fact_cart_events (compile): 16:36:04.858797 => 16:36:04.860967
[0m16:36:04.861326 [debug] [Thread-2 (]: Began executing node model.foodingo.fact_cart_events
[0m16:36:04.863196 [debug] [Thread-2 (]: Writing runtime sql for node "model.foodingo.fact_cart_events"
[0m16:36:04.863336 [debug] [Thread-1 (]: SQL status: DROP TABLE in 0.0 seconds
[0m16:36:04.864033 [debug] [Thread-1 (]: Timing info for model.foodingo.fact_orders (execute): 16:36:04.827589 => 16:36:04.863957
[0m16:36:04.864226 [debug] [Thread-1 (]: On model.foodingo.fact_orders: Close
[0m16:36:04.864723 [debug] [Thread-1 (]: Sending event: {'category': 'dbt', 'action': 'run_model', 'label': '622eb4f4-1524-49ce-891e-5642255c7569', 'context': [<snowplow_tracker.self_describing_json.SelfDescribingJson object at 0xffff8e1ebe90>]}
[0m16:36:04.864386 [debug] [Thread-2 (]: Using postgres connection "model.foodingo.fact_cart_events"
[0m16:36:04.865181 [debug] [Thread-2 (]: On model.foodingo.fact_cart_events: BEGIN
[0m16:36:04.865001 [info ] [Thread-1 (]: 4 of 10 OK created sql table model analytics.fact_orders ....................... [[32mSELECT 1[0m in 0.04s]
[0m16:36:04.866150 [debug] [Thread-1 (]: Finished running node model.foodingo.fact_orders
[0m16:36:04.865580 [debug] [Thread-2 (]: Opening a new connection, currently in state closed
[0m16:36:04.866668 [debug] [Thread-1 (]: Began running node model.foodingo.daily_revenue
[0m16:36:04.867122 [info ] [Thread-1 (]: 6 of 10 START sql table model analytics.daily_revenue .......................... [RUN]
[0m16:36:04.868753 [debug] [Thread-1 (]: Re-using an available connection from the pool (formerly model.foodingo.fact_orders, now model.foodingo.daily_revenue)
[0m16:36:04.869004 [debug] [Thread-1 (]: Began compiling node model.foodingo.daily_revenue
[0m16:36:04.870682 [debug] [Thread-1 (]: Writing injected SQL for node "model.foodingo.daily_revenue"
[0m16:36:04.871083 [debug] [Thread-2 (]: SQL status: BEGIN in 0.0 seconds
[0m16:36:04.871292 [debug] [Thread-2 (]: Using postgres connection "model.foodingo.fact_cart_events"
[0m16:36:04.871554 [debug] [Thread-2 (]: On model.foodingo.fact_cart_events: /* {"app": "dbt", "dbt_version": "1.7.9", "profile_name": "foodingo", "target_name": "dev", "node_id": "model.foodingo.fact_cart_events"} */

  
    

  create  table "foodingo_warehouse"."analytics"."fact_cart_events__dbt_tmp"
  
  
    as
  
  (
    -- models/facts/fact_cart_events.sql


SELECT
    user_id,
    food_id,
    quantity,
    event_type,
    DATE(event_timestamp)               AS event_date,
    EXTRACT(HOUR FROM event_timestamp)  AS event_hour,
    event_timestamp                     AS event_time
FROM "foodingo_warehouse"."analytics"."stg_cart"
  );
  
[0m16:36:04.871758 [debug] [Thread-1 (]: Timing info for model.foodingo.daily_revenue (compile): 16:36:04.869146 => 16:36:04.871666
[0m16:36:04.871990 [debug] [Thread-1 (]: Began executing node model.foodingo.daily_revenue
[0m16:36:04.874943 [debug] [Thread-1 (]: Writing runtime sql for node "model.foodingo.daily_revenue"
[0m16:36:04.875113 [debug] [Thread-2 (]: SQL status: SELECT 15 in 0.0 seconds
[0m16:36:04.876390 [debug] [Thread-2 (]: Using postgres connection "model.foodingo.fact_cart_events"
[0m16:36:04.876621 [debug] [Thread-2 (]: On model.foodingo.fact_cart_events: /* {"app": "dbt", "dbt_version": "1.7.9", "profile_name": "foodingo", "target_name": "dev", "node_id": "model.foodingo.fact_cart_events"} */
alter table "foodingo_warehouse"."analytics"."fact_cart_events" rename to "fact_cart_events__dbt_backup"
[0m16:36:04.876799 [debug] [Thread-1 (]: Using postgres connection "model.foodingo.daily_revenue"
[0m16:36:04.877025 [debug] [Thread-1 (]: On model.foodingo.daily_revenue: BEGIN
[0m16:36:04.877163 [debug] [Thread-2 (]: SQL status: ALTER TABLE in 0.0 seconds
[0m16:36:04.877305 [debug] [Thread-1 (]: Opening a new connection, currently in state closed
[0m16:36:04.878367 [debug] [Thread-2 (]: Using postgres connection "model.foodingo.fact_cart_events"
[0m16:36:04.878689 [debug] [Thread-2 (]: On model.foodingo.fact_cart_events: /* {"app": "dbt", "dbt_version": "1.7.9", "profile_name": "foodingo", "target_name": "dev", "node_id": "model.foodingo.fact_cart_events"} */
alter table "foodingo_warehouse"."analytics"."fact_cart_events__dbt_tmp" rename to "fact_cart_events"
[0m16:36:04.879132 [debug] [Thread-2 (]: SQL status: ALTER TABLE in 0.0 seconds
[0m16:36:04.880588 [debug] [Thread-2 (]: On model.foodingo.fact_cart_events: COMMIT
[0m16:36:04.880777 [debug] [Thread-2 (]: Using postgres connection "model.foodingo.fact_cart_events"
[0m16:36:04.881057 [debug] [Thread-2 (]: On model.foodingo.fact_cart_events: COMMIT
[0m16:36:04.880916 [debug] [Thread-1 (]: SQL status: BEGIN in 0.0 seconds
[0m16:36:04.881312 [debug] [Thread-1 (]: Using postgres connection "model.foodingo.daily_revenue"
[0m16:36:04.881664 [debug] [Thread-1 (]: On model.foodingo.daily_revenue: /* {"app": "dbt", "dbt_version": "1.7.9", "profile_name": "foodingo", "target_name": "dev", "node_id": "model.foodingo.daily_revenue"} */

  
    

  create  table "foodingo_warehouse"."analytics"."daily_revenue__dbt_tmp"
  
  
    as
  
  (
    -- models/marts/daily_revenue.sql


SELECT
    order_date                          AS revenue_date,
    SUM(amount)                         AS total_revenue,
    COUNT(order_id)                     AS order_count,
    AVG(amount)                         AS avg_order_value,
    COUNT(DISTINCT user_id)             AS unique_users
FROM "foodingo_warehouse"."analytics"."fact_orders"
WHERE payment_status = 'paid'
GROUP BY order_date
ORDER BY order_date DESC
  );
  
[0m16:36:04.881477 [debug] [Thread-2 (]: SQL status: COMMIT in 0.0 seconds
[0m16:36:04.882674 [debug] [Thread-2 (]: Applying DROP to: "foodingo_warehouse"."analytics"."fact_cart_events__dbt_backup"
[0m16:36:04.883103 [debug] [Thread-2 (]: Using postgres connection "model.foodingo.fact_cart_events"
[0m16:36:04.883307 [debug] [Thread-2 (]: On model.foodingo.fact_cart_events: /* {"app": "dbt", "dbt_version": "1.7.9", "profile_name": "foodingo", "target_name": "dev", "node_id": "model.foodingo.fact_cart_events"} */
drop table if exists "foodingo_warehouse"."analytics"."fact_cart_events__dbt_backup" cascade
[0m16:36:04.884668 [debug] [Thread-1 (]: SQL status: SELECT 0 in 0.0 seconds
[0m16:36:04.884844 [debug] [Thread-2 (]: SQL status: DROP TABLE in 0.0 seconds
[0m16:36:04.886087 [debug] [Thread-1 (]: Using postgres connection "model.foodingo.daily_revenue"
[0m16:36:04.886845 [debug] [Thread-1 (]: On model.foodingo.daily_revenue: /* {"app": "dbt", "dbt_version": "1.7.9", "profile_name": "foodingo", "target_name": "dev", "node_id": "model.foodingo.daily_revenue"} */
alter table "foodingo_warehouse"."analytics"."daily_revenue" rename to "daily_revenue__dbt_backup"
[0m16:36:04.886661 [debug] [Thread-2 (]: Timing info for model.foodingo.fact_cart_events (execute): 16:36:04.861483 => 16:36:04.886577
[0m16:36:04.887087 [debug] [Thread-2 (]: On model.foodingo.fact_cart_events: Close
[0m16:36:04.887227 [debug] [Thread-1 (]: SQL status: ALTER TABLE in 0.0 seconds
[0m16:36:04.887569 [debug] [Thread-2 (]: Sending event: {'category': 'dbt', 'action': 'run_model', 'label': '622eb4f4-1524-49ce-891e-5642255c7569', 'context': [<snowplow_tracker.self_describing_json.SelfDescribingJson object at 0xffff8e214f10>]}
[0m16:36:04.888926 [debug] [Thread-1 (]: Using postgres connection "model.foodingo.daily_revenue"
[0m16:36:04.889553 [debug] [Thread-1 (]: On model.foodingo.daily_revenue: /* {"app": "dbt", "dbt_version": "1.7.9", "profile_name": "foodingo", "target_name": "dev", "node_id": "model.foodingo.daily_revenue"} */
alter table "foodingo_warehouse"."analytics"."daily_revenue__dbt_tmp" rename to "daily_revenue"
[0m16:36:04.889318 [info ] [Thread-2 (]: 5 of 10 OK created sql table model analytics.fact_cart_events .................. [[32mSELECT 15[0m in 0.03s]
[0m16:36:04.889896 [debug] [Thread-2 (]: Finished running node model.foodingo.fact_cart_events
[0m16:36:04.890039 [debug] [Thread-1 (]: SQL status: ALTER TABLE in 0.0 seconds
[0m16:36:04.890224 [debug] [Thread-2 (]: Began running node model.foodingo.food_popularity
[0m16:36:04.891095 [debug] [Thread-1 (]: On model.foodingo.daily_revenue: COMMIT
[0m16:36:04.891570 [debug] [Thread-1 (]: Using postgres connection "model.foodingo.daily_revenue"
[0m16:36:04.891336 [info ] [Thread-2 (]: 7 of 10 START sql table model analytics.food_popularity ........................ [RUN]
[0m16:36:04.892246 [debug] [Thread-2 (]: Re-using an available connection from the pool (formerly model.foodingo.fact_cart_events, now model.foodingo.food_popularity)
[0m16:36:04.891855 [debug] [Thread-1 (]: On model.foodingo.daily_revenue: COMMIT
[0m16:36:04.892456 [debug] [Thread-2 (]: Began compiling node model.foodingo.food_popularity
[0m16:36:04.894095 [debug] [Thread-2 (]: Writing injected SQL for node "model.foodingo.food_popularity"
[0m16:36:04.894253 [debug] [Thread-1 (]: SQL status: COMMIT in 0.0 seconds
[0m16:36:04.895378 [debug] [Thread-1 (]: Applying DROP to: "foodingo_warehouse"."analytics"."daily_revenue__dbt_backup"
[0m16:36:04.895849 [debug] [Thread-1 (]: Using postgres connection "model.foodingo.daily_revenue"
[0m16:36:04.896076 [debug] [Thread-2 (]: Timing info for model.foodingo.food_popularity (compile): 16:36:04.892689 => 16:36:04.895997
[0m16:36:04.896604 [debug] [Thread-2 (]: Began executing node model.foodingo.food_popularity
[0m16:36:04.896249 [debug] [Thread-1 (]: On model.foodingo.daily_revenue: /* {"app": "dbt", "dbt_version": "1.7.9", "profile_name": "foodingo", "target_name": "dev", "node_id": "model.foodingo.daily_revenue"} */
drop table if exists "foodingo_warehouse"."analytics"."daily_revenue__dbt_backup" cascade
[0m16:36:04.898219 [debug] [Thread-2 (]: Writing runtime sql for node "model.foodingo.food_popularity"
[0m16:36:04.898968 [debug] [Thread-2 (]: Using postgres connection "model.foodingo.food_popularity"
[0m16:36:04.899191 [debug] [Thread-2 (]: On model.foodingo.food_popularity: BEGIN
[0m16:36:04.899500 [debug] [Thread-2 (]: Opening a new connection, currently in state closed
[0m16:36:04.899376 [debug] [Thread-1 (]: SQL status: DROP TABLE in 0.0 seconds
[0m16:36:04.900642 [debug] [Thread-1 (]: Timing info for model.foodingo.daily_revenue (execute): 16:36:04.872178 => 16:36:04.900558
[0m16:36:04.901700 [debug] [Thread-1 (]: On model.foodingo.daily_revenue: Close
[0m16:36:04.902056 [debug] [Thread-1 (]: Sending event: {'category': 'dbt', 'action': 'run_model', 'label': '622eb4f4-1524-49ce-891e-5642255c7569', 'context': [<snowplow_tracker.self_describing_json.SelfDescribingJson object at 0xffff8e1f39d0>]}
[0m16:36:04.902524 [debug] [Thread-2 (]: SQL status: BEGIN in 0.0 seconds
[0m16:36:04.902403 [info ] [Thread-1 (]: 6 of 10 OK created sql table model analytics.daily_revenue ..................... [[32mSELECT 0[0m in 0.03s]
[0m16:36:04.903026 [debug] [Thread-1 (]: Finished running node model.foodingo.daily_revenue
[0m16:36:04.902757 [debug] [Thread-2 (]: Using postgres connection "model.foodingo.food_popularity"
[0m16:36:04.903536 [debug] [Thread-2 (]: On model.foodingo.food_popularity: /* {"app": "dbt", "dbt_version": "1.7.9", "profile_name": "foodingo", "target_name": "dev", "node_id": "model.foodingo.food_popularity"} */

  
    

  create  table "foodingo_warehouse"."analytics"."food_popularity__dbt_tmp"
  
  
    as
  
  (
    -- models/marts/food_popularity.sql
-- Explodes the ordered_items JSONB array to get per-food-item order counts



WITH exploded AS (
    SELECT
        order_id,
        amount,
        jsonb_array_elements(ordered_items) AS item
    FROM "foodingo_warehouse"."analytics"."fact_orders"
    WHERE payment_status = 'paid'
)

SELECT
    item->>'foodId'       AS food_id,
    item->>'name'         AS food_name,
    item->>'category'     AS category,
    COUNT(*)              AS order_count,
    SUM(
        (item->>'price')::DECIMAL * (item->>'quantity')::INT
    )                     AS total_revenue,
    AVG((item->>'price')::DECIMAL) AS avg_price
FROM exploded
WHERE item->>'foodId' IS NOT NULL
GROUP BY food_id, food_name, category
ORDER BY order_count DESC
  );
  
[0m16:36:04.903274 [debug] [Thread-1 (]: Began running node model.foodingo.ml_user_order_matrix
[0m16:36:04.903841 [info ] [Thread-1 (]: 8 of 10 START sql table model analytics.ml_user_order_matrix ................... [RUN]
[0m16:36:04.904253 [debug] [Thread-1 (]: Re-using an available connection from the pool (formerly model.foodingo.daily_revenue, now model.foodingo.ml_user_order_matrix)
[0m16:36:04.904651 [debug] [Thread-1 (]: Began compiling node model.foodingo.ml_user_order_matrix
[0m16:36:04.906363 [debug] [Thread-1 (]: Writing injected SQL for node "model.foodingo.ml_user_order_matrix"
[0m16:36:04.907330 [debug] [Thread-2 (]: SQL status: SELECT 0 in 0.0 seconds
[0m16:36:04.907690 [debug] [Thread-1 (]: Timing info for model.foodingo.ml_user_order_matrix (compile): 16:36:04.904889 => 16:36:04.907479
[0m16:36:04.909154 [debug] [Thread-2 (]: Using postgres connection "model.foodingo.food_popularity"
[0m16:36:04.909609 [debug] [Thread-2 (]: On model.foodingo.food_popularity: /* {"app": "dbt", "dbt_version": "1.7.9", "profile_name": "foodingo", "target_name": "dev", "node_id": "model.foodingo.food_popularity"} */
alter table "foodingo_warehouse"."analytics"."food_popularity" rename to "food_popularity__dbt_backup"
[0m16:36:04.909387 [debug] [Thread-1 (]: Began executing node model.foodingo.ml_user_order_matrix
[0m16:36:04.911424 [debug] [Thread-1 (]: Writing runtime sql for node "model.foodingo.ml_user_order_matrix"
[0m16:36:04.911554 [debug] [Thread-2 (]: SQL status: ALTER TABLE in 0.0 seconds
[0m16:36:04.913642 [debug] [Thread-2 (]: Using postgres connection "model.foodingo.food_popularity"
[0m16:36:04.913866 [debug] [Thread-2 (]: On model.foodingo.food_popularity: /* {"app": "dbt", "dbt_version": "1.7.9", "profile_name": "foodingo", "target_name": "dev", "node_id": "model.foodingo.food_popularity"} */
alter table "foodingo_warehouse"."analytics"."food_popularity__dbt_tmp" rename to "food_popularity"
[0m16:36:04.914013 [debug] [Thread-1 (]: Using postgres connection "model.foodingo.ml_user_order_matrix"
[0m16:36:04.914273 [debug] [Thread-1 (]: On model.foodingo.ml_user_order_matrix: BEGIN
[0m16:36:04.914556 [debug] [Thread-1 (]: Opening a new connection, currently in state closed
[0m16:36:04.914416 [debug] [Thread-2 (]: SQL status: ALTER TABLE in 0.0 seconds
[0m16:36:04.915772 [debug] [Thread-2 (]: On model.foodingo.food_popularity: COMMIT
[0m16:36:04.916028 [debug] [Thread-2 (]: Using postgres connection "model.foodingo.food_popularity"
[0m16:36:04.916198 [debug] [Thread-2 (]: On model.foodingo.food_popularity: COMMIT
[0m16:36:04.917611 [debug] [Thread-2 (]: SQL status: COMMIT in 0.0 seconds
[0m16:36:04.918847 [debug] [Thread-2 (]: Applying DROP to: "foodingo_warehouse"."analytics"."food_popularity__dbt_backup"
[0m16:36:04.918991 [debug] [Thread-1 (]: SQL status: BEGIN in 0.0 seconds
[0m16:36:04.919303 [debug] [Thread-2 (]: Using postgres connection "model.foodingo.food_popularity"
[0m16:36:04.919733 [debug] [Thread-2 (]: On model.foodingo.food_popularity: /* {"app": "dbt", "dbt_version": "1.7.9", "profile_name": "foodingo", "target_name": "dev", "node_id": "model.foodingo.food_popularity"} */
drop table if exists "foodingo_warehouse"."analytics"."food_popularity__dbt_backup" cascade
[0m16:36:04.919515 [debug] [Thread-1 (]: Using postgres connection "model.foodingo.ml_user_order_matrix"
[0m16:36:04.919977 [debug] [Thread-1 (]: On model.foodingo.ml_user_order_matrix: /* {"app": "dbt", "dbt_version": "1.7.9", "profile_name": "foodingo", "target_name": "dev", "node_id": "model.foodingo.ml_user_order_matrix"} */

  
    

  create  table "foodingo_warehouse"."analytics"."ml_user_order_matrix__dbt_tmp"
  
  
    as
  
  (
    -- models/marts/ml_user_order_matrix.sql
-- User × Food order count matrix — input for collaborative filtering recommender



WITH exploded AS (
    SELECT
        user_id,
        jsonb_array_elements(ordered_items)->>'foodId' AS food_id
    FROM "foodingo_warehouse"."analytics"."fact_orders"
    WHERE payment_status = 'paid'
      AND user_id IS NOT NULL
)

SELECT
    user_id,
    food_id,
    COUNT(*)   AS order_count
FROM exploded
WHERE food_id IS NOT NULL
GROUP BY user_id, food_id
  );
  
[0m16:36:04.920728 [debug] [Thread-2 (]: SQL status: DROP TABLE in 0.0 seconds
[0m16:36:04.921340 [debug] [Thread-2 (]: Timing info for model.foodingo.food_popularity (execute): 16:36:04.896723 => 16:36:04.921261
[0m16:36:04.921529 [debug] [Thread-2 (]: On model.foodingo.food_popularity: Close
[0m16:36:04.921935 [debug] [Thread-2 (]: Sending event: {'category': 'dbt', 'action': 'run_model', 'label': '622eb4f4-1524-49ce-891e-5642255c7569', 'context': [<snowplow_tracker.self_describing_json.SelfDescribingJson object at 0xffff8e0f7f10>]}
[0m16:36:04.922266 [info ] [Thread-2 (]: 7 of 10 OK created sql table model analytics.food_popularity ................... [[32mSELECT 0[0m in 0.03s]
[0m16:36:04.922859 [debug] [Thread-2 (]: Finished running node model.foodingo.food_popularity
[0m16:36:04.922595 [debug] [Thread-1 (]: SQL status: SELECT 0 in 0.0 seconds
[0m16:36:04.923074 [debug] [Thread-2 (]: Began running node model.foodingo.cart_abandonment
[0m16:36:04.924574 [info ] [Thread-2 (]: 9 of 10 START sql table model analytics.cart_abandonment ....................... [RUN]
[0m16:36:04.924358 [debug] [Thread-1 (]: Using postgres connection "model.foodingo.ml_user_order_matrix"
[0m16:36:04.925236 [debug] [Thread-1 (]: On model.foodingo.ml_user_order_matrix: /* {"app": "dbt", "dbt_version": "1.7.9", "profile_name": "foodingo", "target_name": "dev", "node_id": "model.foodingo.ml_user_order_matrix"} */
alter table "foodingo_warehouse"."analytics"."ml_user_order_matrix" rename to "ml_user_order_matrix__dbt_backup"
[0m16:36:04.925010 [debug] [Thread-2 (]: Re-using an available connection from the pool (formerly model.foodingo.food_popularity, now model.foodingo.cart_abandonment)
[0m16:36:04.925476 [debug] [Thread-2 (]: Began compiling node model.foodingo.cart_abandonment
[0m16:36:04.925636 [debug] [Thread-1 (]: SQL status: ALTER TABLE in 0.0 seconds
[0m16:36:04.927025 [debug] [Thread-2 (]: Writing injected SQL for node "model.foodingo.cart_abandonment"
[0m16:36:04.928155 [debug] [Thread-1 (]: Using postgres connection "model.foodingo.ml_user_order_matrix"
[0m16:36:04.928434 [debug] [Thread-1 (]: On model.foodingo.ml_user_order_matrix: /* {"app": "dbt", "dbt_version": "1.7.9", "profile_name": "foodingo", "target_name": "dev", "node_id": "model.foodingo.ml_user_order_matrix"} */
alter table "foodingo_warehouse"."analytics"."ml_user_order_matrix__dbt_tmp" rename to "ml_user_order_matrix"
[0m16:36:04.928969 [debug] [Thread-2 (]: Timing info for model.foodingo.cart_abandonment (compile): 16:36:04.925746 => 16:36:04.928864
[0m16:36:04.929267 [debug] [Thread-2 (]: Began executing node model.foodingo.cart_abandonment
[0m16:36:04.929112 [debug] [Thread-1 (]: SQL status: ALTER TABLE in 0.0 seconds
[0m16:36:04.930891 [debug] [Thread-2 (]: Writing runtime sql for node "model.foodingo.cart_abandonment"
[0m16:36:04.931711 [debug] [Thread-1 (]: On model.foodingo.ml_user_order_matrix: COMMIT
[0m16:36:04.932027 [debug] [Thread-1 (]: Using postgres connection "model.foodingo.ml_user_order_matrix"
[0m16:36:04.932218 [debug] [Thread-1 (]: On model.foodingo.ml_user_order_matrix: COMMIT
[0m16:36:04.932371 [debug] [Thread-2 (]: Using postgres connection "model.foodingo.cart_abandonment"
[0m16:36:04.932606 [debug] [Thread-2 (]: On model.foodingo.cart_abandonment: BEGIN
[0m16:36:04.932911 [debug] [Thread-2 (]: Opening a new connection, currently in state closed
[0m16:36:04.932769 [debug] [Thread-1 (]: SQL status: COMMIT in 0.0 seconds
[0m16:36:04.935005 [debug] [Thread-1 (]: Applying DROP to: "foodingo_warehouse"."analytics"."ml_user_order_matrix__dbt_backup"
[0m16:36:04.935404 [debug] [Thread-1 (]: Using postgres connection "model.foodingo.ml_user_order_matrix"
[0m16:36:04.935653 [debug] [Thread-1 (]: On model.foodingo.ml_user_order_matrix: /* {"app": "dbt", "dbt_version": "1.7.9", "profile_name": "foodingo", "target_name": "dev", "node_id": "model.foodingo.ml_user_order_matrix"} */
drop table if exists "foodingo_warehouse"."analytics"."ml_user_order_matrix__dbt_backup" cascade
[0m16:36:04.935806 [debug] [Thread-2 (]: SQL status: BEGIN in 0.0 seconds
[0m16:36:04.936043 [debug] [Thread-2 (]: Using postgres connection "model.foodingo.cart_abandonment"
[0m16:36:04.936239 [debug] [Thread-2 (]: On model.foodingo.cart_abandonment: /* {"app": "dbt", "dbt_version": "1.7.9", "profile_name": "foodingo", "target_name": "dev", "node_id": "model.foodingo.cart_abandonment"} */

  
    

  create  table "foodingo_warehouse"."analytics"."cart_abandonment__dbt_tmp"
  
  
    as
  
  (
    -- models/marts/cart_abandonment.sql
-- Identifies users who added to cart but did NOT place an order within 24 hours



WITH cart_users AS (
    SELECT
        user_id,
        MAX(event_time)                 AS last_cart_time,
        COUNT(DISTINCT food_id)         AS cart_item_count
    FROM "foodingo_warehouse"."analytics"."fact_cart_events"
    WHERE event_type = 'cart.item_added'
    GROUP BY user_id
),

order_users AS (
    SELECT DISTINCT user_id
    FROM "foodingo_warehouse"."analytics"."fact_orders"
    WHERE payment_status = 'paid'
)

SELECT
    c.user_id,
    c.last_cart_time,
    c.cart_item_count,
    EXTRACT(DAY FROM NOW() - c.last_cart_time)::INT     AS days_since_cart,
    (o.user_id IS NOT NULL)                             AS has_ordered_after
FROM cart_users c
LEFT JOIN order_users o ON c.user_id = o.user_id
ORDER BY days_since_cart DESC
  );
  
[0m16:36:04.936905 [debug] [Thread-1 (]: SQL status: DROP TABLE in 0.0 seconds
[0m16:36:04.937526 [debug] [Thread-1 (]: Timing info for model.foodingo.ml_user_order_matrix (execute): 16:36:04.909860 => 16:36:04.937444
[0m16:36:04.937706 [debug] [Thread-1 (]: On model.foodingo.ml_user_order_matrix: Close
[0m16:36:04.938061 [debug] [Thread-1 (]: Sending event: {'category': 'dbt', 'action': 'run_model', 'label': '622eb4f4-1524-49ce-891e-5642255c7569', 'context': [<snowplow_tracker.self_describing_json.SelfDescribingJson object at 0xffff8e0f7c50>]}
[0m16:36:04.938416 [info ] [Thread-1 (]: 8 of 10 OK created sql table model analytics.ml_user_order_matrix .............. [[32mSELECT 0[0m in 0.03s]
[0m16:36:04.938856 [debug] [Thread-1 (]: Finished running node model.foodingo.ml_user_order_matrix
[0m16:36:04.938590 [debug] [Thread-2 (]: SQL status: SELECT 3 in 0.0 seconds
[0m16:36:04.939106 [debug] [Thread-1 (]: Began running node model.foodingo.user_funnel
[0m16:36:04.940800 [info ] [Thread-1 (]: 10 of 10 START sql table model analytics.user_funnel ........................... [RUN]
[0m16:36:04.940586 [debug] [Thread-2 (]: Using postgres connection "model.foodingo.cart_abandonment"
[0m16:36:04.941167 [debug] [Thread-1 (]: Re-using an available connection from the pool (formerly model.foodingo.ml_user_order_matrix, now model.foodingo.user_funnel)
[0m16:36:04.941614 [debug] [Thread-1 (]: Began compiling node model.foodingo.user_funnel
[0m16:36:04.941416 [debug] [Thread-2 (]: On model.foodingo.cart_abandonment: /* {"app": "dbt", "dbt_version": "1.7.9", "profile_name": "foodingo", "target_name": "dev", "node_id": "model.foodingo.cart_abandonment"} */
alter table "foodingo_warehouse"."analytics"."cart_abandonment" rename to "cart_abandonment__dbt_backup"
[0m16:36:04.943174 [debug] [Thread-1 (]: Writing injected SQL for node "model.foodingo.user_funnel"
[0m16:36:04.943637 [debug] [Thread-2 (]: SQL status: ALTER TABLE in 0.0 seconds
[0m16:36:04.944833 [debug] [Thread-2 (]: Using postgres connection "model.foodingo.cart_abandonment"
[0m16:36:04.945074 [debug] [Thread-1 (]: Timing info for model.foodingo.user_funnel (compile): 16:36:04.941737 => 16:36:04.944994
[0m16:36:04.945424 [debug] [Thread-1 (]: Began executing node model.foodingo.user_funnel
[0m16:36:04.945226 [debug] [Thread-2 (]: On model.foodingo.cart_abandonment: /* {"app": "dbt", "dbt_version": "1.7.9", "profile_name": "foodingo", "target_name": "dev", "node_id": "model.foodingo.cart_abandonment"} */
alter table "foodingo_warehouse"."analytics"."cart_abandonment__dbt_tmp" rename to "cart_abandonment"
[0m16:36:04.947034 [debug] [Thread-1 (]: Writing runtime sql for node "model.foodingo.user_funnel"
[0m16:36:04.947406 [debug] [Thread-2 (]: SQL status: ALTER TABLE in 0.0 seconds
[0m16:36:04.948325 [debug] [Thread-2 (]: On model.foodingo.cart_abandonment: COMMIT
[0m16:36:04.948523 [debug] [Thread-1 (]: Using postgres connection "model.foodingo.user_funnel"
[0m16:36:04.948902 [debug] [Thread-1 (]: On model.foodingo.user_funnel: BEGIN
[0m16:36:04.948711 [debug] [Thread-2 (]: Using postgres connection "model.foodingo.cart_abandonment"
[0m16:36:04.949234 [debug] [Thread-2 (]: On model.foodingo.cart_abandonment: COMMIT
[0m16:36:04.949074 [debug] [Thread-1 (]: Opening a new connection, currently in state closed
[0m16:36:04.949868 [debug] [Thread-2 (]: SQL status: COMMIT in 0.0 seconds
[0m16:36:04.951622 [debug] [Thread-2 (]: Applying DROP to: "foodingo_warehouse"."analytics"."cart_abandonment__dbt_backup"
[0m16:36:04.951994 [debug] [Thread-2 (]: Using postgres connection "model.foodingo.cart_abandonment"
[0m16:36:04.952211 [debug] [Thread-2 (]: On model.foodingo.cart_abandonment: /* {"app": "dbt", "dbt_version": "1.7.9", "profile_name": "foodingo", "target_name": "dev", "node_id": "model.foodingo.cart_abandonment"} */
drop table if exists "foodingo_warehouse"."analytics"."cart_abandonment__dbt_backup" cascade
[0m16:36:04.952346 [debug] [Thread-1 (]: SQL status: BEGIN in 0.0 seconds
[0m16:36:04.952592 [debug] [Thread-1 (]: Using postgres connection "model.foodingo.user_funnel"
[0m16:36:04.952815 [debug] [Thread-1 (]: On model.foodingo.user_funnel: /* {"app": "dbt", "dbt_version": "1.7.9", "profile_name": "foodingo", "target_name": "dev", "node_id": "model.foodingo.user_funnel"} */

  
    

  create  table "foodingo_warehouse"."analytics"."user_funnel__dbt_tmp"
  
  
    as
  
  (
    -- models/marts/user_funnel.sql
-- Daily funnel: registered → logged in → added to cart → placed order



WITH daily_registrations AS (
    SELECT DATE(event_timestamp) AS d, COUNT(DISTINCT user_id) AS registered_users
    FROM "foodingo_warehouse"."analytics"."stg_users"
    WHERE event_type = 'user.registered'
    GROUP BY 1
),

daily_logins AS (
    SELECT DATE(event_timestamp) AS d, COUNT(DISTINCT user_id) AS logged_in_users
    FROM "foodingo_warehouse"."analytics"."stg_users"
    WHERE event_type = 'user.login'
    GROUP BY 1
),

daily_cart AS (
    SELECT event_date AS d, COUNT(DISTINCT user_id) AS cart_added_users
    FROM "foodingo_warehouse"."analytics"."fact_cart_events"
    WHERE event_type = 'cart.item_added'
    GROUP BY 1
),

daily_orders AS (
    SELECT order_date AS d, COUNT(DISTINCT user_id) AS ordered_users
    FROM "foodingo_warehouse"."analytics"."fact_orders"
    WHERE payment_status = 'paid'
    GROUP BY 1
)

SELECT
    r.d                         AS funnel_date,
    r.registered_users,
    COALESCE(l.logged_in_users, 0) AS logged_in_users,
    COALESCE(c.cart_added_users, 0) AS cart_added_users,
    COALESCE(o.ordered_users, 0)    AS ordered_users,
    CASE
        WHEN r.registered_users = 0 THEN 0
        ELSE ROUND(
            100.0 * COALESCE(o.ordered_users, 0) / r.registered_users, 2
        )
    END                         AS reg_to_order_rate
FROM daily_registrations r
LEFT JOIN daily_logins l  ON r.d = l.d
LEFT JOIN daily_cart c    ON r.d = c.d
LEFT JOIN daily_orders o  ON r.d = o.d
ORDER BY funnel_date DESC
  );
  
[0m16:36:04.953525 [debug] [Thread-2 (]: SQL status: DROP TABLE in 0.0 seconds
[0m16:36:04.954093 [debug] [Thread-2 (]: Timing info for model.foodingo.cart_abandonment (execute): 16:36:04.929378 => 16:36:04.954015
[0m16:36:04.954311 [debug] [Thread-2 (]: On model.foodingo.cart_abandonment: Close
[0m16:36:04.954708 [debug] [Thread-2 (]: Sending event: {'category': 'dbt', 'action': 'run_model', 'label': '622eb4f4-1524-49ce-891e-5642255c7569', 'context': [<snowplow_tracker.self_describing_json.SelfDescribingJson object at 0xffff8e0e5cd0>]}
[0m16:36:04.955214 [info ] [Thread-2 (]: 9 of 10 OK created sql table model analytics.cart_abandonment .................. [[32mSELECT 3[0m in 0.03s]
[0m16:36:04.955658 [debug] [Thread-2 (]: Finished running node model.foodingo.cart_abandonment
[0m16:36:04.956395 [debug] [Thread-1 (]: SQL status: SELECT 1 in 0.0 seconds
[0m16:36:04.958829 [debug] [Thread-1 (]: Using postgres connection "model.foodingo.user_funnel"
[0m16:36:04.959035 [debug] [Thread-1 (]: On model.foodingo.user_funnel: /* {"app": "dbt", "dbt_version": "1.7.9", "profile_name": "foodingo", "target_name": "dev", "node_id": "model.foodingo.user_funnel"} */
alter table "foodingo_warehouse"."analytics"."user_funnel" rename to "user_funnel__dbt_backup"
[0m16:36:04.959413 [debug] [Thread-1 (]: SQL status: ALTER TABLE in 0.0 seconds
[0m16:36:04.960645 [debug] [Thread-1 (]: Using postgres connection "model.foodingo.user_funnel"
[0m16:36:04.960824 [debug] [Thread-1 (]: On model.foodingo.user_funnel: /* {"app": "dbt", "dbt_version": "1.7.9", "profile_name": "foodingo", "target_name": "dev", "node_id": "model.foodingo.user_funnel"} */
alter table "foodingo_warehouse"."analytics"."user_funnel__dbt_tmp" rename to "user_funnel"
[0m16:36:04.961160 [debug] [Thread-1 (]: SQL status: ALTER TABLE in 0.0 seconds
[0m16:36:04.962071 [debug] [Thread-1 (]: On model.foodingo.user_funnel: COMMIT
[0m16:36:04.962231 [debug] [Thread-1 (]: Using postgres connection "model.foodingo.user_funnel"
[0m16:36:04.962396 [debug] [Thread-1 (]: On model.foodingo.user_funnel: COMMIT
[0m16:36:04.962886 [debug] [Thread-1 (]: SQL status: COMMIT in 0.0 seconds
[0m16:36:04.963796 [debug] [Thread-1 (]: Applying DROP to: "foodingo_warehouse"."analytics"."user_funnel__dbt_backup"
[0m16:36:04.964160 [debug] [Thread-1 (]: Using postgres connection "model.foodingo.user_funnel"
[0m16:36:04.964338 [debug] [Thread-1 (]: On model.foodingo.user_funnel: /* {"app": "dbt", "dbt_version": "1.7.9", "profile_name": "foodingo", "target_name": "dev", "node_id": "model.foodingo.user_funnel"} */
drop table if exists "foodingo_warehouse"."analytics"."user_funnel__dbt_backup" cascade
[0m16:36:04.965241 [debug] [Thread-1 (]: SQL status: DROP TABLE in 0.0 seconds
[0m16:36:04.965807 [debug] [Thread-1 (]: Timing info for model.foodingo.user_funnel (execute): 16:36:04.945547 => 16:36:04.965724
[0m16:36:04.965985 [debug] [Thread-1 (]: On model.foodingo.user_funnel: Close
[0m16:36:04.966360 [debug] [Thread-1 (]: Sending event: {'category': 'dbt', 'action': 'run_model', 'label': '622eb4f4-1524-49ce-891e-5642255c7569', 'context': [<snowplow_tracker.self_describing_json.SelfDescribingJson object at 0xffff8e14f4d0>]}
[0m16:36:04.966647 [info ] [Thread-1 (]: 10 of 10 OK created sql table model analytics.user_funnel ...................... [[32mSELECT 1[0m in 0.03s]
[0m16:36:04.966930 [debug] [Thread-1 (]: Finished running node model.foodingo.user_funnel
[0m16:36:04.967753 [debug] [MainThread]: Using postgres connection "master"
[0m16:36:04.967950 [debug] [MainThread]: On master: BEGIN
[0m16:36:04.968118 [debug] [MainThread]: Opening a new connection, currently in state closed
[0m16:36:04.970470 [debug] [MainThread]: SQL status: BEGIN in 0.0 seconds
[0m16:36:04.970674 [debug] [MainThread]: On master: COMMIT
[0m16:36:04.970839 [debug] [MainThread]: Using postgres connection "master"
[0m16:36:04.971008 [debug] [MainThread]: On master: COMMIT
[0m16:36:04.971207 [debug] [MainThread]: SQL status: COMMIT in 0.0 seconds
[0m16:36:04.971362 [debug] [MainThread]: On master: Close
[0m16:36:04.971654 [debug] [MainThread]: Connection 'master' was properly closed.
[0m16:36:04.971810 [debug] [MainThread]: Connection 'model.foodingo.user_funnel' was properly closed.
[0m16:36:04.971952 [debug] [MainThread]: Connection 'model.foodingo.cart_abandonment' was properly closed.
[0m16:36:04.972172 [info ] [MainThread]: 
[0m16:36:04.972403 [info ] [MainThread]: Finished running 3 view models, 7 table models in 0 hours 0 minutes and 0.24 seconds (0.24s).
[0m16:36:04.973154 [debug] [MainThread]: Command end result
[0m16:36:04.977480 [info ] [MainThread]: 
[0m16:36:04.977772 [info ] [MainThread]: [32mCompleted successfully[0m
[0m16:36:04.978069 [info ] [MainThread]: 
[0m16:36:04.978343 [info ] [MainThread]: Done. PASS=10 WARN=0 ERROR=0 SKIP=0 TOTAL=10
[0m16:36:04.978940 [debug] [MainThread]: Resource report: {"command_name": "run", "command_success": true, "command_wall_clock_time": 0.667379, "process_user_time": 1.487926, "process_kernel_time": 0.089935, "process_mem_max_rss": "125368", "process_out_blocks": "2555", "process_in_blocks": "0"}
[0m16:36:04.979194 [debug] [MainThread]: Command `dbt run` succeeded at 16:36:04.979143 after 0.67 seconds
[0m16:36:04.979394 [debug] [MainThread]: Sending event: {'category': 'dbt', 'action': 'invocation', 'label': 'end', 'context': [<snowplow_tracker.self_describing_json.SelfDescribingJson object at 0xffff903d6ad0>, <snowplow_tracker.self_describing_json.SelfDescribingJson object at 0xffff903a80d0>, <snowplow_tracker.self_describing_json.SelfDescribingJson object at 0xffff8f6dfb90>]}
[0m16:36:04.979585 [debug] [MainThread]: Flushing usage events
[0m06:57:25.737886 [debug] [MainThread]: Sending event: {'category': 'dbt', 'action': 'invocation', 'label': 'start', 'context': [<snowplow_tracker.self_describing_json.SelfDescribingJson object at 0xffffaa8186d0>, <snowplow_tracker.self_describing_json.SelfDescribingJson object at 0xffffaa81a110>, <snowplow_tracker.self_describing_json.SelfDescribingJson object at 0xffffaa7c9e10>]}


============================== 06:57:25.741019 | 49e08746-e5f3-44c9-8f53-f67fd4e301eb ==============================
[0m06:57:25.741019 [info ] [MainThread]: Running with dbt=1.7.9
[0m06:57:25.741335 [debug] [MainThread]: running dbt with arguments {'printer_width': '80', 'indirect_selection': 'eager', 'write_json': 'True', 'log_cache_events': 'False', 'partial_parse': 'True', 'cache_selected_only': 'False', 'profiles_dir': '/opt/airflow/dbt', 'version_check': 'True', 'fail_fast': 'False', 'log_path': '/opt/airflow/dbt/logs', 'warn_error': 'None', 'debug': 'False', 'use_colors': 'True', 'use_experimental_parser': 'False', 'no_print': 'None', 'quiet': 'False', 'warn_error_options': 'WarnErrorOptions(include=[], exclude=[])', 'introspect': 'True', 'log_format': 'default', 'invocation_command': 'dbt run --profiles-dir /opt/airflow/dbt --project-dir /opt/airflow/dbt --select staging', 'target_path': 'None', 'static_parser': 'True', 'send_anonymous_usage_stats': 'True'}
[0m06:57:25.825374 [debug] [MainThread]: Sending event: {'category': 'dbt', 'action': 'project_id', 'label': '49e08746-e5f3-44c9-8f53-f67fd4e301eb', 'context': [<snowplow_tracker.self_describing_json.SelfDescribingJson object at 0xffffa95bba10>]}
[0m06:57:25.853972 [debug] [MainThread]: Sending event: {'category': 'dbt', 'action': 'adapter_info', 'label': '49e08746-e5f3-44c9-8f53-f67fd4e301eb', 'context': [<snowplow_tracker.self_describing_json.SelfDescribingJson object at 0xffffa971dbd0>]}
[0m06:57:25.854390 [info ] [MainThread]: Registered adapter: postgres=1.7.9
[0m06:57:25.857490 [debug] [MainThread]: checksum: 6ff0d83c3b46f350064523b4e08d9241403ad71d606ba49c4e670afba3668b39, vars: {}, profile: , target: , version: 1.7.9
[0m06:57:25.874902 [debug] [MainThread]: Partial parsing enabled: 0 files deleted, 0 files added, 0 files changed.
[0m06:57:25.875100 [debug] [MainThread]: Partial parsing enabled, no changes found, skipping parsing
[0m06:57:25.877343 [debug] [MainThread]: Sending event: {'category': 'dbt', 'action': 'load_project', 'label': '49e08746-e5f3-44c9-8f53-f67fd4e301eb', 'context': [<snowplow_tracker.self_describing_json.SelfDescribingJson object at 0xffffa957e990>]}
[0m06:57:25.883845 [debug] [MainThread]: Sending event: {'category': 'dbt', 'action': 'resource_counts', 'label': '49e08746-e5f3-44c9-8f53-f67fd4e301eb', 'context': [<snowplow_tracker.self_describing_json.SelfDescribingJson object at 0xffffa957e450>]}
[0m06:57:25.884211 [info ] [MainThread]: Found 10 models, 0 sources, 0 exposures, 0 metrics, 401 macros, 0 groups, 0 semantic models
[0m06:57:25.884441 [debug] [MainThread]: Sending event: {'category': 'dbt', 'action': 'runnable_timing', 'label': '49e08746-e5f3-44c9-8f53-f67fd4e301eb', 'context': [<snowplow_tracker.self_describing_json.SelfDescribingJson object at 0xffffa94a3d10>]}
[0m06:57:25.885360 [info ] [MainThread]: 
[0m06:57:25.885743 [debug] [MainThread]: Acquiring new postgres connection 'master'
[0m06:57:25.886288 [debug] [ThreadPool]: Acquiring new postgres connection 'list_foodingo_warehouse'
[0m06:57:25.890218 [debug] [ThreadPool]: Using postgres connection "list_foodingo_warehouse"
[0m06:57:25.890401 [debug] [ThreadPool]: On list_foodingo_warehouse: /* {"app": "dbt", "dbt_version": "1.7.9", "profile_name": "foodingo", "target_name": "dev", "connection_name": "list_foodingo_warehouse"} */

    select distinct nspname from pg_namespace
  
[0m06:57:25.890591 [debug] [ThreadPool]: Opening a new connection, currently in state init
[0m06:57:25.905614 [debug] [ThreadPool]: SQL status: SELECT 6 in 0.0 seconds
[0m06:57:25.906353 [debug] [ThreadPool]: On list_foodingo_warehouse: Close
[0m06:57:25.907653 [debug] [ThreadPool]: Re-using an available connection from the pool (formerly list_foodingo_warehouse, now list_foodingo_warehouse_analytics)
[0m06:57:25.910419 [debug] [ThreadPool]: Using postgres connection "list_foodingo_warehouse_analytics"
[0m06:57:25.910734 [debug] [ThreadPool]: On list_foodingo_warehouse_analytics: BEGIN
[0m06:57:25.911033 [debug] [ThreadPool]: Opening a new connection, currently in state closed
[0m06:57:25.914080 [debug] [ThreadPool]: SQL status: BEGIN in 0.0 seconds
[0m06:57:25.914264 [debug] [ThreadPool]: Using postgres connection "list_foodingo_warehouse_analytics"
[0m06:57:25.914453 [debug] [ThreadPool]: On list_foodingo_warehouse_analytics: /* {"app": "dbt", "dbt_version": "1.7.9", "profile_name": "foodingo", "target_name": "dev", "connection_name": "list_foodingo_warehouse_analytics"} */
select
      'foodingo_warehouse' as database,
      tablename as name,
      schemaname as schema,
      'table' as type
    from pg_tables
    where schemaname ilike 'analytics'
    union all
    select
      'foodingo_warehouse' as database,
      viewname as name,
      schemaname as schema,
      'view' as type
    from pg_views
    where schemaname ilike 'analytics'
    union all
    select
      'foodingo_warehouse' as database,
      matviewname as name,
      schemaname as schema,
      'materialized_view' as type
    from pg_matviews
    where schemaname ilike 'analytics'
  
[0m06:57:25.921453 [debug] [ThreadPool]: SQL status: SELECT 10 in 0.0 seconds
[0m06:57:25.922113 [debug] [ThreadPool]: On list_foodingo_warehouse_analytics: ROLLBACK
[0m06:57:25.922351 [debug] [ThreadPool]: On list_foodingo_warehouse_analytics: Close
[0m06:57:25.925105 [debug] [MainThread]: Using postgres connection "master"
[0m06:57:25.925304 [debug] [MainThread]: On master: BEGIN
[0m06:57:25.925481 [debug] [MainThread]: Opening a new connection, currently in state init
[0m06:57:25.927752 [debug] [MainThread]: SQL status: BEGIN in 0.0 seconds
[0m06:57:25.927913 [debug] [MainThread]: Using postgres connection "master"
[0m06:57:25.928108 [debug] [MainThread]: On master: /* {"app": "dbt", "dbt_version": "1.7.9", "profile_name": "foodingo", "target_name": "dev", "connection_name": "master"} */
with relation as (
        select
            pg_rewrite.ev_class as class,
            pg_rewrite.oid as id
        from pg_rewrite
    ),
    class as (
        select
            oid as id,
            relname as name,
            relnamespace as schema,
            relkind as kind
        from pg_class
    ),
    dependency as (
        select distinct
            pg_depend.objid as id,
            pg_depend.refobjid as ref
        from pg_depend
    ),
    schema as (
        select
            pg_namespace.oid as id,
            pg_namespace.nspname as name
        from pg_namespace
        where nspname != 'information_schema' and nspname not like 'pg\_%'
    ),
    referenced as (
        select
            relation.id AS id,
            referenced_class.name ,
            referenced_class.schema ,
            referenced_class.kind
        from relation
        join class as referenced_class on relation.class=referenced_class.id
        where referenced_class.kind in ('r', 'v', 'm')
    ),
    relationships as (
        select
            referenced.name as referenced_name,
            referenced.schema as referenced_schema_id,
            dependent_class.name as dependent_name,
            dependent_class.schema as dependent_schema_id,
            referenced.kind as kind
        from referenced
        join dependency on referenced.id=dependency.id
        join class as dependent_class on dependency.ref=dependent_class.id
        where
            (referenced.name != dependent_class.name or
             referenced.schema != dependent_class.schema)
    )

    select
        referenced_schema.name as referenced_schema,
        relationships.referenced_name as referenced_name,
        dependent_schema.name as dependent_schema,
        relationships.dependent_name as dependent_name
    from relationships
    join schema as dependent_schema on relationships.dependent_schema_id=dependent_schema.id
    join schema as referenced_schema on relationships.referenced_schema_id=referenced_schema.id
    group by referenced_schema, referenced_name, dependent_schema, dependent_name
    order by referenced_schema, referenced_name, dependent_schema, dependent_name;
[0m06:57:25.935272 [debug] [MainThread]: SQL status: SELECT 51 in 0.0 seconds
[0m06:57:25.936285 [debug] [MainThread]: Sending event: {'category': 'dbt', 'action': 'runnable_timing', 'label': '49e08746-e5f3-44c9-8f53-f67fd4e301eb', 'context': [<snowplow_tracker.self_describing_json.SelfDescribingJson object at 0xffffa94c3e10>]}
[0m06:57:25.936616 [debug] [MainThread]: On master: ROLLBACK
[0m06:57:25.936851 [debug] [MainThread]: Using postgres connection "master"
[0m06:57:25.937071 [debug] [MainThread]: On master: BEGIN
[0m06:57:25.937427 [debug] [MainThread]: SQL status: BEGIN in 0.0 seconds
[0m06:57:25.937671 [debug] [MainThread]: On master: COMMIT
[0m06:57:25.937850 [debug] [MainThread]: Using postgres connection "master"
[0m06:57:25.938020 [debug] [MainThread]: On master: COMMIT
[0m06:57:25.938298 [debug] [MainThread]: SQL status: COMMIT in 0.0 seconds
[0m06:57:25.938478 [debug] [MainThread]: On master: Close
[0m06:57:25.938921 [info ] [MainThread]: Concurrency: 2 threads (target='dev')
[0m06:57:25.939132 [info ] [MainThread]: 
[0m06:57:25.943702 [debug] [Thread-1 (]: Began running node model.foodingo.stg_cart
[0m06:57:25.943898 [debug] [Thread-2 (]: Began running node model.foodingo.stg_orders
[0m06:57:25.944157 [info ] [Thread-1 (]: 1 of 3 START sql view model analytics.stg_cart ................................. [RUN]
[0m06:57:25.944415 [info ] [Thread-2 (]: 2 of 3 START sql view model analytics.stg_orders ............................... [RUN]
[0m06:57:25.944797 [debug] [Thread-1 (]: Re-using an available connection from the pool (formerly list_foodingo_warehouse_analytics, now model.foodingo.stg_cart)
[0m06:57:25.945147 [debug] [Thread-2 (]: Acquiring new postgres connection 'model.foodingo.stg_orders'
[0m06:57:25.945362 [debug] [Thread-1 (]: Began compiling node model.foodingo.stg_cart
[0m06:57:25.945557 [debug] [Thread-2 (]: Began compiling node model.foodingo.stg_orders
[0m06:57:25.948289 [debug] [Thread-1 (]: Writing injected SQL for node "model.foodingo.stg_cart"
[0m06:57:25.949411 [debug] [Thread-2 (]: Writing injected SQL for node "model.foodingo.stg_orders"
[0m06:57:25.950680 [debug] [Thread-1 (]: Timing info for model.foodingo.stg_cart (compile): 06:57:25.945721 => 06:57:25.950564
[0m06:57:25.950867 [debug] [Thread-2 (]: Timing info for model.foodingo.stg_orders (compile): 06:57:25.948478 => 06:57:25.950780
[0m06:57:25.951290 [debug] [Thread-2 (]: Began executing node model.foodingo.stg_orders
[0m06:57:25.951079 [debug] [Thread-1 (]: Began executing node model.foodingo.stg_cart
[0m06:57:25.964109 [debug] [Thread-2 (]: Writing runtime sql for node "model.foodingo.stg_orders"
[0m06:57:25.965753 [debug] [Thread-1 (]: Writing runtime sql for node "model.foodingo.stg_cart"
[0m06:57:25.966722 [debug] [Thread-2 (]: Using postgres connection "model.foodingo.stg_orders"
[0m06:57:25.967131 [debug] [Thread-2 (]: On model.foodingo.stg_orders: BEGIN
[0m06:57:25.966941 [debug] [Thread-1 (]: Using postgres connection "model.foodingo.stg_cart"
[0m06:57:25.967501 [debug] [Thread-1 (]: On model.foodingo.stg_cart: BEGIN
[0m06:57:25.967329 [debug] [Thread-2 (]: Opening a new connection, currently in state init
[0m06:57:25.967664 [debug] [Thread-1 (]: Opening a new connection, currently in state closed
[0m06:57:25.970554 [debug] [Thread-2 (]: SQL status: BEGIN in 0.0 seconds
[0m06:57:25.970748 [debug] [Thread-2 (]: Using postgres connection "model.foodingo.stg_orders"
[0m06:57:25.970943 [debug] [Thread-2 (]: On model.foodingo.stg_orders: /* {"app": "dbt", "dbt_version": "1.7.9", "profile_name": "foodingo", "target_name": "dev", "node_id": "model.foodingo.stg_orders"} */

  create view "foodingo_warehouse"."analytics"."stg_orders__dbt_tmp"
    
    
  as (
    -- models/staging/stg_orders.sql
-- Cleans raw order events: deduplicates, casts types, filters to paid orders only



WITH deduped AS (
    SELECT
        order_id,
        user_id,
        user_address,
        email,
        phone_number,
        amount::DECIMAL(10,2)   AS amount,
        payment_status,
        order_status,
        razorpay_order_id,
        razorpay_payment_id,
        ordered_items,
        event_type,
        event_timestamp,
        ingested_at,
        ROW_NUMBER() OVER (
            PARTITION BY order_id, event_type
            ORDER BY event_timestamp DESC
        ) AS rn
    FROM raw.order_events
    WHERE order_id IS NOT NULL
)

SELECT
    order_id,
    user_id,
    user_address,
    email,
    phone_number,
    amount,
    payment_status,
    order_status,
    razorpay_order_id,
    razorpay_payment_id,
    ordered_items,
    event_type,
    event_timestamp,
    ingested_at
FROM deduped
WHERE rn = 1
  );
[0m06:57:25.971151 [debug] [Thread-1 (]: SQL status: BEGIN in 0.0 seconds
[0m06:57:25.971357 [debug] [Thread-1 (]: Using postgres connection "model.foodingo.stg_cart"
[0m06:57:25.971545 [debug] [Thread-1 (]: On model.foodingo.stg_cart: /* {"app": "dbt", "dbt_version": "1.7.9", "profile_name": "foodingo", "target_name": "dev", "node_id": "model.foodingo.stg_cart"} */

  create view "foodingo_warehouse"."analytics"."stg_cart__dbt_tmp"
    
    
  as (
    -- models/staging/stg_cart.sql


SELECT
    user_id,
    food_id,
    quantity,
    event_type,
    event_timestamp,
    ingested_at
FROM raw.cart_events
WHERE user_id IS NOT NULL
  );
[0m06:57:25.977400 [debug] [Thread-1 (]: SQL status: CREATE VIEW in 0.0 seconds
[0m06:57:25.980529 [debug] [Thread-1 (]: Using postgres connection "model.foodingo.stg_cart"
[0m06:57:25.980897 [debug] [Thread-1 (]: On model.foodingo.stg_cart: /* {"app": "dbt", "dbt_version": "1.7.9", "profile_name": "foodingo", "target_name": "dev", "node_id": "model.foodingo.stg_cart"} */
alter table "foodingo_warehouse"."analytics"."stg_cart" rename to "stg_cart__dbt_backup"
[0m06:57:25.980694 [debug] [Thread-2 (]: SQL status: CREATE VIEW in 0.0 seconds
[0m06:57:25.982211 [debug] [Thread-2 (]: Using postgres connection "model.foodingo.stg_orders"
[0m06:57:25.982346 [debug] [Thread-1 (]: SQL status: ALTER TABLE in 0.0 seconds
[0m06:57:25.983642 [debug] [Thread-1 (]: Using postgres connection "model.foodingo.stg_cart"
[0m06:57:25.982522 [debug] [Thread-2 (]: On model.foodingo.stg_orders: /* {"app": "dbt", "dbt_version": "1.7.9", "profile_name": "foodingo", "target_name": "dev", "node_id": "model.foodingo.stg_orders"} */
alter table "foodingo_warehouse"."analytics"."stg_orders" rename to "stg_orders__dbt_backup"
[0m06:57:25.983795 [debug] [Thread-1 (]: On model.foodingo.stg_cart: /* {"app": "dbt", "dbt_version": "1.7.9", "profile_name": "foodingo", "target_name": "dev", "node_id": "model.foodingo.stg_cart"} */
alter table "foodingo_warehouse"."analytics"."stg_cart__dbt_tmp" rename to "stg_cart"
[0m06:57:25.984122 [debug] [Thread-2 (]: SQL status: ALTER TABLE in 0.0 seconds
[0m06:57:25.985226 [debug] [Thread-2 (]: Using postgres connection "model.foodingo.stg_orders"
[0m06:57:25.984255 [debug] [Thread-1 (]: SQL status: ALTER TABLE in 0.0 seconds
[0m06:57:25.985399 [debug] [Thread-2 (]: On model.foodingo.stg_orders: /* {"app": "dbt", "dbt_version": "1.7.9", "profile_name": "foodingo", "target_name": "dev", "node_id": "model.foodingo.stg_orders"} */
alter table "foodingo_warehouse"."analytics"."stg_orders__dbt_tmp" rename to "stg_orders"
[0m06:57:25.991301 [debug] [Thread-1 (]: On model.foodingo.stg_cart: COMMIT
[0m06:57:25.991546 [debug] [Thread-1 (]: Using postgres connection "model.foodingo.stg_cart"
[0m06:57:25.991849 [debug] [Thread-1 (]: On model.foodingo.stg_cart: COMMIT
[0m06:57:25.991687 [debug] [Thread-2 (]: SQL status: ALTER TABLE in 0.0 seconds
[0m06:57:25.992769 [debug] [Thread-2 (]: On model.foodingo.stg_orders: COMMIT
[0m06:57:25.992911 [debug] [Thread-1 (]: SQL status: COMMIT in 0.0 seconds
[0m06:57:25.993084 [debug] [Thread-2 (]: Using postgres connection "model.foodingo.stg_orders"
[0m06:57:25.995375 [debug] [Thread-1 (]: Applying DROP to: "foodingo_warehouse"."analytics"."stg_cart__dbt_backup"
[0m06:57:25.995560 [debug] [Thread-2 (]: On model.foodingo.stg_orders: COMMIT
[0m06:57:25.997451 [debug] [Thread-1 (]: Using postgres connection "model.foodingo.stg_cart"
[0m06:57:25.997798 [debug] [Thread-1 (]: On model.foodingo.stg_cart: /* {"app": "dbt", "dbt_version": "1.7.9", "profile_name": "foodingo", "target_name": "dev", "node_id": "model.foodingo.stg_cart"} */
drop view if exists "foodingo_warehouse"."analytics"."stg_cart__dbt_backup" cascade
[0m06:57:25.997952 [debug] [Thread-2 (]: SQL status: COMMIT in 0.0 seconds
[0m06:57:25.999059 [debug] [Thread-2 (]: Applying DROP to: "foodingo_warehouse"."analytics"."stg_orders__dbt_backup"
[0m06:57:25.999478 [debug] [Thread-2 (]: Using postgres connection "model.foodingo.stg_orders"
[0m06:57:25.999669 [debug] [Thread-2 (]: On model.foodingo.stg_orders: /* {"app": "dbt", "dbt_version": "1.7.9", "profile_name": "foodingo", "target_name": "dev", "node_id": "model.foodingo.stg_orders"} */
drop view if exists "foodingo_warehouse"."analytics"."stg_orders__dbt_backup" cascade
[0m06:57:26.000193 [debug] [Thread-1 (]: SQL status: DROP VIEW in 0.0 seconds
[0m06:57:26.000783 [debug] [Thread-1 (]: Timing info for model.foodingo.stg_cart (execute): 06:57:25.964216 => 06:57:26.000704
[0m06:57:26.000918 [debug] [Thread-2 (]: SQL status: DROP VIEW in 0.0 seconds
[0m06:57:26.001114 [debug] [Thread-1 (]: On model.foodingo.stg_cart: Close
[0m06:57:26.002050 [debug] [Thread-1 (]: Sending event: {'category': 'dbt', 'action': 'run_model', 'label': '49e08746-e5f3-44c9-8f53-f67fd4e301eb', 'context': [<snowplow_tracker.self_describing_json.SelfDescribingJson object at 0xffffa9492550>]}
[0m06:57:26.001676 [debug] [Thread-2 (]: Timing info for model.foodingo.stg_orders (execute): 06:57:25.951430 => 06:57:26.001580
[0m06:57:26.002367 [info ] [Thread-1 (]: 1 of 3 OK created sql view model analytics.stg_cart ............................ [[32mCREATE VIEW[0m in 0.06s]
[0m06:57:26.002866 [debug] [Thread-1 (]: Finished running node model.foodingo.stg_cart
[0m06:57:26.002590 [debug] [Thread-2 (]: On model.foodingo.stg_orders: Close
[0m06:57:26.003419 [debug] [Thread-2 (]: Sending event: {'category': 'dbt', 'action': 'run_model', 'label': '49e08746-e5f3-44c9-8f53-f67fd4e301eb', 'context': [<snowplow_tracker.self_describing_json.SelfDescribingJson object at 0xffffa9474190>]}
[0m06:57:26.003076 [debug] [Thread-1 (]: Began running node model.foodingo.stg_users
[0m06:57:26.003893 [info ] [Thread-1 (]: 3 of 3 START sql view model analytics.stg_users ................................ [RUN]
[0m06:57:26.004185 [debug] [Thread-1 (]: Re-using an available connection from the pool (formerly model.foodingo.stg_cart, now model.foodingo.stg_users)
[0m06:57:26.003689 [info ] [Thread-2 (]: 2 of 3 OK created sql view model analytics.stg_orders .......................... [[32mCREATE VIEW[0m in 0.06s]
[0m06:57:26.004367 [debug] [Thread-1 (]: Began compiling node model.foodingo.stg_users
[0m06:57:26.004590 [debug] [Thread-2 (]: Finished running node model.foodingo.stg_orders
[0m06:57:26.005723 [debug] [Thread-1 (]: Writing injected SQL for node "model.foodingo.stg_users"
[0m06:57:26.006303 [debug] [Thread-1 (]: Timing info for model.foodingo.stg_users (compile): 06:57:26.004737 => 06:57:26.006205
[0m06:57:26.006481 [debug] [Thread-1 (]: Began executing node model.foodingo.stg_users
[0m06:57:26.008264 [debug] [Thread-1 (]: Writing runtime sql for node "model.foodingo.stg_users"
[0m06:57:26.008645 [debug] [Thread-1 (]: Using postgres connection "model.foodingo.stg_users"
[0m06:57:26.008807 [debug] [Thread-1 (]: On model.foodingo.stg_users: BEGIN
[0m06:57:26.008980 [debug] [Thread-1 (]: Opening a new connection, currently in state closed
[0m06:57:26.011309 [debug] [Thread-1 (]: SQL status: BEGIN in 0.0 seconds
[0m06:57:26.011482 [debug] [Thread-1 (]: Using postgres connection "model.foodingo.stg_users"
[0m06:57:26.011671 [debug] [Thread-1 (]: On model.foodingo.stg_users: /* {"app": "dbt", "dbt_version": "1.7.9", "profile_name": "foodingo", "target_name": "dev", "node_id": "model.foodingo.stg_users"} */

  create view "foodingo_warehouse"."analytics"."stg_users__dbt_tmp"
    
    
  as (
    -- models/staging/stg_users.sql


SELECT
    user_id,
    email,
    name,
    event_type,
    event_timestamp,
    ingested_at
FROM raw.user_events
WHERE user_id IS NOT NULL
  );
[0m06:57:26.012902 [debug] [Thread-1 (]: SQL status: CREATE VIEW in 0.0 seconds
[0m06:57:26.014043 [debug] [Thread-1 (]: Using postgres connection "model.foodingo.stg_users"
[0m06:57:26.014223 [debug] [Thread-1 (]: On model.foodingo.stg_users: /* {"app": "dbt", "dbt_version": "1.7.9", "profile_name": "foodingo", "target_name": "dev", "node_id": "model.foodingo.stg_users"} */
alter table "foodingo_warehouse"."analytics"."stg_users" rename to "stg_users__dbt_backup"
[0m06:57:26.014548 [debug] [Thread-1 (]: SQL status: ALTER TABLE in 0.0 seconds
[0m06:57:26.015686 [debug] [Thread-1 (]: Using postgres connection "model.foodingo.stg_users"
[0m06:57:26.015858 [debug] [Thread-1 (]: On model.foodingo.stg_users: /* {"app": "dbt", "dbt_version": "1.7.9", "profile_name": "foodingo", "target_name": "dev", "node_id": "model.foodingo.stg_users"} */
alter table "foodingo_warehouse"."analytics"."stg_users__dbt_tmp" rename to "stg_users"
[0m06:57:26.016165 [debug] [Thread-1 (]: SQL status: ALTER TABLE in 0.0 seconds
[0m06:57:26.017135 [debug] [Thread-1 (]: On model.foodingo.stg_users: COMMIT
[0m06:57:26.017327 [debug] [Thread-1 (]: Using postgres connection "model.foodingo.stg_users"
[0m06:57:26.017512 [debug] [Thread-1 (]: On model.foodingo.stg_users: COMMIT
[0m06:57:26.017863 [debug] [Thread-1 (]: SQL status: COMMIT in 0.0 seconds
[0m06:57:26.018762 [debug] [Thread-1 (]: Applying DROP to: "foodingo_warehouse"."analytics"."stg_users__dbt_backup"
[0m06:57:26.019178 [debug] [Thread-1 (]: Using postgres connection "model.foodingo.stg_users"
[0m06:57:26.019333 [debug] [Thread-1 (]: On model.foodingo.stg_users: /* {"app": "dbt", "dbt_version": "1.7.9", "profile_name": "foodingo", "target_name": "dev", "node_id": "model.foodingo.stg_users"} */
drop view if exists "foodingo_warehouse"."analytics"."stg_users__dbt_backup" cascade
[0m06:57:26.020181 [debug] [Thread-1 (]: SQL status: DROP VIEW in 0.0 seconds
[0m06:57:26.020694 [debug] [Thread-1 (]: Timing info for model.foodingo.stg_users (execute): 06:57:26.006595 => 06:57:26.020603
[0m06:57:26.020893 [debug] [Thread-1 (]: On model.foodingo.stg_users: Close
[0m06:57:26.021254 [debug] [Thread-1 (]: Sending event: {'category': 'dbt', 'action': 'run_model', 'label': '49e08746-e5f3-44c9-8f53-f67fd4e301eb', 'context': [<snowplow_tracker.self_describing_json.SelfDescribingJson object at 0xffffa933d3d0>]}
[0m06:57:26.021528 [info ] [Thread-1 (]: 3 of 3 OK created sql view model analytics.stg_users ........................... [[32mCREATE VIEW[0m in 0.02s]
[0m06:57:26.021798 [debug] [Thread-1 (]: Finished running node model.foodingo.stg_users
[0m06:57:26.022500 [debug] [MainThread]: Using postgres connection "master"
[0m06:57:26.022680 [debug] [MainThread]: On master: BEGIN
[0m06:57:26.022831 [debug] [MainThread]: Opening a new connection, currently in state closed
[0m06:57:26.024954 [debug] [MainThread]: SQL status: BEGIN in 0.0 seconds
[0m06:57:26.025123 [debug] [MainThread]: On master: COMMIT
[0m06:57:26.025281 [debug] [MainThread]: Using postgres connection "master"
[0m06:57:26.025428 [debug] [MainThread]: On master: COMMIT
[0m06:57:26.025603 [debug] [MainThread]: SQL status: COMMIT in 0.0 seconds
[0m06:57:26.025756 [debug] [MainThread]: On master: Close
[0m06:57:26.026056 [debug] [MainThread]: Connection 'master' was properly closed.
[0m06:57:26.026243 [debug] [MainThread]: Connection 'model.foodingo.stg_users' was properly closed.
[0m06:57:26.026416 [debug] [MainThread]: Connection 'model.foodingo.stg_orders' was properly closed.
[0m06:57:26.026612 [info ] [MainThread]: 
[0m06:57:26.026789 [info ] [MainThread]: Finished running 3 view models in 0 hours 0 minutes and 0.14 seconds (0.14s).
[0m06:57:26.027151 [debug] [MainThread]: Command end result
[0m06:57:26.052148 [info ] [MainThread]: 
[0m06:57:26.052415 [info ] [MainThread]: [32mCompleted successfully[0m
[0m06:57:26.052665 [info ] [MainThread]: 
[0m06:57:26.052887 [info ] [MainThread]: Done. PASS=3 WARN=0 ERROR=0 SKIP=0 TOTAL=3
[0m06:57:26.053285 [debug] [MainThread]: Resource report: {"command_name": "run", "command_success": true, "command_wall_clock_time": 0.33130303, "process_user_time": 1.159303, "process_kernel_time": 0.069377, "process_mem_max_rss": "155452", "process_in_blocks": "43216", "process_out_blocks": "1648"}
[0m06:57:26.053519 [debug] [MainThread]: Command `dbt run` succeeded at 06:57:26.053467 after 0.33 seconds
[0m06:57:26.053696 [debug] [MainThread]: Sending event: {'category': 'dbt', 'action': 'invocation', 'label': 'end', 'context': [<snowplow_tracker.self_describing_json.SelfDescribingJson object at 0xffffaa7c9e10>, <snowplow_tracker.self_describing_json.SelfDescribingJson object at 0xffffaac3c0d0>, <snowplow_tracker.self_describing_json.SelfDescribingJson object at 0xffffaf0034d0>]}
[0m06:57:26.053912 [debug] [MainThread]: Flushing usage events
[0m06:57:30.634579 [debug] [MainThread]: Sending event: {'category': 'dbt', 'action': 'invocation', 'label': 'start', 'context': [<snowplow_tracker.self_describing_json.SelfDescribingJson object at 0xffff97b99010>, <snowplow_tracker.self_describing_json.SelfDescribingJson object at 0xffff97b98dd0>, <snowplow_tracker.self_describing_json.SelfDescribingJson object at 0xffff97b99090>]}


============================== 06:57:30.640665 | 401c2454-386e-4ff7-9289-d0df251c8c92 ==============================
[0m06:57:30.640665 [info ] [MainThread]: Running with dbt=1.7.9
[0m06:57:30.642515 [debug] [MainThread]: running dbt with arguments {'printer_width': '80', 'indirect_selection': 'eager', 'log_cache_events': 'False', 'write_json': 'True', 'partial_parse': 'True', 'cache_selected_only': 'False', 'profiles_dir': '/opt/airflow/dbt', 'version_check': 'True', 'fail_fast': 'False', 'log_path': '/opt/airflow/dbt/logs', 'warn_error': 'None', 'debug': 'False', 'use_colors': 'True', 'use_experimental_parser': 'False', 'no_print': 'None', 'quiet': 'False', 'log_format': 'default', 'invocation_command': 'dbt run --profiles-dir /opt/airflow/dbt --project-dir /opt/airflow/dbt --select facts', 'static_parser': 'True', 'warn_error_options': 'WarnErrorOptions(include=[], exclude=[])', 'target_path': 'None', 'introspect': 'True', 'send_anonymous_usage_stats': 'True'}
[0m06:57:30.762099 [debug] [MainThread]: Sending event: {'category': 'dbt', 'action': 'project_id', 'label': '401c2454-386e-4ff7-9289-d0df251c8c92', 'context': [<snowplow_tracker.self_describing_json.SelfDescribingJson object at 0xffff96efc710>]}
[0m06:57:30.820708 [debug] [MainThread]: Sending event: {'category': 'dbt', 'action': 'adapter_info', 'label': '401c2454-386e-4ff7-9289-d0df251c8c92', 'context': [<snowplow_tracker.self_describing_json.SelfDescribingJson object at 0xffff97061950>]}
[0m06:57:30.822051 [info ] [MainThread]: Registered adapter: postgres=1.7.9
[0m06:57:30.845046 [debug] [MainThread]: checksum: 6ff0d83c3b46f350064523b4e08d9241403ad71d606ba49c4e670afba3668b39, vars: {}, profile: , target: , version: 1.7.9
[0m06:57:30.880194 [debug] [MainThread]: Partial parsing enabled: 0 files deleted, 0 files added, 0 files changed.
[0m06:57:30.880600 [debug] [MainThread]: Partial parsing enabled, no changes found, skipping parsing
[0m06:57:30.889114 [debug] [MainThread]: Sending event: {'category': 'dbt', 'action': 'load_project', 'label': '401c2454-386e-4ff7-9289-d0df251c8c92', 'context': [<snowplow_tracker.self_describing_json.SelfDescribingJson object at 0xffff96e799d0>]}
[0m06:57:30.910341 [debug] [MainThread]: Sending event: {'category': 'dbt', 'action': 'resource_counts', 'label': '401c2454-386e-4ff7-9289-d0df251c8c92', 'context': [<snowplow_tracker.self_describing_json.SelfDescribingJson object at 0xffff96e13650>]}
[0m06:57:30.911540 [info ] [MainThread]: Found 10 models, 0 sources, 0 exposures, 0 metrics, 401 macros, 0 groups, 0 semantic models
[0m06:57:30.912428 [debug] [MainThread]: Sending event: {'category': 'dbt', 'action': 'runnable_timing', 'label': '401c2454-386e-4ff7-9289-d0df251c8c92', 'context': [<snowplow_tracker.self_describing_json.SelfDescribingJson object at 0xffff96f2fcd0>]}
[0m06:57:30.913925 [info ] [MainThread]: 
[0m06:57:30.915267 [debug] [MainThread]: Acquiring new postgres connection 'master'
[0m06:57:30.916893 [debug] [ThreadPool]: Acquiring new postgres connection 'list_foodingo_warehouse'
[0m06:57:30.926889 [debug] [ThreadPool]: Using postgres connection "list_foodingo_warehouse"
[0m06:57:30.927303 [debug] [ThreadPool]: On list_foodingo_warehouse: /* {"app": "dbt", "dbt_version": "1.7.9", "profile_name": "foodingo", "target_name": "dev", "connection_name": "list_foodingo_warehouse"} */

    select distinct nspname from pg_namespace
  
[0m06:57:30.928274 [debug] [ThreadPool]: Opening a new connection, currently in state init
[0m06:57:30.937699 [debug] [ThreadPool]: SQL status: SELECT 6 in 0.0 seconds
[0m06:57:30.939995 [debug] [ThreadPool]: On list_foodingo_warehouse: Close
[0m06:57:30.944150 [debug] [ThreadPool]: Acquiring new postgres connection 'list_foodingo_warehouse_analytics'
[0m06:57:30.950796 [debug] [ThreadPool]: Using postgres connection "list_foodingo_warehouse_analytics"
[0m06:57:30.951472 [debug] [ThreadPool]: On list_foodingo_warehouse_analytics: BEGIN
[0m06:57:30.952322 [debug] [ThreadPool]: Opening a new connection, currently in state init
[0m06:57:30.957224 [debug] [ThreadPool]: SQL status: BEGIN in 0.0 seconds
[0m06:57:30.958011 [debug] [ThreadPool]: Using postgres connection "list_foodingo_warehouse_analytics"
[0m06:57:30.958548 [debug] [ThreadPool]: On list_foodingo_warehouse_analytics: /* {"app": "dbt", "dbt_version": "1.7.9", "profile_name": "foodingo", "target_name": "dev", "connection_name": "list_foodingo_warehouse_analytics"} */
select
      'foodingo_warehouse' as database,
      tablename as name,
      schemaname as schema,
      'table' as type
    from pg_tables
    where schemaname ilike 'analytics'
    union all
    select
      'foodingo_warehouse' as database,
      viewname as name,
      schemaname as schema,
      'view' as type
    from pg_views
    where schemaname ilike 'analytics'
    union all
    select
      'foodingo_warehouse' as database,
      matviewname as name,
      schemaname as schema,
      'materialized_view' as type
    from pg_matviews
    where schemaname ilike 'analytics'
  
[0m06:57:30.963966 [debug] [ThreadPool]: SQL status: SELECT 10 in 0.0 seconds
[0m06:57:30.965765 [debug] [ThreadPool]: On list_foodingo_warehouse_analytics: ROLLBACK
[0m06:57:30.967097 [debug] [ThreadPool]: On list_foodingo_warehouse_analytics: Close
[0m06:57:30.977169 [debug] [MainThread]: Using postgres connection "master"
[0m06:57:30.977835 [debug] [MainThread]: On master: BEGIN
[0m06:57:30.978662 [debug] [MainThread]: Opening a new connection, currently in state init
[0m06:57:30.984710 [debug] [MainThread]: SQL status: BEGIN in 0.0 seconds
[0m06:57:30.985034 [debug] [MainThread]: Using postgres connection "master"
[0m06:57:30.985268 [debug] [MainThread]: On master: /* {"app": "dbt", "dbt_version": "1.7.9", "profile_name": "foodingo", "target_name": "dev", "connection_name": "master"} */
with relation as (
        select
            pg_rewrite.ev_class as class,
            pg_rewrite.oid as id
        from pg_rewrite
    ),
    class as (
        select
            oid as id,
            relname as name,
            relnamespace as schema,
            relkind as kind
        from pg_class
    ),
    dependency as (
        select distinct
            pg_depend.objid as id,
            pg_depend.refobjid as ref
        from pg_depend
    ),
    schema as (
        select
            pg_namespace.oid as id,
            pg_namespace.nspname as name
        from pg_namespace
        where nspname != 'information_schema' and nspname not like 'pg\_%'
    ),
    referenced as (
        select
            relation.id AS id,
            referenced_class.name ,
            referenced_class.schema ,
            referenced_class.kind
        from relation
        join class as referenced_class on relation.class=referenced_class.id
        where referenced_class.kind in ('r', 'v', 'm')
    ),
    relationships as (
        select
            referenced.name as referenced_name,
            referenced.schema as referenced_schema_id,
            dependent_class.name as dependent_name,
            dependent_class.schema as dependent_schema_id,
            referenced.kind as kind
        from referenced
        join dependency on referenced.id=dependency.id
        join class as dependent_class on dependency.ref=dependent_class.id
        where
            (referenced.name != dependent_class.name or
             referenced.schema != dependent_class.schema)
    )

    select
        referenced_schema.name as referenced_schema,
        relationships.referenced_name as referenced_name,
        dependent_schema.name as dependent_schema,
        relationships.dependent_name as dependent_name
    from relationships
    join schema as dependent_schema on relationships.dependent_schema_id=dependent_schema.id
    join schema as referenced_schema on relationships.referenced_schema_id=referenced_schema.id
    group by referenced_schema, referenced_name, dependent_schema, dependent_name
    order by referenced_schema, referenced_name, dependent_schema, dependent_name;
[0m06:57:30.992288 [debug] [MainThread]: SQL status: SELECT 51 in 0.0 seconds
[0m06:57:30.993432 [debug] [MainThread]: Sending event: {'category': 'dbt', 'action': 'runnable_timing', 'label': '401c2454-386e-4ff7-9289-d0df251c8c92', 'context': [<snowplow_tracker.self_describing_json.SelfDescribingJson object at 0xffff96f0c450>]}
[0m06:57:30.994184 [debug] [MainThread]: On master: ROLLBACK
[0m06:57:30.995737 [debug] [MainThread]: Using postgres connection "master"
[0m06:57:30.996060 [debug] [MainThread]: On master: BEGIN
[0m06:57:30.996462 [debug] [MainThread]: SQL status: BEGIN in 0.0 seconds
[0m06:57:30.996706 [debug] [MainThread]: On master: COMMIT
[0m06:57:30.996941 [debug] [MainThread]: Using postgres connection "master"
[0m06:57:30.998727 [debug] [MainThread]: On master: COMMIT
[0m06:57:31.001689 [debug] [MainThread]: SQL status: COMMIT in 0.0 seconds
[0m06:57:31.004227 [debug] [MainThread]: On master: Close
[0m06:57:31.007424 [info ] [MainThread]: Concurrency: 2 threads (target='dev')
[0m06:57:31.009082 [info ] [MainThread]: 
[0m06:57:31.016500 [debug] [Thread-1 (]: Began running node model.foodingo.fact_cart_events
[0m06:57:31.017769 [debug] [Thread-2 (]: Began running node model.foodingo.fact_orders
[0m06:57:31.018707 [info ] [Thread-1 (]: 1 of 2 START sql table model analytics.fact_cart_events ........................ [RUN]
[0m06:57:31.020091 [info ] [Thread-2 (]: 2 of 2 START sql table model analytics.fact_orders ............................. [RUN]
[0m06:57:31.021376 [debug] [Thread-1 (]: Re-using an available connection from the pool (formerly list_foodingo_warehouse_analytics, now model.foodingo.fact_cart_events)
[0m06:57:31.024839 [debug] [Thread-2 (]: Re-using an available connection from the pool (formerly list_foodingo_warehouse, now model.foodingo.fact_orders)
[0m06:57:31.025306 [debug] [Thread-1 (]: Began compiling node model.foodingo.fact_cart_events
[0m06:57:31.025922 [debug] [Thread-2 (]: Began compiling node model.foodingo.fact_orders
[0m06:57:31.038074 [debug] [Thread-1 (]: Writing injected SQL for node "model.foodingo.fact_cart_events"
[0m06:57:31.041282 [debug] [Thread-2 (]: Writing injected SQL for node "model.foodingo.fact_orders"
[0m06:57:31.045286 [debug] [Thread-1 (]: Timing info for model.foodingo.fact_cart_events (compile): 06:57:31.026330 => 06:57:31.045056
[0m06:57:31.048235 [debug] [Thread-1 (]: Began executing node model.foodingo.fact_cart_events
[0m06:57:31.049119 [debug] [Thread-2 (]: Timing info for model.foodingo.fact_orders (compile): 06:57:31.039024 => 06:57:31.048849
[0m06:57:31.089211 [debug] [Thread-2 (]: Began executing node model.foodingo.fact_orders
[0m06:57:31.117577 [debug] [Thread-1 (]: Writing runtime sql for node "model.foodingo.fact_cart_events"
[0m06:57:31.118954 [debug] [Thread-2 (]: Writing runtime sql for node "model.foodingo.fact_orders"
[0m06:57:31.121388 [debug] [Thread-1 (]: Using postgres connection "model.foodingo.fact_cart_events"
[0m06:57:31.122739 [debug] [Thread-2 (]: Using postgres connection "model.foodingo.fact_orders"
[0m06:57:31.123905 [debug] [Thread-2 (]: On model.foodingo.fact_orders: BEGIN
[0m06:57:31.123443 [debug] [Thread-1 (]: On model.foodingo.fact_cart_events: BEGIN
[0m06:57:31.124247 [debug] [Thread-2 (]: Opening a new connection, currently in state closed
[0m06:57:31.124654 [debug] [Thread-1 (]: Opening a new connection, currently in state closed
[0m06:57:31.132661 [debug] [Thread-2 (]: SQL status: BEGIN in 0.0 seconds
[0m06:57:31.133216 [debug] [Thread-1 (]: SQL status: BEGIN in 0.0 seconds
[0m06:57:31.133980 [debug] [Thread-2 (]: Using postgres connection "model.foodingo.fact_orders"
[0m06:57:31.134944 [debug] [Thread-1 (]: Using postgres connection "model.foodingo.fact_cart_events"
[0m06:57:31.135300 [debug] [Thread-2 (]: On model.foodingo.fact_orders: /* {"app": "dbt", "dbt_version": "1.7.9", "profile_name": "foodingo", "target_name": "dev", "node_id": "model.foodingo.fact_orders"} */

  
    

  create  table "foodingo_warehouse"."analytics"."fact_orders__dbt_tmp"
  
  
    as
  
  (
    -- models/facts/fact_orders.sql
-- One row per paid order — the primary fact table for revenue analytics



SELECT
    order_id,
    user_id,
    amount,
    payment_status,
    order_status,
    ordered_items,
    jsonb_array_length(ordered_items)   AS item_count,
    DATE(event_timestamp)               AS order_date,
    EXTRACT(HOUR FROM event_timestamp)  AS order_hour,
    event_timestamp                     AS created_at
FROM "foodingo_warehouse"."analytics"."stg_orders"
WHERE event_type = 'order.created'
  AND payment_status IS NOT NULL
  );
  
[0m06:57:31.135671 [debug] [Thread-1 (]: On model.foodingo.fact_cart_events: /* {"app": "dbt", "dbt_version": "1.7.9", "profile_name": "foodingo", "target_name": "dev", "node_id": "model.foodingo.fact_cart_events"} */

  
    

  create  table "foodingo_warehouse"."analytics"."fact_cart_events__dbt_tmp"
  
  
    as
  
  (
    -- models/facts/fact_cart_events.sql


SELECT
    user_id,
    food_id,
    quantity,
    event_type,
    DATE(event_timestamp)               AS event_date,
    EXTRACT(HOUR FROM event_timestamp)  AS event_hour,
    event_timestamp                     AS event_time
FROM "foodingo_warehouse"."analytics"."stg_cart"
  );
  
[0m06:57:31.146946 [debug] [Thread-1 (]: SQL status: SELECT 15 in 0.0 seconds
[0m06:57:31.147962 [debug] [Thread-2 (]: SQL status: SELECT 1 in 0.0 seconds
[0m06:57:31.156455 [debug] [Thread-1 (]: Using postgres connection "model.foodingo.fact_cart_events"
[0m06:57:31.160926 [debug] [Thread-2 (]: Using postgres connection "model.foodingo.fact_orders"
[0m06:57:31.162177 [debug] [Thread-2 (]: On model.foodingo.fact_orders: /* {"app": "dbt", "dbt_version": "1.7.9", "profile_name": "foodingo", "target_name": "dev", "node_id": "model.foodingo.fact_orders"} */
alter table "foodingo_warehouse"."analytics"."fact_orders" rename to "fact_orders__dbt_backup"
[0m06:57:31.161554 [debug] [Thread-1 (]: On model.foodingo.fact_cart_events: /* {"app": "dbt", "dbt_version": "1.7.9", "profile_name": "foodingo", "target_name": "dev", "node_id": "model.foodingo.fact_cart_events"} */
alter table "foodingo_warehouse"."analytics"."fact_cart_events" rename to "fact_cart_events__dbt_backup"
[0m06:57:31.164031 [debug] [Thread-2 (]: SQL status: ALTER TABLE in 0.0 seconds
[0m06:57:31.164844 [debug] [Thread-1 (]: SQL status: ALTER TABLE in 0.0 seconds
[0m06:57:31.169173 [debug] [Thread-2 (]: Using postgres connection "model.foodingo.fact_orders"
[0m06:57:31.172134 [debug] [Thread-1 (]: Using postgres connection "model.foodingo.fact_cart_events"
[0m06:57:31.172771 [debug] [Thread-2 (]: On model.foodingo.fact_orders: /* {"app": "dbt", "dbt_version": "1.7.9", "profile_name": "foodingo", "target_name": "dev", "node_id": "model.foodingo.fact_orders"} */
alter table "foodingo_warehouse"."analytics"."fact_orders__dbt_tmp" rename to "fact_orders"
[0m06:57:31.175157 [debug] [Thread-1 (]: On model.foodingo.fact_cart_events: /* {"app": "dbt", "dbt_version": "1.7.9", "profile_name": "foodingo", "target_name": "dev", "node_id": "model.foodingo.fact_cart_events"} */
alter table "foodingo_warehouse"."analytics"."fact_cart_events__dbt_tmp" rename to "fact_cart_events"
[0m06:57:31.176633 [debug] [Thread-2 (]: SQL status: ALTER TABLE in 0.0 seconds
[0m06:57:31.176838 [debug] [Thread-1 (]: SQL status: ALTER TABLE in 0.0 seconds
[0m06:57:31.192357 [debug] [Thread-1 (]: On model.foodingo.fact_cart_events: COMMIT
[0m06:57:31.191112 [debug] [Thread-2 (]: On model.foodingo.fact_orders: COMMIT
[0m06:57:31.192990 [debug] [Thread-1 (]: Using postgres connection "model.foodingo.fact_cart_events"
[0m06:57:31.193829 [debug] [Thread-2 (]: Using postgres connection "model.foodingo.fact_orders"
[0m06:57:31.195299 [debug] [Thread-1 (]: On model.foodingo.fact_cart_events: COMMIT
[0m06:57:31.196242 [debug] [Thread-2 (]: On model.foodingo.fact_orders: COMMIT
[0m06:57:31.197848 [debug] [Thread-1 (]: SQL status: COMMIT in 0.0 seconds
[0m06:57:31.203876 [debug] [Thread-1 (]: Applying DROP to: "foodingo_warehouse"."analytics"."fact_cart_events__dbt_backup"
[0m06:57:31.204449 [debug] [Thread-2 (]: SQL status: COMMIT in 0.0 seconds
[0m06:57:31.210926 [debug] [Thread-1 (]: Using postgres connection "model.foodingo.fact_cart_events"
[0m06:57:31.216294 [debug] [Thread-1 (]: On model.foodingo.fact_cart_events: /* {"app": "dbt", "dbt_version": "1.7.9", "profile_name": "foodingo", "target_name": "dev", "node_id": "model.foodingo.fact_cart_events"} */
drop table if exists "foodingo_warehouse"."analytics"."fact_cart_events__dbt_backup" cascade
[0m06:57:31.215534 [debug] [Thread-2 (]: Applying DROP to: "foodingo_warehouse"."analytics"."fact_orders__dbt_backup"
[0m06:57:31.218569 [debug] [Thread-2 (]: Using postgres connection "model.foodingo.fact_orders"
[0m06:57:31.219775 [debug] [Thread-2 (]: On model.foodingo.fact_orders: /* {"app": "dbt", "dbt_version": "1.7.9", "profile_name": "foodingo", "target_name": "dev", "node_id": "model.foodingo.fact_orders"} */
drop table if exists "foodingo_warehouse"."analytics"."fact_orders__dbt_backup" cascade
[0m06:57:31.220027 [debug] [Thread-1 (]: SQL status: DROP TABLE in 0.0 seconds
[0m06:57:31.221191 [debug] [Thread-1 (]: Timing info for model.foodingo.fact_cart_events (execute): 06:57:31.049313 => 06:57:31.221094
[0m06:57:31.221479 [debug] [Thread-1 (]: On model.foodingo.fact_cart_events: Close
[0m06:57:31.224287 [debug] [Thread-1 (]: Sending event: {'category': 'dbt', 'action': 'run_model', 'label': '401c2454-386e-4ff7-9289-d0df251c8c92', 'context': [<snowplow_tracker.self_describing_json.SelfDescribingJson object at 0xffff96fa7010>]}
[0m06:57:31.224791 [debug] [Thread-2 (]: SQL status: DROP TABLE in 0.0 seconds
[0m06:57:31.227419 [debug] [Thread-2 (]: Timing info for model.foodingo.fact_orders (execute): 06:57:31.104642 => 06:57:31.227197
[0m06:57:31.225642 [info ] [Thread-1 (]: 1 of 2 OK created sql table model analytics.fact_cart_events ................... [[32mSELECT 15[0m in 0.20s]
[0m06:57:31.229237 [debug] [Thread-2 (]: On model.foodingo.fact_orders: Close
[0m06:57:31.230225 [debug] [Thread-2 (]: Sending event: {'category': 'dbt', 'action': 'run_model', 'label': '401c2454-386e-4ff7-9289-d0df251c8c92', 'context': [<snowplow_tracker.self_describing_json.SelfDescribingJson object at 0xffff96da1810>]}
[0m06:57:31.229707 [debug] [Thread-1 (]: Finished running node model.foodingo.fact_cart_events
[0m06:57:31.230654 [info ] [Thread-2 (]: 2 of 2 OK created sql table model analytics.fact_orders ........................ [[32mSELECT 1[0m in 0.21s]
[0m06:57:31.231496 [debug] [Thread-2 (]: Finished running node model.foodingo.fact_orders
[0m06:57:31.233094 [debug] [MainThread]: Using postgres connection "master"
[0m06:57:31.234526 [debug] [MainThread]: On master: BEGIN
[0m06:57:31.235725 [debug] [MainThread]: Opening a new connection, currently in state closed
[0m06:57:31.241866 [debug] [MainThread]: SQL status: BEGIN in 0.0 seconds
[0m06:57:31.242762 [debug] [MainThread]: On master: COMMIT
[0m06:57:31.243065 [debug] [MainThread]: Using postgres connection "master"
[0m06:57:31.243298 [debug] [MainThread]: On master: COMMIT
[0m06:57:31.243636 [debug] [MainThread]: SQL status: COMMIT in 0.0 seconds
[0m06:57:31.243864 [debug] [MainThread]: On master: Close
[0m06:57:31.244279 [debug] [MainThread]: Connection 'master' was properly closed.
[0m06:57:31.244497 [debug] [MainThread]: Connection 'model.foodingo.fact_orders' was properly closed.
[0m06:57:31.245511 [debug] [MainThread]: Connection 'model.foodingo.fact_cart_events' was properly closed.
[0m06:57:31.245935 [info ] [MainThread]: 
[0m06:57:31.246868 [info ] [MainThread]: Finished running 2 table models in 0 hours 0 minutes and 0.33 seconds (0.33s).
[0m06:57:31.248286 [debug] [MainThread]: Command end result
[0m06:57:31.266187 [info ] [MainThread]: 
[0m06:57:31.267104 [info ] [MainThread]: [32mCompleted successfully[0m
[0m06:57:31.267401 [info ] [MainThread]: 
[0m06:57:31.268940 [info ] [MainThread]: Done. PASS=2 WARN=0 ERROR=0 SKIP=0 TOTAL=2
[0m06:57:31.269586 [debug] [MainThread]: Resource report: {"command_name": "run", "command_success": true, "command_wall_clock_time": 0.68035257, "process_user_time": 1.902295, "process_kernel_time": 0.177004, "process_mem_max_rss": "155452", "process_out_blocks": "1635", "process_in_blocks": "0"}
[0m06:57:31.269945 [debug] [MainThread]: Command `dbt run` succeeded at 06:57:31.269886 after 0.68 seconds
[0m06:57:31.270186 [debug] [MainThread]: Sending event: {'category': 'dbt', 'action': 'invocation', 'label': 'end', 'context': [<snowplow_tracker.self_describing_json.SelfDescribingJson object at 0xffff97bc6c50>, <snowplow_tracker.self_describing_json.SelfDescribingJson object at 0xffff985b79d0>, <snowplow_tracker.self_describing_json.SelfDescribingJson object at 0xffff97b9c7d0>]}
[0m06:57:31.270412 [debug] [MainThread]: Flushing usage events
[0m06:57:35.617925 [debug] [MainThread]: Sending event: {'category': 'dbt', 'action': 'invocation', 'label': 'start', 'context': [<snowplow_tracker.self_describing_json.SelfDescribingJson object at 0xffff8ab52510>, <snowplow_tracker.self_describing_json.SelfDescribingJson object at 0xffff8b144950>, <snowplow_tracker.self_describing_json.SelfDescribingJson object at 0xffff8b144510>]}


============================== 06:57:35.623404 | 736f1ada-7c9c-4d59-a0f9-28ebf8f4a840 ==============================
[0m06:57:35.623404 [info ] [MainThread]: Running with dbt=1.7.9
[0m06:57:35.624091 [debug] [MainThread]: running dbt with arguments {'printer_width': '80', 'indirect_selection': 'eager', 'write_json': 'True', 'log_cache_events': 'False', 'partial_parse': 'True', 'cache_selected_only': 'False', 'profiles_dir': '/opt/airflow/dbt', 'version_check': 'True', 'fail_fast': 'False', 'log_path': '/opt/airflow/dbt/logs', 'debug': 'False', 'warn_error': 'None', 'use_colors': 'True', 'use_experimental_parser': 'False', 'no_print': 'None', 'quiet': 'False', 'log_format': 'default', 'static_parser': 'True', 'introspect': 'True', 'warn_error_options': 'WarnErrorOptions(include=[], exclude=[])', 'target_path': 'None', 'invocation_command': 'dbt run --profiles-dir /opt/airflow/dbt --project-dir /opt/airflow/dbt --select marts', 'send_anonymous_usage_stats': 'True'}
[0m06:57:35.720885 [debug] [MainThread]: Sending event: {'category': 'dbt', 'action': 'project_id', 'label': '736f1ada-7c9c-4d59-a0f9-28ebf8f4a840', 'context': [<snowplow_tracker.self_describing_json.SelfDescribingJson object at 0xffff8a0a30d0>]}
[0m06:57:35.760229 [debug] [MainThread]: Sending event: {'category': 'dbt', 'action': 'adapter_info', 'label': '736f1ada-7c9c-4d59-a0f9-28ebf8f4a840', 'context': [<snowplow_tracker.self_describing_json.SelfDescribingJson object at 0xffff8a0ac410>]}
[0m06:57:35.760840 [info ] [MainThread]: Registered adapter: postgres=1.7.9
[0m06:57:35.764768 [debug] [MainThread]: checksum: 6ff0d83c3b46f350064523b4e08d9241403ad71d606ba49c4e670afba3668b39, vars: {}, profile: , target: , version: 1.7.9
[0m06:57:35.790710 [debug] [MainThread]: Partial parsing enabled: 0 files deleted, 0 files added, 0 files changed.
[0m06:57:35.791219 [debug] [MainThread]: Partial parsing enabled, no changes found, skipping parsing
[0m06:57:35.795461 [debug] [MainThread]: Sending event: {'category': 'dbt', 'action': 'load_project', 'label': '736f1ada-7c9c-4d59-a0f9-28ebf8f4a840', 'context': [<snowplow_tracker.self_describing_json.SelfDescribingJson object at 0xffff89ce2f90>]}
[0m06:57:35.807205 [debug] [MainThread]: Sending event: {'category': 'dbt', 'action': 'resource_counts', 'label': '736f1ada-7c9c-4d59-a0f9-28ebf8f4a840', 'context': [<snowplow_tracker.self_describing_json.SelfDescribingJson object at 0xffff89ce8310>]}
[0m06:57:35.807818 [info ] [MainThread]: Found 10 models, 0 sources, 0 exposures, 0 metrics, 401 macros, 0 groups, 0 semantic models
[0m06:57:35.808364 [debug] [MainThread]: Sending event: {'category': 'dbt', 'action': 'runnable_timing', 'label': '736f1ada-7c9c-4d59-a0f9-28ebf8f4a840', 'context': [<snowplow_tracker.self_describing_json.SelfDescribingJson object at 0xffff8a031f10>]}
[0m06:57:35.809486 [info ] [MainThread]: 
[0m06:57:35.810403 [debug] [MainThread]: Acquiring new postgres connection 'master'
[0m06:57:35.812573 [debug] [ThreadPool]: Acquiring new postgres connection 'list_foodingo_warehouse'
[0m06:57:35.820771 [debug] [ThreadPool]: Using postgres connection "list_foodingo_warehouse"
[0m06:57:35.821197 [debug] [ThreadPool]: On list_foodingo_warehouse: /* {"app": "dbt", "dbt_version": "1.7.9", "profile_name": "foodingo", "target_name": "dev", "connection_name": "list_foodingo_warehouse"} */

    select distinct nspname from pg_namespace
  
[0m06:57:35.821736 [debug] [ThreadPool]: Opening a new connection, currently in state init
[0m06:57:35.831904 [debug] [ThreadPool]: SQL status: SELECT 6 in 0.0 seconds
[0m06:57:35.833014 [debug] [ThreadPool]: On list_foodingo_warehouse: Close
[0m06:57:35.835024 [debug] [ThreadPool]: Re-using an available connection from the pool (formerly list_foodingo_warehouse, now list_foodingo_warehouse_analytics)
[0m06:57:35.838327 [debug] [ThreadPool]: Using postgres connection "list_foodingo_warehouse_analytics"
[0m06:57:35.838785 [debug] [ThreadPool]: On list_foodingo_warehouse_analytics: BEGIN
[0m06:57:35.839115 [debug] [ThreadPool]: Opening a new connection, currently in state closed
[0m06:57:35.843810 [debug] [ThreadPool]: SQL status: BEGIN in 0.0 seconds
[0m06:57:35.844393 [debug] [ThreadPool]: Using postgres connection "list_foodingo_warehouse_analytics"
[0m06:57:35.845289 [debug] [ThreadPool]: On list_foodingo_warehouse_analytics: /* {"app": "dbt", "dbt_version": "1.7.9", "profile_name": "foodingo", "target_name": "dev", "connection_name": "list_foodingo_warehouse_analytics"} */
select
      'foodingo_warehouse' as database,
      tablename as name,
      schemaname as schema,
      'table' as type
    from pg_tables
    where schemaname ilike 'analytics'
    union all
    select
      'foodingo_warehouse' as database,
      viewname as name,
      schemaname as schema,
      'view' as type
    from pg_views
    where schemaname ilike 'analytics'
    union all
    select
      'foodingo_warehouse' as database,
      matviewname as name,
      schemaname as schema,
      'materialized_view' as type
    from pg_matviews
    where schemaname ilike 'analytics'
  
[0m06:57:35.848521 [debug] [ThreadPool]: SQL status: SELECT 10 in 0.0 seconds
[0m06:57:35.850304 [debug] [ThreadPool]: On list_foodingo_warehouse_analytics: ROLLBACK
[0m06:57:35.850855 [debug] [ThreadPool]: On list_foodingo_warehouse_analytics: Close
[0m06:57:35.855719 [debug] [MainThread]: Using postgres connection "master"
[0m06:57:35.856243 [debug] [MainThread]: On master: BEGIN
[0m06:57:35.856580 [debug] [MainThread]: Opening a new connection, currently in state init
[0m06:57:35.860707 [debug] [MainThread]: SQL status: BEGIN in 0.0 seconds
[0m06:57:35.861531 [debug] [MainThread]: Using postgres connection "master"
[0m06:57:35.862552 [debug] [MainThread]: On master: /* {"app": "dbt", "dbt_version": "1.7.9", "profile_name": "foodingo", "target_name": "dev", "connection_name": "master"} */
with relation as (
        select
            pg_rewrite.ev_class as class,
            pg_rewrite.oid as id
        from pg_rewrite
    ),
    class as (
        select
            oid as id,
            relname as name,
            relnamespace as schema,
            relkind as kind
        from pg_class
    ),
    dependency as (
        select distinct
            pg_depend.objid as id,
            pg_depend.refobjid as ref
        from pg_depend
    ),
    schema as (
        select
            pg_namespace.oid as id,
            pg_namespace.nspname as name
        from pg_namespace
        where nspname != 'information_schema' and nspname not like 'pg\_%'
    ),
    referenced as (
        select
            relation.id AS id,
            referenced_class.name ,
            referenced_class.schema ,
            referenced_class.kind
        from relation
        join class as referenced_class on relation.class=referenced_class.id
        where referenced_class.kind in ('r', 'v', 'm')
    ),
    relationships as (
        select
            referenced.name as referenced_name,
            referenced.schema as referenced_schema_id,
            dependent_class.name as dependent_name,
            dependent_class.schema as dependent_schema_id,
            referenced.kind as kind
        from referenced
        join dependency on referenced.id=dependency.id
        join class as dependent_class on dependency.ref=dependent_class.id
        where
            (referenced.name != dependent_class.name or
             referenced.schema != dependent_class.schema)
    )

    select
        referenced_schema.name as referenced_schema,
        relationships.referenced_name as referenced_name,
        dependent_schema.name as dependent_schema,
        relationships.dependent_name as dependent_name
    from relationships
    join schema as dependent_schema on relationships.dependent_schema_id=dependent_schema.id
    join schema as referenced_schema on relationships.referenced_schema_id=referenced_schema.id
    group by referenced_schema, referenced_name, dependent_schema, dependent_name
    order by referenced_schema, referenced_name, dependent_schema, dependent_name;
[0m06:57:35.871443 [debug] [MainThread]: SQL status: SELECT 51 in 0.0 seconds
[0m06:57:35.873961 [debug] [MainThread]: Sending event: {'category': 'dbt', 'action': 'runnable_timing', 'label': '736f1ada-7c9c-4d59-a0f9-28ebf8f4a840', 'context': [<snowplow_tracker.self_describing_json.SelfDescribingJson object at 0xffff89f755d0>]}
[0m06:57:35.874824 [debug] [MainThread]: On master: ROLLBACK
[0m06:57:35.875582 [debug] [MainThread]: Using postgres connection "master"
[0m06:57:35.876105 [debug] [MainThread]: On master: BEGIN
[0m06:57:35.877162 [debug] [MainThread]: SQL status: BEGIN in 0.0 seconds
[0m06:57:35.877829 [debug] [MainThread]: On master: COMMIT
[0m06:57:35.878318 [debug] [MainThread]: Using postgres connection "master"
[0m06:57:35.878773 [debug] [MainThread]: On master: COMMIT
[0m06:57:35.879404 [debug] [MainThread]: SQL status: COMMIT in 0.0 seconds
[0m06:57:35.880008 [debug] [MainThread]: On master: Close
[0m06:57:35.880554 [info ] [MainThread]: Concurrency: 2 threads (target='dev')
[0m06:57:35.881123 [info ] [MainThread]: 
[0m06:57:35.886228 [debug] [Thread-1 (]: Began running node model.foodingo.cart_abandonment
[0m06:57:35.886527 [debug] [Thread-2 (]: Began running node model.foodingo.daily_revenue
[0m06:57:35.886944 [info ] [Thread-1 (]: 1 of 5 START sql table model analytics.cart_abandonment ........................ [RUN]
[0m06:57:35.887465 [info ] [Thread-2 (]: 2 of 5 START sql table model analytics.daily_revenue ........................... [RUN]
[0m06:57:35.888502 [debug] [Thread-1 (]: Re-using an available connection from the pool (formerly list_foodingo_warehouse_analytics, now model.foodingo.cart_abandonment)
[0m06:57:35.889218 [debug] [Thread-2 (]: Acquiring new postgres connection 'model.foodingo.daily_revenue'
[0m06:57:35.889599 [debug] [Thread-1 (]: Began compiling node model.foodingo.cart_abandonment
[0m06:57:35.890005 [debug] [Thread-2 (]: Began compiling node model.foodingo.daily_revenue
[0m06:57:35.893648 [debug] [Thread-1 (]: Writing injected SQL for node "model.foodingo.cart_abandonment"
[0m06:57:35.895234 [debug] [Thread-2 (]: Writing injected SQL for node "model.foodingo.daily_revenue"
[0m06:57:35.896993 [debug] [Thread-2 (]: Timing info for model.foodingo.daily_revenue (compile): 06:57:35.893965 => 06:57:35.896652
[0m06:57:35.897234 [debug] [Thread-1 (]: Timing info for model.foodingo.cart_abandonment (compile): 06:57:35.890336 => 06:57:35.897142
[0m06:57:35.897492 [debug] [Thread-2 (]: Began executing node model.foodingo.daily_revenue
[0m06:57:35.898016 [debug] [Thread-1 (]: Began executing node model.foodingo.cart_abandonment
[0m06:57:35.921963 [debug] [Thread-1 (]: Writing runtime sql for node "model.foodingo.cart_abandonment"
[0m06:57:35.923729 [debug] [Thread-2 (]: Writing runtime sql for node "model.foodingo.daily_revenue"
[0m06:57:35.925466 [debug] [Thread-1 (]: Using postgres connection "model.foodingo.cart_abandonment"
[0m06:57:35.925703 [debug] [Thread-2 (]: Using postgres connection "model.foodingo.daily_revenue"
[0m06:57:35.926415 [debug] [Thread-2 (]: On model.foodingo.daily_revenue: BEGIN
[0m06:57:35.926009 [debug] [Thread-1 (]: On model.foodingo.cart_abandonment: BEGIN
[0m06:57:35.927047 [debug] [Thread-1 (]: Opening a new connection, currently in state closed
[0m06:57:35.926735 [debug] [Thread-2 (]: Opening a new connection, currently in state init
[0m06:57:35.931522 [debug] [Thread-1 (]: SQL status: BEGIN in 0.0 seconds
[0m06:57:35.931801 [debug] [Thread-2 (]: SQL status: BEGIN in 0.0 seconds
[0m06:57:35.932394 [debug] [Thread-2 (]: Using postgres connection "model.foodingo.daily_revenue"
[0m06:57:35.932101 [debug] [Thread-1 (]: Using postgres connection "model.foodingo.cart_abandonment"
[0m06:57:35.933054 [debug] [Thread-1 (]: On model.foodingo.cart_abandonment: /* {"app": "dbt", "dbt_version": "1.7.9", "profile_name": "foodingo", "target_name": "dev", "node_id": "model.foodingo.cart_abandonment"} */

  
    

  create  table "foodingo_warehouse"."analytics"."cart_abandonment__dbt_tmp"
  
  
    as
  
  (
    -- models/marts/cart_abandonment.sql
-- Identifies users who added to cart but did NOT place an order within 24 hours



WITH cart_users AS (
    SELECT
        user_id,
        MAX(event_time)                 AS last_cart_time,
        COUNT(DISTINCT food_id)         AS cart_item_count
    FROM "foodingo_warehouse"."analytics"."fact_cart_events"
    WHERE event_type = 'cart.item_added'
    GROUP BY user_id
),

order_users AS (
    SELECT DISTINCT user_id
    FROM "foodingo_warehouse"."analytics"."fact_orders"
    WHERE payment_status = 'paid'
)

SELECT
    c.user_id,
    c.last_cart_time,
    c.cart_item_count,
    EXTRACT(DAY FROM NOW() - c.last_cart_time)::INT     AS days_since_cart,
    (o.user_id IS NOT NULL)                             AS has_ordered_after
FROM cart_users c
LEFT JOIN order_users o ON c.user_id = o.user_id
ORDER BY days_since_cart DESC
  );
  
[0m06:57:35.932722 [debug] [Thread-2 (]: On model.foodingo.daily_revenue: /* {"app": "dbt", "dbt_version": "1.7.9", "profile_name": "foodingo", "target_name": "dev", "node_id": "model.foodingo.daily_revenue"} */

  
    

  create  table "foodingo_warehouse"."analytics"."daily_revenue__dbt_tmp"
  
  
    as
  
  (
    -- models/marts/daily_revenue.sql


SELECT
    order_date                          AS revenue_date,
    SUM(amount)                         AS total_revenue,
    COUNT(order_id)                     AS order_count,
    AVG(amount)                         AS avg_order_value,
    COUNT(DISTINCT user_id)             AS unique_users
FROM "foodingo_warehouse"."analytics"."fact_orders"
WHERE payment_status = 'paid'
GROUP BY order_date
ORDER BY order_date DESC
  );
  
[0m06:57:35.940577 [debug] [Thread-1 (]: SQL status: SELECT 3 in 0.0 seconds
[0m06:57:35.941567 [debug] [Thread-2 (]: SQL status: SELECT 0 in 0.0 seconds
[0m06:57:35.949026 [debug] [Thread-1 (]: Using postgres connection "model.foodingo.cart_abandonment"
[0m06:57:35.953816 [debug] [Thread-2 (]: Using postgres connection "model.foodingo.daily_revenue"
[0m06:57:35.955200 [debug] [Thread-2 (]: On model.foodingo.daily_revenue: /* {"app": "dbt", "dbt_version": "1.7.9", "profile_name": "foodingo", "target_name": "dev", "node_id": "model.foodingo.daily_revenue"} */
alter table "foodingo_warehouse"."analytics"."daily_revenue" rename to "daily_revenue__dbt_backup"
[0m06:57:35.954852 [debug] [Thread-1 (]: On model.foodingo.cart_abandonment: /* {"app": "dbt", "dbt_version": "1.7.9", "profile_name": "foodingo", "target_name": "dev", "node_id": "model.foodingo.cart_abandonment"} */
alter table "foodingo_warehouse"."analytics"."cart_abandonment" rename to "cart_abandonment__dbt_backup"
[0m06:57:35.955998 [debug] [Thread-2 (]: SQL status: ALTER TABLE in 0.0 seconds
[0m06:57:35.956243 [debug] [Thread-1 (]: SQL status: ALTER TABLE in 0.0 seconds
[0m06:57:35.958422 [debug] [Thread-2 (]: Using postgres connection "model.foodingo.daily_revenue"
[0m06:57:35.962382 [debug] [Thread-2 (]: On model.foodingo.daily_revenue: /* {"app": "dbt", "dbt_version": "1.7.9", "profile_name": "foodingo", "target_name": "dev", "node_id": "model.foodingo.daily_revenue"} */
alter table "foodingo_warehouse"."analytics"."daily_revenue__dbt_tmp" rename to "daily_revenue"
[0m06:57:35.961922 [debug] [Thread-1 (]: Using postgres connection "model.foodingo.cart_abandonment"
[0m06:57:35.963055 [debug] [Thread-1 (]: On model.foodingo.cart_abandonment: /* {"app": "dbt", "dbt_version": "1.7.9", "profile_name": "foodingo", "target_name": "dev", "node_id": "model.foodingo.cart_abandonment"} */
alter table "foodingo_warehouse"."analytics"."cart_abandonment__dbt_tmp" rename to "cart_abandonment"
[0m06:57:35.963245 [debug] [Thread-2 (]: SQL status: ALTER TABLE in 0.0 seconds
[0m06:57:35.972408 [debug] [Thread-2 (]: On model.foodingo.daily_revenue: COMMIT
[0m06:57:35.972654 [debug] [Thread-1 (]: SQL status: ALTER TABLE in 0.0 seconds
[0m06:57:35.973221 [debug] [Thread-2 (]: Using postgres connection "model.foodingo.daily_revenue"
[0m06:57:35.975166 [debug] [Thread-2 (]: On model.foodingo.daily_revenue: COMMIT
[0m06:57:35.974895 [debug] [Thread-1 (]: On model.foodingo.cart_abandonment: COMMIT
[0m06:57:35.975602 [debug] [Thread-1 (]: Using postgres connection "model.foodingo.cart_abandonment"
[0m06:57:35.976069 [debug] [Thread-1 (]: On model.foodingo.cart_abandonment: COMMIT
[0m06:57:35.976457 [debug] [Thread-2 (]: SQL status: COMMIT in 0.0 seconds
[0m06:57:35.981378 [debug] [Thread-2 (]: Applying DROP to: "foodingo_warehouse"."analytics"."daily_revenue__dbt_backup"
[0m06:57:35.981807 [debug] [Thread-1 (]: SQL status: COMMIT in 0.0 seconds
[0m06:57:35.985035 [debug] [Thread-2 (]: Using postgres connection "model.foodingo.daily_revenue"
[0m06:57:35.986945 [debug] [Thread-2 (]: On model.foodingo.daily_revenue: /* {"app": "dbt", "dbt_version": "1.7.9", "profile_name": "foodingo", "target_name": "dev", "node_id": "model.foodingo.daily_revenue"} */
drop table if exists "foodingo_warehouse"."analytics"."daily_revenue__dbt_backup" cascade
[0m06:57:35.986521 [debug] [Thread-1 (]: Applying DROP to: "foodingo_warehouse"."analytics"."cart_abandonment__dbt_backup"
[0m06:57:35.987867 [debug] [Thread-1 (]: Using postgres connection "model.foodingo.cart_abandonment"
[0m06:57:35.988291 [debug] [Thread-1 (]: On model.foodingo.cart_abandonment: /* {"app": "dbt", "dbt_version": "1.7.9", "profile_name": "foodingo", "target_name": "dev", "node_id": "model.foodingo.cart_abandonment"} */
drop table if exists "foodingo_warehouse"."analytics"."cart_abandonment__dbt_backup" cascade
[0m06:57:35.989004 [debug] [Thread-2 (]: SQL status: DROP TABLE in 0.0 seconds
[0m06:57:35.990530 [debug] [Thread-2 (]: Timing info for model.foodingo.daily_revenue (execute): 06:57:35.898360 => 06:57:35.990426
[0m06:57:35.991926 [debug] [Thread-2 (]: On model.foodingo.daily_revenue: Close
[0m06:57:35.990705 [debug] [Thread-1 (]: SQL status: DROP TABLE in 0.0 seconds
[0m06:57:35.993905 [debug] [Thread-2 (]: Sending event: {'category': 'dbt', 'action': 'run_model', 'label': '736f1ada-7c9c-4d59-a0f9-28ebf8f4a840', 'context': [<snowplow_tracker.self_describing_json.SelfDescribingJson object at 0xffff89e6e990>]}
[0m06:57:35.995401 [info ] [Thread-2 (]: 2 of 5 OK created sql table model analytics.daily_revenue ...................... [[32mSELECT 0[0m in 0.10s]
[0m06:57:35.994874 [debug] [Thread-1 (]: Timing info for model.foodingo.cart_abandonment (execute): 06:57:35.916641 => 06:57:35.994768
[0m06:57:35.997161 [debug] [Thread-1 (]: On model.foodingo.cart_abandonment: Close
[0m06:57:35.996357 [debug] [Thread-2 (]: Finished running node model.foodingo.daily_revenue
[0m06:57:35.997927 [debug] [Thread-2 (]: Began running node model.foodingo.food_popularity
[0m06:57:35.997657 [debug] [Thread-1 (]: Sending event: {'category': 'dbt', 'action': 'run_model', 'label': '736f1ada-7c9c-4d59-a0f9-28ebf8f4a840', 'context': [<snowplow_tracker.self_describing_json.SelfDescribingJson object at 0xffff8ac01b10>]}
[0m06:57:35.998294 [info ] [Thread-2 (]: 3 of 5 START sql table model analytics.food_popularity ......................... [RUN]
[0m06:57:35.999065 [debug] [Thread-2 (]: Re-using an available connection from the pool (formerly model.foodingo.daily_revenue, now model.foodingo.food_popularity)
[0m06:57:35.998669 [info ] [Thread-1 (]: 1 of 5 OK created sql table model analytics.cart_abandonment ................... [[32mSELECT 3[0m in 0.11s]
[0m06:57:35.999339 [debug] [Thread-2 (]: Began compiling node model.foodingo.food_popularity
[0m06:57:35.999728 [debug] [Thread-1 (]: Finished running node model.foodingo.cart_abandonment
[0m06:57:36.001749 [debug] [Thread-1 (]: Began running node model.foodingo.ml_user_order_matrix
[0m06:57:36.001372 [debug] [Thread-2 (]: Writing injected SQL for node "model.foodingo.food_popularity"
[0m06:57:36.002094 [info ] [Thread-1 (]: 4 of 5 START sql table model analytics.ml_user_order_matrix .................... [RUN]
[0m06:57:36.002816 [debug] [Thread-1 (]: Re-using an available connection from the pool (formerly model.foodingo.cart_abandonment, now model.foodingo.ml_user_order_matrix)
[0m06:57:36.003202 [debug] [Thread-1 (]: Began compiling node model.foodingo.ml_user_order_matrix
[0m06:57:36.003522 [debug] [Thread-2 (]: Timing info for model.foodingo.food_popularity (compile): 06:57:35.999968 => 06:57:36.003307
[0m06:57:36.005436 [debug] [Thread-2 (]: Began executing node model.foodingo.food_popularity
[0m06:57:36.005153 [debug] [Thread-1 (]: Writing injected SQL for node "model.foodingo.ml_user_order_matrix"
[0m06:57:36.007464 [debug] [Thread-2 (]: Writing runtime sql for node "model.foodingo.food_popularity"
[0m06:57:36.008365 [debug] [Thread-1 (]: Timing info for model.foodingo.ml_user_order_matrix (compile): 06:57:36.003707 => 06:57:36.008185
[0m06:57:36.008975 [debug] [Thread-1 (]: Began executing node model.foodingo.ml_user_order_matrix
[0m06:57:36.008754 [debug] [Thread-2 (]: Using postgres connection "model.foodingo.food_popularity"
[0m06:57:36.011070 [debug] [Thread-1 (]: Writing runtime sql for node "model.foodingo.ml_user_order_matrix"
[0m06:57:36.011316 [debug] [Thread-2 (]: On model.foodingo.food_popularity: BEGIN
[0m06:57:36.011679 [debug] [Thread-2 (]: Opening a new connection, currently in state closed
[0m06:57:36.012166 [debug] [Thread-1 (]: Using postgres connection "model.foodingo.ml_user_order_matrix"
[0m06:57:36.012560 [debug] [Thread-1 (]: On model.foodingo.ml_user_order_matrix: BEGIN
[0m06:57:36.012960 [debug] [Thread-1 (]: Opening a new connection, currently in state closed
[0m06:57:36.015415 [debug] [Thread-2 (]: SQL status: BEGIN in 0.0 seconds
[0m06:57:36.016169 [debug] [Thread-2 (]: Using postgres connection "model.foodingo.food_popularity"
[0m06:57:36.016462 [debug] [Thread-2 (]: On model.foodingo.food_popularity: /* {"app": "dbt", "dbt_version": "1.7.9", "profile_name": "foodingo", "target_name": "dev", "node_id": "model.foodingo.food_popularity"} */

  
    

  create  table "foodingo_warehouse"."analytics"."food_popularity__dbt_tmp"
  
  
    as
  
  (
    -- models/marts/food_popularity.sql
-- Explodes the ordered_items JSONB array to get per-food-item order counts



WITH exploded AS (
    SELECT
        order_id,
        amount,
        jsonb_array_elements(ordered_items) AS item
    FROM "foodingo_warehouse"."analytics"."fact_orders"
    WHERE payment_status = 'paid'
)

SELECT
    item->>'foodId'       AS food_id,
    item->>'name'         AS food_name,
    item->>'category'     AS category,
    COUNT(*)              AS order_count,
    SUM(
        (item->>'price')::DECIMAL * (item->>'quantity')::INT
    )                     AS total_revenue,
    AVG((item->>'price')::DECIMAL) AS avg_price
FROM exploded
WHERE item->>'foodId' IS NOT NULL
GROUP BY food_id, food_name, category
ORDER BY order_count DESC
  );
  
[0m06:57:36.016675 [debug] [Thread-1 (]: SQL status: BEGIN in 0.0 seconds
[0m06:57:36.017149 [debug] [Thread-1 (]: Using postgres connection "model.foodingo.ml_user_order_matrix"
[0m06:57:36.017372 [debug] [Thread-1 (]: On model.foodingo.ml_user_order_matrix: /* {"app": "dbt", "dbt_version": "1.7.9", "profile_name": "foodingo", "target_name": "dev", "node_id": "model.foodingo.ml_user_order_matrix"} */

  
    

  create  table "foodingo_warehouse"."analytics"."ml_user_order_matrix__dbt_tmp"
  
  
    as
  
  (
    -- models/marts/ml_user_order_matrix.sql
-- User × Food order count matrix — input for collaborative filtering recommender



WITH exploded AS (
    SELECT
        user_id,
        jsonb_array_elements(ordered_items)->>'foodId' AS food_id
    FROM "foodingo_warehouse"."analytics"."fact_orders"
    WHERE payment_status = 'paid'
      AND user_id IS NOT NULL
)

SELECT
    user_id,
    food_id,
    COUNT(*)   AS order_count
FROM exploded
WHERE food_id IS NOT NULL
GROUP BY user_id, food_id
  );
  
[0m06:57:36.021801 [debug] [Thread-2 (]: SQL status: SELECT 0 in 0.0 seconds
[0m06:57:36.023271 [debug] [Thread-1 (]: SQL status: SELECT 0 in 0.0 seconds
[0m06:57:36.026410 [debug] [Thread-2 (]: Using postgres connection "model.foodingo.food_popularity"
[0m06:57:36.081744 [debug] [Thread-2 (]: On model.foodingo.food_popularity: /* {"app": "dbt", "dbt_version": "1.7.9", "profile_name": "foodingo", "target_name": "dev", "node_id": "model.foodingo.food_popularity"} */
alter table "foodingo_warehouse"."analytics"."food_popularity" rename to "food_popularity__dbt_backup"
[0m06:57:36.081377 [debug] [Thread-1 (]: Using postgres connection "model.foodingo.ml_user_order_matrix"
[0m06:57:36.082191 [debug] [Thread-1 (]: On model.foodingo.ml_user_order_matrix: /* {"app": "dbt", "dbt_version": "1.7.9", "profile_name": "foodingo", "target_name": "dev", "node_id": "model.foodingo.ml_user_order_matrix"} */
alter table "foodingo_warehouse"."analytics"."ml_user_order_matrix" rename to "ml_user_order_matrix__dbt_backup"
[0m06:57:36.082415 [debug] [Thread-2 (]: SQL status: ALTER TABLE in 0.0 seconds
[0m06:57:36.084080 [debug] [Thread-2 (]: Using postgres connection "model.foodingo.food_popularity"
[0m06:57:36.084241 [debug] [Thread-1 (]: SQL status: ALTER TABLE in 0.0 seconds
[0m06:57:36.084711 [debug] [Thread-2 (]: On model.foodingo.food_popularity: /* {"app": "dbt", "dbt_version": "1.7.9", "profile_name": "foodingo", "target_name": "dev", "node_id": "model.foodingo.food_popularity"} */
alter table "foodingo_warehouse"."analytics"."food_popularity__dbt_tmp" rename to "food_popularity"
[0m06:57:36.086178 [debug] [Thread-1 (]: Using postgres connection "model.foodingo.ml_user_order_matrix"
[0m06:57:36.087032 [debug] [Thread-1 (]: On model.foodingo.ml_user_order_matrix: /* {"app": "dbt", "dbt_version": "1.7.9", "profile_name": "foodingo", "target_name": "dev", "node_id": "model.foodingo.ml_user_order_matrix"} */
alter table "foodingo_warehouse"."analytics"."ml_user_order_matrix__dbt_tmp" rename to "ml_user_order_matrix"
[0m06:57:36.087306 [debug] [Thread-2 (]: SQL status: ALTER TABLE in 0.0 seconds
[0m06:57:36.088716 [debug] [Thread-2 (]: On model.foodingo.food_popularity: COMMIT
[0m06:57:36.088889 [debug] [Thread-1 (]: SQL status: ALTER TABLE in 0.0 seconds
[0m06:57:36.089590 [debug] [Thread-2 (]: Using postgres connection "model.foodingo.food_popularity"
[0m06:57:36.090771 [debug] [Thread-1 (]: On model.foodingo.ml_user_order_matrix: COMMIT
[0m06:57:36.091227 [debug] [Thread-2 (]: On model.foodingo.food_popularity: COMMIT
[0m06:57:36.091652 [debug] [Thread-1 (]: Using postgres connection "model.foodingo.ml_user_order_matrix"
[0m06:57:36.092169 [debug] [Thread-1 (]: On model.foodingo.ml_user_order_matrix: COMMIT
[0m06:57:36.092501 [debug] [Thread-2 (]: SQL status: COMMIT in 0.0 seconds
[0m06:57:36.093792 [debug] [Thread-2 (]: Applying DROP to: "foodingo_warehouse"."analytics"."food_popularity__dbt_backup"
[0m06:57:36.093959 [debug] [Thread-1 (]: SQL status: COMMIT in 0.0 seconds
[0m06:57:36.095447 [debug] [Thread-2 (]: Using postgres connection "model.foodingo.food_popularity"
[0m06:57:36.096999 [debug] [Thread-1 (]: Applying DROP to: "foodingo_warehouse"."analytics"."ml_user_order_matrix__dbt_backup"
[0m06:57:36.097616 [debug] [Thread-2 (]: On model.foodingo.food_popularity: /* {"app": "dbt", "dbt_version": "1.7.9", "profile_name": "foodingo", "target_name": "dev", "node_id": "model.foodingo.food_popularity"} */
drop table if exists "foodingo_warehouse"."analytics"."food_popularity__dbt_backup" cascade
[0m06:57:36.098913 [debug] [Thread-1 (]: Using postgres connection "model.foodingo.ml_user_order_matrix"
[0m06:57:36.099737 [debug] [Thread-1 (]: On model.foodingo.ml_user_order_matrix: /* {"app": "dbt", "dbt_version": "1.7.9", "profile_name": "foodingo", "target_name": "dev", "node_id": "model.foodingo.ml_user_order_matrix"} */
drop table if exists "foodingo_warehouse"."analytics"."ml_user_order_matrix__dbt_backup" cascade
[0m06:57:36.101206 [debug] [Thread-2 (]: SQL status: DROP TABLE in 0.0 seconds
[0m06:57:36.102891 [debug] [Thread-2 (]: Timing info for model.foodingo.food_popularity (execute): 06:57:36.005603 => 06:57:36.102784
[0m06:57:36.103069 [debug] [Thread-1 (]: SQL status: DROP TABLE in 0.0 seconds
[0m06:57:36.103298 [debug] [Thread-2 (]: On model.foodingo.food_popularity: Close
[0m06:57:36.103950 [debug] [Thread-1 (]: Timing info for model.foodingo.ml_user_order_matrix (execute): 06:57:36.009166 => 06:57:36.103873
[0m06:57:36.104825 [debug] [Thread-1 (]: On model.foodingo.ml_user_order_matrix: Close
[0m06:57:36.104485 [debug] [Thread-2 (]: Sending event: {'category': 'dbt', 'action': 'run_model', 'label': '736f1ada-7c9c-4d59-a0f9-28ebf8f4a840', 'context': [<snowplow_tracker.self_describing_json.SelfDescribingJson object at 0xffff89fc8450>]}
[0m06:57:36.105347 [debug] [Thread-1 (]: Sending event: {'category': 'dbt', 'action': 'run_model', 'label': '736f1ada-7c9c-4d59-a0f9-28ebf8f4a840', 'context': [<snowplow_tracker.self_describing_json.SelfDescribingJson object at 0xffff8ac8af50>]}
[0m06:57:36.105764 [info ] [Thread-2 (]: 3 of 5 OK created sql table model analytics.food_popularity .................... [[32mSELECT 0[0m in 0.11s]
[0m06:57:36.106992 [debug] [Thread-2 (]: Finished running node model.foodingo.food_popularity
[0m06:57:36.106381 [info ] [Thread-1 (]: 4 of 5 OK created sql table model analytics.ml_user_order_matrix ............... [[32mSELECT 0[0m in 0.10s]
[0m06:57:36.107301 [debug] [Thread-2 (]: Began running node model.foodingo.user_funnel
[0m06:57:36.108010 [info ] [Thread-2 (]: 5 of 5 START sql table model analytics.user_funnel ............................. [RUN]
[0m06:57:36.107636 [debug] [Thread-1 (]: Finished running node model.foodingo.ml_user_order_matrix
[0m06:57:36.109037 [debug] [Thread-2 (]: Re-using an available connection from the pool (formerly model.foodingo.food_popularity, now model.foodingo.user_funnel)
[0m06:57:36.109681 [debug] [Thread-2 (]: Began compiling node model.foodingo.user_funnel
[0m06:57:36.111785 [debug] [Thread-2 (]: Writing injected SQL for node "model.foodingo.user_funnel"
[0m06:57:36.112519 [debug] [Thread-2 (]: Timing info for model.foodingo.user_funnel (compile): 06:57:36.109907 => 06:57:36.112402
[0m06:57:36.112940 [debug] [Thread-2 (]: Began executing node model.foodingo.user_funnel
[0m06:57:36.115544 [debug] [Thread-2 (]: Writing runtime sql for node "model.foodingo.user_funnel"
[0m06:57:36.116864 [debug] [Thread-2 (]: Using postgres connection "model.foodingo.user_funnel"
[0m06:57:36.117484 [debug] [Thread-2 (]: On model.foodingo.user_funnel: BEGIN
[0m06:57:36.117918 [debug] [Thread-2 (]: Opening a new connection, currently in state closed
[0m06:57:36.121181 [debug] [Thread-2 (]: SQL status: BEGIN in 0.0 seconds
[0m06:57:36.121732 [debug] [Thread-2 (]: Using postgres connection "model.foodingo.user_funnel"
[0m06:57:36.122234 [debug] [Thread-2 (]: On model.foodingo.user_funnel: /* {"app": "dbt", "dbt_version": "1.7.9", "profile_name": "foodingo", "target_name": "dev", "node_id": "model.foodingo.user_funnel"} */

  
    

  create  table "foodingo_warehouse"."analytics"."user_funnel__dbt_tmp"
  
  
    as
  
  (
    -- models/marts/user_funnel.sql
-- Daily funnel: registered → logged in → added to cart → placed order



WITH daily_registrations AS (
    SELECT DATE(event_timestamp) AS d, COUNT(DISTINCT user_id) AS registered_users
    FROM "foodingo_warehouse"."analytics"."stg_users"
    WHERE event_type = 'user.registered'
    GROUP BY 1
),

daily_logins AS (
    SELECT DATE(event_timestamp) AS d, COUNT(DISTINCT user_id) AS logged_in_users
    FROM "foodingo_warehouse"."analytics"."stg_users"
    WHERE event_type = 'user.login'
    GROUP BY 1
),

daily_cart AS (
    SELECT event_date AS d, COUNT(DISTINCT user_id) AS cart_added_users
    FROM "foodingo_warehouse"."analytics"."fact_cart_events"
    WHERE event_type = 'cart.item_added'
    GROUP BY 1
),

daily_orders AS (
    SELECT order_date AS d, COUNT(DISTINCT user_id) AS ordered_users
    FROM "foodingo_warehouse"."analytics"."fact_orders"
    WHERE payment_status = 'paid'
    GROUP BY 1
)

SELECT
    r.d                         AS funnel_date,
    r.registered_users,
    COALESCE(l.logged_in_users, 0) AS logged_in_users,
    COALESCE(c.cart_added_users, 0) AS cart_added_users,
    COALESCE(o.ordered_users, 0)    AS ordered_users,
    CASE
        WHEN r.registered_users = 0 THEN 0
        ELSE ROUND(
            100.0 * COALESCE(o.ordered_users, 0) / r.registered_users, 2
        )
    END                         AS reg_to_order_rate
FROM daily_registrations r
LEFT JOIN daily_logins l  ON r.d = l.d
LEFT JOIN daily_cart c    ON r.d = c.d
LEFT JOIN daily_orders o  ON r.d = o.d
ORDER BY funnel_date DESC
  );
  
[0m06:57:36.128538 [debug] [Thread-2 (]: SQL status: SELECT 1 in 0.0 seconds
[0m06:57:36.131998 [debug] [Thread-2 (]: Using postgres connection "model.foodingo.user_funnel"
[0m06:57:36.132544 [debug] [Thread-2 (]: On model.foodingo.user_funnel: /* {"app": "dbt", "dbt_version": "1.7.9", "profile_name": "foodingo", "target_name": "dev", "node_id": "model.foodingo.user_funnel"} */
alter table "foodingo_warehouse"."analytics"."user_funnel" rename to "user_funnel__dbt_backup"
[0m06:57:36.133562 [debug] [Thread-2 (]: SQL status: ALTER TABLE in 0.0 seconds
[0m06:57:36.136211 [debug] [Thread-2 (]: Using postgres connection "model.foodingo.user_funnel"
[0m06:57:36.136639 [debug] [Thread-2 (]: On model.foodingo.user_funnel: /* {"app": "dbt", "dbt_version": "1.7.9", "profile_name": "foodingo", "target_name": "dev", "node_id": "model.foodingo.user_funnel"} */
alter table "foodingo_warehouse"."analytics"."user_funnel__dbt_tmp" rename to "user_funnel"
[0m06:57:36.137665 [debug] [Thread-2 (]: SQL status: ALTER TABLE in 0.0 seconds
[0m06:57:36.139750 [debug] [Thread-2 (]: On model.foodingo.user_funnel: COMMIT
[0m06:57:36.140062 [debug] [Thread-2 (]: Using postgres connection "model.foodingo.user_funnel"
[0m06:57:36.140247 [debug] [Thread-2 (]: On model.foodingo.user_funnel: COMMIT
[0m06:57:36.142317 [debug] [Thread-2 (]: SQL status: COMMIT in 0.0 seconds
[0m06:57:36.145065 [debug] [Thread-2 (]: Applying DROP to: "foodingo_warehouse"."analytics"."user_funnel__dbt_backup"
[0m06:57:36.146003 [debug] [Thread-2 (]: Using postgres connection "model.foodingo.user_funnel"
[0m06:57:36.146640 [debug] [Thread-2 (]: On model.foodingo.user_funnel: /* {"app": "dbt", "dbt_version": "1.7.9", "profile_name": "foodingo", "target_name": "dev", "node_id": "model.foodingo.user_funnel"} */
drop table if exists "foodingo_warehouse"."analytics"."user_funnel__dbt_backup" cascade
[0m06:57:36.148818 [debug] [Thread-2 (]: SQL status: DROP TABLE in 0.0 seconds
[0m06:57:36.150202 [debug] [Thread-2 (]: Timing info for model.foodingo.user_funnel (execute): 06:57:36.113181 => 06:57:36.150094
[0m06:57:36.151017 [debug] [Thread-2 (]: On model.foodingo.user_funnel: Close
[0m06:57:36.152803 [debug] [Thread-2 (]: Sending event: {'category': 'dbt', 'action': 'run_model', 'label': '736f1ada-7c9c-4d59-a0f9-28ebf8f4a840', 'context': [<snowplow_tracker.self_describing_json.SelfDescribingJson object at 0xffff89dff710>]}
[0m06:57:36.153244 [info ] [Thread-2 (]: 5 of 5 OK created sql table model analytics.user_funnel ........................ [[32mSELECT 1[0m in 0.04s]
[0m06:57:36.153716 [debug] [Thread-2 (]: Finished running node model.foodingo.user_funnel
[0m06:57:36.158424 [debug] [MainThread]: Using postgres connection "master"
[0m06:57:36.158864 [debug] [MainThread]: On master: BEGIN
[0m06:57:36.159088 [debug] [MainThread]: Opening a new connection, currently in state closed
[0m06:57:36.162580 [debug] [MainThread]: SQL status: BEGIN in 0.0 seconds
[0m06:57:36.163211 [debug] [MainThread]: On master: COMMIT
[0m06:57:36.163504 [debug] [MainThread]: Using postgres connection "master"
[0m06:57:36.163816 [debug] [MainThread]: On master: COMMIT
[0m06:57:36.164257 [debug] [MainThread]: SQL status: COMMIT in 0.0 seconds
[0m06:57:36.164813 [debug] [MainThread]: On master: Close
[0m06:57:36.165782 [debug] [MainThread]: Connection 'master' was properly closed.
[0m06:57:36.166881 [debug] [MainThread]: Connection 'model.foodingo.ml_user_order_matrix' was properly closed.
[0m06:57:36.168103 [debug] [MainThread]: Connection 'model.foodingo.user_funnel' was properly closed.
[0m06:57:36.168752 [info ] [MainThread]: 
[0m06:57:36.169196 [info ] [MainThread]: Finished running 5 table models in 0 hours 0 minutes and 0.36 seconds (0.36s).
[0m06:57:36.170212 [debug] [MainThread]: Command end result
[0m06:57:36.179519 [info ] [MainThread]: 
[0m06:57:36.179910 [info ] [MainThread]: [32mCompleted successfully[0m
[0m06:57:36.180141 [info ] [MainThread]: 
[0m06:57:36.180405 [info ] [MainThread]: Done. PASS=5 WARN=0 ERROR=0 SKIP=0 TOTAL=5
[0m06:57:36.181160 [debug] [MainThread]: Resource report: {"command_name": "run", "command_success": true, "command_wall_clock_time": 0.6004651, "process_user_time": 1.942629, "process_kernel_time": 0.133043, "process_mem_max_rss": "155452", "process_out_blocks": "1700", "process_in_blocks": "0"}
[0m06:57:36.181505 [debug] [MainThread]: Command `dbt run` succeeded at 06:57:36.181438 after 0.60 seconds
[0m06:57:36.182009 [debug] [MainThread]: Sending event: {'category': 'dbt', 'action': 'invocation', 'label': 'end', 'context': [<snowplow_tracker.self_describing_json.SelfDescribingJson object at 0xffff8fadc2d0>, <snowplow_tracker.self_describing_json.SelfDescribingJson object at 0xffff8f8f3590>, <snowplow_tracker.self_describing_json.SelfDescribingJson object at 0xffff8f8f3510>]}
[0m06:57:36.182275 [debug] [MainThread]: Flushing usage events
[0m06:57:39.913844 [debug] [MainThread]: Sending event: {'category': 'dbt', 'action': 'invocation', 'label': 'start', 'context': [<snowplow_tracker.self_describing_json.SelfDescribingJson object at 0xffffa9486890>, <snowplow_tracker.self_describing_json.SelfDescribingJson object at 0xffffa98e83d0>, <snowplow_tracker.self_describing_json.SelfDescribingJson object at 0xffffa9487bd0>]}


============================== 06:57:39.917038 | 4705fa23-f551-48c7-97fe-495e7c9cf452 ==============================
[0m06:57:39.917038 [info ] [MainThread]: Running with dbt=1.7.9
[0m06:57:39.917607 [debug] [MainThread]: running dbt with arguments {'printer_width': '80', 'indirect_selection': 'eager', 'write_json': 'True', 'log_cache_events': 'False', 'partial_parse': 'True', 'cache_selected_only': 'False', 'profiles_dir': '/opt/airflow/dbt', 'debug': 'False', 'fail_fast': 'False', 'log_path': '/opt/airflow/dbt/logs', 'version_check': 'True', 'warn_error': 'None', 'use_colors': 'True', 'use_experimental_parser': 'False', 'no_print': 'None', 'quiet': 'False', 'warn_error_options': 'WarnErrorOptions(include=[], exclude=[])', 'introspect': 'True', 'invocation_command': 'dbt test --profiles-dir /opt/airflow/dbt --project-dir /opt/airflow/dbt', 'log_format': 'default', 'target_path': 'None', 'static_parser': 'True', 'send_anonymous_usage_stats': 'True'}
[0m06:57:39.992112 [debug] [MainThread]: Sending event: {'category': 'dbt', 'action': 'project_id', 'label': '4705fa23-f551-48c7-97fe-495e7c9cf452', 'context': [<snowplow_tracker.self_describing_json.SelfDescribingJson object at 0xffffa97b6510>]}
[0m06:57:40.031994 [debug] [MainThread]: Sending event: {'category': 'dbt', 'action': 'adapter_info', 'label': '4705fa23-f551-48c7-97fe-495e7c9cf452', 'context': [<snowplow_tracker.self_describing_json.SelfDescribingJson object at 0xffffa9c0bb50>]}
[0m06:57:40.032594 [info ] [MainThread]: Registered adapter: postgres=1.7.9
[0m06:57:40.036782 [debug] [MainThread]: checksum: 6ff0d83c3b46f350064523b4e08d9241403ad71d606ba49c4e670afba3668b39, vars: {}, profile: , target: , version: 1.7.9
[0m06:57:40.052207 [debug] [MainThread]: Partial parsing enabled: 0 files deleted, 0 files added, 0 files changed.
[0m06:57:40.052722 [debug] [MainThread]: Partial parsing enabled, no changes found, skipping parsing
[0m06:57:40.056241 [debug] [MainThread]: Sending event: {'category': 'dbt', 'action': 'load_project', 'label': '4705fa23-f551-48c7-97fe-495e7c9cf452', 'context': [<snowplow_tracker.self_describing_json.SelfDescribingJson object at 0xffffa8616a50>]}
[0m06:57:40.064523 [debug] [MainThread]: Sending event: {'category': 'dbt', 'action': 'resource_counts', 'label': '4705fa23-f551-48c7-97fe-495e7c9cf452', 'context': [<snowplow_tracker.self_describing_json.SelfDescribingJson object at 0xffffa8614810>]}
[0m06:57:40.064823 [info ] [MainThread]: Found 10 models, 0 sources, 0 exposures, 0 metrics, 401 macros, 0 groups, 0 semantic models
[0m06:57:40.065063 [debug] [MainThread]: Sending event: {'category': 'dbt', 'action': 'runnable_timing', 'label': '4705fa23-f551-48c7-97fe-495e7c9cf452', 'context': [<snowplow_tracker.self_describing_json.SelfDescribingJson object at 0xffffa8885f50>]}
[0m06:57:40.065889 [info ] [MainThread]: 
[0m06:57:40.066132 [warn ] [MainThread]: Nothing to do. Try checking your model configs and model specification args
[0m06:57:40.066395 [debug] [MainThread]: Command end result
[0m06:57:40.070712 [debug] [MainThread]: Resource report: {"command_name": "test", "command_success": true, "command_wall_clock_time": 0.17698237, "process_user_time": 1.168997, "process_kernel_time": 0.062052, "process_mem_max_rss": "155452", "process_out_blocks": "1593", "process_in_blocks": "0"}
[0m06:57:40.070983 [debug] [MainThread]: Command `dbt test` succeeded at 06:57:40.070924 after 0.18 seconds
[0m06:57:40.071192 [debug] [MainThread]: Sending event: {'category': 'dbt', 'action': 'invocation', 'label': 'end', 'context': [<snowplow_tracker.self_describing_json.SelfDescribingJson object at 0xffffa94ee9d0>, <snowplow_tracker.self_describing_json.SelfDescribingJson object at 0xffffa94eee50>, <snowplow_tracker.self_describing_json.SelfDescribingJson object at 0xffffae243650>]}
[0m06:57:40.071380 [debug] [MainThread]: Flushing usage events
